parameter,tested_value,tau,w,t_max,reference,target,divergence,depth,replicate,n_reads,last_iteration,hit_iteration_cap,theta_len,identity_pct,recall,precision,f1,c_theta,w_theta,u_t
t_max,1,0.5,0.1,1,Gorilla_gorilla,Homo_sapiens,same-family,1,0,111,1,1,16372,89.32277924362357,0.9570899038763586,0.9589575727055268,0.9580228280350911,15234,652,683
t_max,1,0.5,0.1,1,Gorilla_gorilla,Homo_sapiens,same-family,1,1,111,1,1,16365,89.28445747800586,0.9569399044505909,0.9583857970284563,0.9576623049823856,15223,661,685
t_max,1,0.5,0.1,1,Gorilla_gorilla,Homo_sapiens,same-family,1,2,111,1,1,16362,89.65395894428153,0.956930011268311,0.9625338454757257,0.9597237482341862,15286,595,688
t_max,1,0.5,0.1,1,Gorilla_gorilla,Homo_sapiens,same-family,2,0,221,1,1,16375,91.55722326454034,0.9582131680677425,0.9828801611278952,0.9703899331986949,15616,272,681
t_max,1,0.5,0.1,1,Gorilla_gorilla,Homo_sapiens,same-family,2,1,221,1,1,16373,91.68474755175042,0.9583205638982532,0.9840140978035119,0.9709973916283692,15635,254,680
t_max,1,0.5,0.1,1,Gorilla_gorilla,Homo_sapiens,same-family,2,2,221,1,1,16369,91.20234604105572,0.9580432505698971,0.9787260825780463,0.9682742302064199,15550,338,681
t_max,1,0.5,0.1,1,Gorilla_gorilla,Homo_sapiens,same-family,4,0,442,1,1,16376,92.80562884784521,0.9588659356636579,0.9960981749528005,0.9771275118066488,15828,62,679
t_max,1,0.5,0.1,1,Gorilla_gorilla,Homo_sapiens,same-family,4,1,442,1,1,16371,92.78761580860795,0.9586236142242684,0.9960971924965378,0.9770012039638193,15824,62,683
t_max,1,0.5,0.1,1,Gorilla_gorilla,Homo_sapiens,same-family,4,2,442,1,1,16375,92.57652163715258,0.9587660168822494,0.9935808684707363,0.9758630280928393,15788,102,679
t_max,1,0.5,0.1,1,Gorilla_gorilla,Homo_sapiens,same-family,8,0,884,1,1,16370,93.06280419867473,0.9587385972331299,0.9989928238700743,0.9784518634976417,15870,16,683
t_max,1,0.5,0.1,1,Gorilla_gorilla,Homo_sapiens,same-family,8,1,884,1,1,16375,93.12184824674563,0.9589975845410628,0.9994336060415355,0.9787981510015409,15881,9,679
t_max,1,0.5,0.1,1,Gorilla_gorilla,Homo_sapiens,same-family,8,2,884,1,1,16374,93.11012079277589,0.9589347182800894,0.9993706337717918,0.9787352071005918,15879,10,680
t_max,1,0.5,0.1,1,Saimiri_boliviensis,Saimiri_sciureus,same-genus,1,0,110,1,1,16471,99.92109256449166,0.9997570751852302,0.9995142683667274,0.9996356570318193,16462,8,4
t_max,1,0.5,0.1,1,Saimiri_boliviensis,Saimiri_sciureus,same-genus,1,1,110,1,1,16473,99.9453717754173,0.9998785523439397,0.9996357455075279,0.9997571341833636,16466,6,2
t_max,1,0.5,0.1,1,Saimiri_boliviensis,Saimiri_sciureus,same-genus,1,2,110,1,1,16472,99.92716236722306,0.9998178063889226,0.9995142978568393,0.9996660290858306,16463,8,3
t_max,1,0.5,0.1,1,Saimiri_boliviensis,Saimiri_sciureus,same-genus,2,0,220,1,1,16473,99.96965098634294,0.9998785818358427,0.9998785818358427,0.9998785818358427,16470,2,2
t_max,1,0.5,0.1,1,Saimiri_boliviensis,Saimiri_sciureus,same-genus,2,1,220,1,1,16471,99.9575088017482,0.9998178506375228,0.9997571489284196,0.999787498861601,16467,4,3
t_max,1,0.5,0.1,1,Saimiri_boliviensis,Saimiri_sciureus,same-genus,2,2,220,1,1,16473,99.96357897292704,0.9999392798591292,0.9996964730164511,0.9998178616963148,16468,5,1
t_max,1,0.5,0.1,1,Saimiri_boliviensis,Saimiri_sciureus,same-genus,4,0,440,1,1,16474,100.0,1.0,1.0,1.0,16474,0,0
t_max,1,0.5,0.1,1,Saimiri_boliviensis,Saimiri_sciureus,same-genus,4,1,440,1,1,16474,100.0,1.0,1.0,1.0,16474,0,0
t_max,1,0.5,0.1,1,Saimiri_boliviensis,Saimiri_sciureus,same-genus,4,2,440,1,1,16474,100.0,1.0,1.0,1.0,16474,0,0
t_max,1,0.5,0.1,1,Saimiri_boliviensis,Saimiri_sciureus,same-genus,8,0,879,1,1,16474,100.0,1.0,1.0,1.0,16474,0,0
t_max,1,0.5,0.1,1,Saimiri_boliviensis,Saimiri_sciureus,same-genus,8,1,879,1,1,16474,100.0,1.0,1.0,1.0,16474,0,0
t_max,1,0.5,0.1,1,Saimiri_boliviensis,Saimiri_sciureus,same-genus,8,2,879,1,1,16474,100.0,1.0,1.0,1.0,16474,0,0
t_max,1,0.5,0.1,1,Varecia_variegata,Homo_sapiens,same-order,1,0,111,1,1,16951,69.80876628871214,0.940993080374116,0.7835750015829798,0.8550995024875621,12375,3418,776
t_max,1,0.5,0.1,1,Varecia_variegata,Homo_sapiens,same-order,1,1,111,1,1,16955,69.85791610284168,0.9407030597524865,0.7847732455029136,0.8556925308194344,12390,3398,781
t_max,1,0.5,0.1,1,Varecia_variegata,Homo_sapiens,same-order,1,2,111,1,1,16953,69.27109758159986,0.9398806792106471,0.7785592092758031,0.8516477804345567,12288,3495,786
t_max,1,0.5,0.1,1,Varecia_variegata,Homo_sapiens,same-order,2,0,221,1,1,16945,70.88929014783885,0.9417541229385308,0.7955293819655522,0.8624879857201703,12563,3229,777
t_max,1,0.5,0.1,1,Varecia_variegata,Homo_sapiens,same-order,2,1,221,1,1,16956,70.12913776574747,0.941194278362219,0.7874873353596757,0.8575073263230477,12436,3356,777
t_max,1,0.5,0.1,1,Varecia_variegata,Homo_sapiens,same-order,2,2,221,1,1,16933,71.02677058624195,0.9420930406772042,0.796150924284629,0.8629953679876479,12576,3220,773
t_max,1,0.5,0.1,1,Varecia_variegata,Homo_sapiens,same-order,4,0,442,1,1,16933,72.50240018071949,0.9431384072876874,0.8127888572333016,0.8731254463223043,12838,2957,774
t_max,1,0.5,0.1,1,Varecia_variegata,Homo_sapiens,same-order,4,1,442,1,1,16930,72.8058773664877,0.9439478311840562,0.8151733738294102,0.8748472090180631,12883,2921,765
t_max,1,0.5,0.1,1,Varecia_variegata,Homo_sapiens,same-order,4,2,442,1,1,16929,72.28718296333955,0.9429666199985263,0.810193099081988,0.8715521351222503,12797,2998,774
t_max,1,0.5,0.1,1,Varecia_variegata,Homo_sapiens,same-order,8,0,884,1,1,16929,73.07344632768361,0.9437431594308646,0.8187112292695278,0.8767921906246823,12934,2864,771
t_max,1,0.5,0.1,1,Varecia_variegata,Homo_sapiens,same-order,8,1,884,1,1,16927,73.38946654611212,0.9440971212561792,0.8219620253164557,0.8788063337393424,12987,2813,769
t_max,1,0.5,0.1,1,Varecia_variegata,Homo_sapiens,same-order,8,2,884,1,1,16927,73.49452039317592,0.9437794704388829,0.8237305305812334,0.879678150038879,13010,2784,775
t_max,3,0.5,0.1,3,Gorilla_gorilla,Homo_sapiens,same-family,1,0,111,3,1,16372,89.51627088830256,0.95717868338558,0.9610348734734987,0.9591029023746703,15267,619,683
t_max,3,0.5,0.1,3,Gorilla_gorilla,Homo_sapiens,same-family,1,1,111,2,0,16365,89.28445747800586,0.9569399044505909,0.9583857970284563,0.9576623049823856,15223,661,685
t_max,3,0.5,0.1,3,Gorilla_gorilla,Homo_sapiens,same-family,1,2,111,3,1,16362,89.92961876832844,0.9570563635228763,0.9654933568415087,0.9612563475644159,15333,548,688
t_max,3,0.5,0.1,3,Gorilla_gorilla,Homo_sapiens,same-family,2,0,221,3,1,16372,91.63832531957313,0.958185162477008,0.9836973626235287,0.9707736745659534,15628,259,682
t_max,3,0.5,0.1,3,Gorilla_gorilla,Homo_sapiens,same-family,2,1,221,3,1,16372,91.82500586441473,0.9583792385848942,0.9854616401283907,0.971731777701927,15658,231,680
t_max,3,0.5,0.1,3,Gorilla_gorilla,Homo_sapiens,same-family,2,2,221,3,1,16368,91.37243401759531,0.9580591599532624,0.9806130798766287,0.9692049272116462,15579,308,682
t_max,3,0.5,0.1,3,Gorilla_gorilla,Homo_sapiens,same-family,4,0,442,3,1,16383,92.84416573873293,0.958842755114393,0.9970419787274215,0.9775693437413224,15842,47,680
t_max,3,0.5,0.1,3,Gorilla_gorilla,Homo_sapiens,same-family,4,1,442,3,1,16370,92.8516976485076,0.958648665011806,0.9967266775777414,0.9773169151004536,15834,52,683
t_max,3,0.5,0.1,3,Gorilla_gorilla,Homo_sapiens,same-family,4,2,442,3,1,16383,92.65662544687335,0.9587628865979382,0.9950280067971553,0.9765588807560456,15810,79,680
t_max,3,0.5,0.1,3,Gorilla_gorilla,Homo_sapiens,same-family,8,0,884,3,1,16382,93.11921228460908,0.9589570255915016,0.9999370633771791,0.979018393566873,15888,1,680
t_max,3,0.5,0.1,3,Gorilla_gorilla,Homo_sapiens,same-family,8,1,884,3,1,16374,93.16289433563973,0.9589570255915016,0.9999370633771791,0.979018393566873,15888,1,680
t_max,3,0.5,0.1,3,Gorilla_gorilla,Homo_sapiens,same-family,8,2,884,3,1,16382,93.11921228460908,0.9589570255915016,0.9999370633771791,0.979018393566873,15888,1,680
t_max,3,0.5,0.1,3,Saimiri_boliviensis,Saimiri_sciureus,same-genus,1,0,110,2,0,16471,99.92109256449166,0.9997570751852302,0.9995142683667274,0.9996356570318193,16462,8,4
t_max,3,0.5,0.1,3,Saimiri_boliviensis,Saimiri_sciureus,same-genus,1,1,110,2,0,16473,99.9453717754173,0.9998785523439397,0.9996357455075279,0.9997571341833636,16466,6,2
t_max,3,0.5,0.1,3,Saimiri_boliviensis,Saimiri_sciureus,same-genus,1,2,110,2,0,16472,99.92716236722306,0.9998178063889226,0.9995142978568393,0.9996660290858306,16463,8,3
t_max,3,0.5,0.1,3,Saimiri_boliviensis,Saimiri_sciureus,same-genus,2,0,220,2,0,16473,99.96965098634294,0.9998785818358427,0.9998785818358427,0.9998785818358427,16470,2,2
t_max,3,0.5,0.1,3,Saimiri_boliviensis,Saimiri_sciureus,same-genus,2,1,220,2,0,16471,99.9575088017482,0.9998178506375228,0.9997571489284196,0.999787498861601,16467,4,3
t_max,3,0.5,0.1,3,Saimiri_boliviensis,Saimiri_sciureus,same-genus,2,2,220,2,0,16473,99.96357897292704,0.9999392798591292,0.9996964730164511,0.9998178616963148,16468,5,1
t_max,3,0.5,0.1,3,Saimiri_boliviensis,Saimiri_sciureus,same-genus,4,0,440,2,0,16474,100.0,1.0,1.0,1.0,16474,0,0
t_max,3,0.5,0.1,3,Saimiri_boliviensis,Saimiri_sciureus,same-genus,4,1,440,2,0,16474,100.0,1.0,1.0,1.0,16474,0,0
t_max,3,0.5,0.1,3,Saimiri_boliviensis,Saimiri_sciureus,same-genus,4,2,440,2,0,16474,100.0,1.0,1.0,1.0,16474,0,0
t_max,3,0.5,0.1,3,Saimiri_boliviensis,Saimiri_sciureus,same-genus,8,0,879,2,0,16474,100.0,1.0,1.0,1.0,16474,0,0
t_max,3,0.5,0.1,3,Saimiri_boliviensis,Saimiri_sciureus,same-genus,8,1,879,2,0,16474,100.0,1.0,1.0,1.0,16474,0,0
t_max,3,0.5,0.1,3,Saimiri_boliviensis,Saimiri_sciureus,same-genus,8,2,879,2,0,16474,100.0,1.0,1.0,1.0,16474,0,0
t_max,3,0.5,0.1,3,Varecia_variegata,Homo_sapiens,same-order,1,0,111,3,1,16952,70.45185310543239,0.9415711700844391,0.7907433202481955,0.859591162502581,12489,3305,775
t_max,3,0.5,0.1,3,Varecia_variegata,Homo_sapiens,same-order,1,1,111,3,1,16958,71.60180485053581,0.9426746862701418,0.8036336013167057,0.8676189174412247,12695,3102,772
t_max,3,0.5,0.1,3,Varecia_variegata,Homo_sapiens,same-order,1,2,111,3,1,16954,69.83482721686678,0.9404084111440066,0.7848454130765332,0.8556134958731914,12388,3396,785
t_max,3,0.5,0.1,3,Varecia_variegata,Homo_sapiens,same-order,2,0,221,3,1,16938,73.81302283517974,0.9454137406790705,0.825735061650332,0.8815309842041312,13059,2756,754
t_max,3,0.5,0.1,3,Varecia_variegata,Homo_sapiens,same-order,2,1,221,3,1,16951,71.56558533145275,0.9424920127795527,0.803102247546692,0.8672318315444043,12685,3110,774
t_max,3,0.5,0.1,3,Varecia_variegata,Homo_sapiens,same-order,2,2,221,3,1,16932,74.46832579185521,0.9462411959177807,0.8321850704759497,0.8855557423911217,13166,2655,748
t_max,3,0.5,0.1,3,Varecia_variegata,Homo_sapiens,same-order,4,0,442,3,1,16927,78.58153619743024,0.9493947890309786,0.8770610904036894,0.9117956127676343,13883,1946,740
t_max,3,0.5,0.1,3,Varecia_variegata,Homo_sapiens,same-order,4,1,442,3,1,16910,77.85770930100827,0.9486507005314376,0.8685624012638231,0.9068417232961667,13745,2080,744
t_max,3,0.5,0.1,3,Varecia_variegata,Homo_sapiens,same-order,4,2,442,3,1,16928,77.95199818861089,0.9491350196429802,0.8698755606089319,0.9077785102175346,13771,2060,738
t_max,3,0.5,0.1,3,Varecia_variegata,Homo_sapiens,same-order,8,0,884,3,1,16927,80.37748682196906,0.951936631536551,0.894531003595534,0.9223414634146342,14181,1672,716
t_max,3,0.5,0.1,3,Varecia_variegata,Homo_sapiens,same-order,8,1,884,3,1,16920,80.82393607978693,0.9515010006671114,0.9003282413836636,0.9252075765438507,14263,1579,727
t_max,3,0.5,0.1,3,Varecia_variegata,Homo_sapiens,same-order,8,2,884,3,1,16923,80.8274298668178,0.951815269620929,0.8999810689720452,0.9251727157730855,14262,1585,722
t_max,10,0.5,0.1,10,Gorilla_gorilla,Homo_sapiens,same-family,1,0,111,3,0,16372,89.51627088830256,0.95717868338558,0.9610348734734987,0.9591029023746703,15267,619,683
t_max,10,0.5,0.1,10,Gorilla_gorilla,Homo_sapiens,same-family,1,1,111,2,0,16365,89.28445747800586,0.9569399044505909,0.9583857970284563,0.9576623049823856,15223,661,685
t_max,10,0.5,0.1,10,Gorilla_gorilla,Homo_sapiens,same-family,1,2,111,4,0,16362,89.92961876832844,0.9570563635228763,0.9654933568415087,0.9612563475644159,15333,548,688
t_max,10,0.5,0.1,10,Gorilla_gorilla,Homo_sapiens,same-family,2,0,221,4,0,16372,91.63832531957313,0.958185162477008,0.9836973626235287,0.9707736745659534,15628,259,682
t_max,10,0.5,0.1,10,Gorilla_gorilla,Homo_sapiens,same-family,2,1,221,3,0,16372,91.82500586441473,0.9583792385848942,0.9854616401283907,0.971731777701927,15658,231,680
t_max,10,0.5,0.1,10,Gorilla_gorilla,Homo_sapiens,same-family,2,2,221,3,0,16368,91.37243401759531,0.9580591599532624,0.9806130798766287,0.9692049272116462,15579,308,682
t_max,10,0.5,0.1,10,Gorilla_gorilla,Homo_sapiens,same-family,4,0,442,5,0,16383,92.84416573873293,0.958842755114393,0.9970419787274215,0.9775693437413224,15842,47,680
t_max,10,0.5,0.1,10,Gorilla_gorilla,Homo_sapiens,same-family,4,1,442,3,0,16370,92.8516976485076,0.958648665011806,0.9967266775777414,0.9773169151004536,15834,52,683
t_max,10,0.5,0.1,10,Gorilla_gorilla,Homo_sapiens,same-family,4,2,442,5,0,16383,92.65662544687335,0.9587628865979382,0.9950280067971553,0.9765588807560456,15810,79,680
t_max,10,0.5,0.1,10,Gorilla_gorilla,Homo_sapiens,same-family,8,0,884,5,0,16382,93.11921228460908,0.9589570255915016,0.9999370633771791,0.979018393566873,15888,1,680
t_max,10,0.5,0.1,10,Gorilla_gorilla,Homo_sapiens,same-family,8,1,884,4,0,16374,93.16289433563973,0.9589570255915016,0.9999370633771791,0.979018393566873,15888,1,680
t_max,10,0.5,0.1,10,Gorilla_gorilla,Homo_sapiens,same-family,8,2,884,4,0,16382,93.11921228460908,0.9589570255915016,0.9999370633771791,0.979018393566873,15888,1,680
t_max,10,0.5,0.1,10,Saimiri_boliviensis,Saimiri_sciureus,same-genus,1,0,110,2,0,16471,99.92109256449166,0.9997570751852302,0.9995142683667274,0.9996356570318193,16462,8,4
t_max,10,0.5,0.1,10,Saimiri_boliviensis,Saimiri_sciureus,same-genus,1,1,110,2,0,16473,99.9453717754173,0.9998785523439397,0.9996357455075279,0.9997571341833636,16466,6,2
t_max,10,0.5,0.1,10,Saimiri_boliviensis,Saimiri_sciureus,same-genus,1,2,110,2,0,16472,99.92716236722306,0.9998178063889226,0.9995142978568393,0.9996660290858306,16463,8,3
t_max,10,0.5,0.1,10,Saimiri_boliviensis,Saimiri_sciureus,same-genus,2,0,220,2,0,16473,99.96965098634294,0.9998785818358427,0.9998785818358427,0.9998785818358427,16470,2,2
t_max,10,0.5,0.1,10,Saimiri_boliviensis,Saimiri_sciureus,same-genus,2,1,220,2,0,16471,99.9575088017482,0.9998178506375228,0.9997571489284196,0.999787498861601,16467,4,3
t_max,10,0.5,0.1,10,Saimiri_boliviensis,Saimiri_sciureus,same-genus,2,2,220,2,0,16473,99.96357897292704,0.9999392798591292,0.9996964730164511,0.9998178616963148,16468,5,1
t_max,10,0.5,0.1,10,Saimiri_boliviensis,Saimiri_sciureus,same-genus,4,0,440,2,0,16474,100.0,1.0,1.0,1.0,16474,0,0
t_max,10,0.5,0.1,10,Saimiri_boliviensis,Saimiri_sciureus,same-genus,4,1,440,2,0,16474,100.0,1.0,1.0,1.0,16474,0,0
t_max,10,0.5,0.1,10,Saimiri_boliviensis,Saimiri_sciureus,same-genus,4,2,440,2,0,16474,100.0,1.0,1.0,1.0,16474,0,0
t_max,10,0.5,0.1,10,Saimiri_boliviensis,Saimiri_sciureus,same-genus,8,0,879,2,0,16474,100.0,1.0,1.0,1.0,16474,0,0
t_max,10,0.5,0.1,10,Saimiri_boliviensis,Saimiri_sciureus,same-genus,8,1,879,2,0,16474,100.0,1.0,1.0,1.0,16474,0,0
t_max,10,0.5,0.1,10,Saimiri_boliviensis,Saimiri_sciureus,same-genus,8,2,879,2,0,16474,100.0,1.0,1.0,1.0,16474,0,0
t_max,10,0.5,0.1,10,Varecia_variegata,Homo_sapiens,same-order,1,0,111,6,0,16952,70.62672759068089,0.9417074088003009,0.7927060909206027,0.8608064904259342,12520,3274,775
t_max,10,0.5,0.1,10,Varecia_variegata,Homo_sapiens,same-order,1,1,111,5,0,16958,71.69768753525099,0.9427469593592406,0.8047097550167753,0.8682763566818074,12712,3085,772
t_max,10,0.5,0.1,10,Varecia_variegata,Homo_sapiens,same-order,1,2,111,4,0,16954,69.83482721686678,0.9404084111440066,0.7848454130765332,0.8556134958731914,12388,3396,785
t_max,10,0.5,0.1,10,Varecia_variegata,Homo_sapiens,same-order,2,0,221,7,0,16937,74.4488411531939,0.9459168282697694,0.832701062215478,0.8857056390598205,13170,2646,753
t_max,10,0.5,0.1,10,Varecia_variegata,Homo_sapiens,same-order,2,1,221,5,0,16951,71.84608440532611,0.942770415340194,0.8061534565712839,0.8691260280517354,12734,3062,773
t_max,10,0.5,0.1,10,Varecia_variegata,Homo_sapiens,same-order,2,2,221,8,0,16931,75.21072580188947,0.9468698810626024,0.8402325728370094,0.8903696758639165,13295,2528,746
t_max,10,0.5,0.1,10,Varecia_variegata,Homo_sapiens,same-order,4,0,442,7,0,16921,79.92179530771847,0.951106015646075,0.8901161322898258,0.9196009389671362,14103,1741,725
t_max,10,0.5,0.1,10,Varecia_variegata,Homo_sapiens,same-order,4,1,442,8,0,16906,79.48994049305752,0.9499492041991195,0.88603916614024,0.9168818434384703,14026,1804,739
t_max,10,0.5,0.1,10,Varecia_variegata,Homo_sapiens,same-order,4,2,442,9,0,16926,80.10877570675882,0.9512277161116717,0.8924514011613229,0.920902666970595,14140,1704,725
t_max,10,0.5,0.1,10,Varecia_variegata,Homo_sapiens,same-order,8,0,884,10,1,16917,83.7629158623822,0.954889651155265,0.9295614919354839,0.9420553586821186,14754,1118,697
t_max,10,0.5,0.1,10,Varecia_variegata,Homo_sapiens,same-order,8,1,884,9,0,16920,83.49602724177072,0.9545808460939528,0.9270905539101393,0.9406348901889326,14712,1157,700
t_max,10,0.5,0.1,10,Varecia_variegata,Homo_sapiens,same-order,8,2,884,8,0,16911,82.85357406461137,0.9541026479241582,0.919707569168715,0.9365894358513575,14593,1274,702
tau,0.3,0.3,0.1,6,Gorilla_gorilla,Homo_sapiens,same-family,1,0,111,4,0,16381,89.66002344665885,0.9574960876369327,0.9626179987413468,0.9600502118311628,15296,594,679
tau,0.3,0.3,0.1,6,Gorilla_gorilla,Homo_sapiens,same-family,1,1,111,3,0,16374,89.23735271704086,0.9569399044505909,0.9583857970284563,0.9576623049823856,15223,661,685
tau,0.3,0.3,0.1,6,Gorilla_gorilla,Homo_sapiens,same-family,1,2,111,3,0,16362,89.92961876832844,0.9570563635228763,0.9654933568415087,0.9612563475644159,15333,548,688
tau,0.3,0.3,0.1,6,Gorilla_gorilla,Homo_sapiens,same-family,2,0,221,3,0,16377,91.80491236297556,0.9582695955454935,0.9857745326367471,0.9718274899162271,15661,226,682
tau,0.3,0.3,0.1,6,Gorilla_gorilla,Homo_sapiens,same-family,2,1,221,3,0,16405,91.74666354483728,0.9584785666238611,0.9864065449968533,0.9722420370312935,15674,216,679
tau,0.3,0.3,0.1,6,Gorilla_gorilla,Homo_sapiens,same-family,2,2,221,4,0,16408,91.15857226448216,0.9580591599532624,0.9806130798766287,0.9692049272116462,15579,308,682
tau,0.3,0.3,0.1,6,Gorilla_gorilla,Homo_sapiens,same-family,4,0,442,4,0,16415,92.67037145364142,0.958842755114393,0.9970419787274215,0.9775693437413224,15842,47,680
tau,0.3,0.3,0.1,6,Gorilla_gorilla,Homo_sapiens,same-family,4,1,442,5,0,16401,92.74802458296752,0.9586206896551724,0.9975448536355052,0.9776955113373438,15846,39,684
tau,0.3,0.3,0.1,6,Gorilla_gorilla,Homo_sapiens,same-family,4,2,442,3,0,16415,92.48318221702252,0.9587628865979382,0.9950280067971553,0.9765588807560456,15810,79,680
tau,0.3,0.3,0.1,6,Gorilla_gorilla,Homo_sapiens,same-family,8,0,884,4,0,16394,93.05376595993908,0.9589570255915016,0.9999370633771791,0.979018393566873,15888,1,680
tau,0.3,0.3,0.1,6,Gorilla_gorilla,Homo_sapiens,same-family,8,1,884,5,0,16415,92.95074295074295,0.9590173829068083,0.9999370673379484,0.9790498490356768,15889,1,679
tau,0.3,0.3,0.1,6,Gorilla_gorilla,Homo_sapiens,same-family,8,2,884,4,0,16414,92.94489294489294,0.9589570255915016,0.9999370633771791,0.979018393566873,15888,1,680
tau,0.3,0.3,0.1,6,Saimiri_boliviensis,Saimiri_sciureus,same-genus,1,0,110,2,0,16471,99.92109256449166,0.9997570751852302,0.9995142683667274,0.9996356570318193,16462,8,4
tau,0.3,0.3,0.1,6,Saimiri_boliviensis,Saimiri_sciureus,same-genus,1,1,110,2,0,16473,99.9453717754173,0.9998785523439397,0.9996357455075279,0.9997571341833636,16466,6,2
tau,0.3,0.3,0.1,6,Saimiri_boliviensis,Saimiri_sciureus,same-genus,1,2,110,2,0,16472,99.92716236722306,0.9998178063889226,0.9995142978568393,0.9996660290858306,16463,8,3
tau,0.3,0.3,0.1,6,Saimiri_boliviensis,Saimiri_sciureus,same-genus,2,0,220,2,0,16473,99.96965098634294,0.9998785818358427,0.9998785818358427,0.9998785818358427,16470,2,2
tau,0.3,0.3,0.1,6,Saimiri_boliviensis,Saimiri_sciureus,same-genus,2,1,220,2,0,16471,99.9575088017482,0.9998178506375228,0.9997571489284196,0.999787498861601,16467,4,3
tau,0.3,0.3,0.1,6,Saimiri_boliviensis,Saimiri_sciureus,same-genus,2,2,220,2,0,16473,99.96357897292704,0.9999392798591292,0.9996964730164511,0.9998178616963148,16468,5,1
tau,0.3,0.3,0.1,6,Saimiri_boliviensis,Saimiri_sciureus,same-genus,4,0,440,2,0,16474,100.0,1.0,1.0,1.0,16474,0,0
tau,0.3,0.3,0.1,6,Saimiri_boliviensis,Saimiri_sciureus,same-genus,4,1,440,2,0,16474,100.0,1.0,1.0,1.0,16474,0,0
tau,0.3,0.3,0.1,6,Saimiri_boliviensis,Saimiri_sciureus,same-genus,4,2,440,2,0,16474,100.0,1.0,1.0,1.0,16474,0,0
tau,0.3,0.3,0.1,6,Saimiri_boliviensis,Saimiri_sciureus,same-genus,8,0,879,2,0,16474,100.0,1.0,1.0,1.0,16474,0,0
tau,0.3,0.3,0.1,6,Saimiri_boliviensis,Saimiri_sciureus,same-genus,8,1,879,2,0,16474,100.0,1.0,1.0,1.0,16474,0,0
tau,0.3,0.3,0.1,6,Saimiri_boliviensis,Saimiri_sciureus,same-genus,8,2,879,2,0,16474,100.0,1.0,1.0,1.0,16474,0,0
tau,0.3,0.3,0.1,6,Varecia_variegata,Homo_sapiens,same-order,1,0,111,4,0,16942,77.42719819055696,0.9485314491548905,0.8652217869328952,0.9049633203357345,13693,2133,743
tau,0.3,0.3,0.1,6,Varecia_variegata,Homo_sapiens,same-order,1,1,111,3,0,16929,77.44509848313335,0.9487588406601026,0.8643714466203412,0.9046013486711623,13683,2147,739
tau,0.3,0.3,0.1,6,Varecia_variegata,Homo_sapiens,same-order,1,2,111,4,0,16940,76.8374038896427,0.9478345770276867,0.8590481006257505,0.9012599469496021,13591,2230,748
tau,0.3,0.3,0.1,6,Varecia_variegata,Homo_sapiens,same-order,2,0,221,6,1,16946,83.58412355913917,0.956776080597985,0.9255533199195171,0.9409057496244686,14720,1184,665
tau,0.3,0.3,0.1,6,Varecia_variegata,Homo_sapiens,same-order,2,1,221,6,1,16953,82.27087114337569,0.955284820546592,0.9129011957205789,0.9336122284794851,14506,1384,679
tau,0.3,0.3,0.1,6,Varecia_variegata,Homo_sapiens,same-order,2,2,221,6,1,16930,81.45943187616942,0.9530980496218655,0.9057495902156096,0.9288207913110939,14367,1495,707
tau,0.3,0.3,0.1,6,Varecia_variegata,Homo_sapiens,same-order,4,0,442,6,1,16932,87.16811643640912,0.9589092501094503,0.9635495223730518,0.9612237860882104,15332,580,657
tau,0.3,0.3,0.1,6,Varecia_variegata,Homo_sapiens,same-order,4,1,442,5,0,16923,86.71444008417221,0.958508832589426,0.9583883336476209,0.9584485793311542,15247,662,660
tau,0.3,0.3,0.1,6,Varecia_variegata,Homo_sapiens,same-order,4,2,442,6,1,16949,86.21805792163543,0.9582807371875789,0.9544254463163189,0.9563492063492064,15183,725,661
tau,0.3,0.3,0.1,6,Varecia_variegata,Homo_sapiens,same-order,8,0,884,5,0,16933,87.90877552181084,0.9596448748991122,0.9709780765123437,0.9652782114531943,15457,462,650
tau,0.3,0.3,0.1,6,Varecia_variegata,Homo_sapiens,same-order,8,1,884,6,1,16932,87.97428750213322,0.959843594836147,0.971297575681447,0.9655366173440719,15465,457,647
tau,0.3,0.3,0.1,6,Varecia_variegata,Homo_sapiens,same-order,8,2,884,6,1,16933,88.46591555707295,0.9604027674820855,0.9760798593671521,0.9681778552746294,15547,381,641
tau,0.4,0.4,0.1,6,Gorilla_gorilla,Homo_sapiens,same-family,1,0,111,3,0,16372,89.51627088830256,0.95717868338558,0.9610348734734987,0.9591029023746703,15267,619,683
tau,0.4,0.4,0.1,6,Gorilla_gorilla,Homo_sapiens,same-family,1,1,111,2,0,16365,89.28445747800586,0.9569399044505909,0.9583857970284563,0.9576623049823856,15223,661,685
tau,0.4,0.4,0.1,6,Gorilla_gorilla,Homo_sapiens,same-family,1,2,111,3,0,16362,89.92961876832844,0.9570563635228763,0.9654933568415087,0.9612563475644159,15333,548,688
tau,0.4,0.4,0.1,6,Gorilla_gorilla,Homo_sapiens,same-family,2,0,221,3,0,16372,91.83182831007389,0.9582695955454935,0.9857745326367471,0.9718274899162271,15661,226,682
tau,0.4,0.4,0.1,6,Gorilla_gorilla,Homo_sapiens,same-family,2,1,221,4,0,16372,91.91297208538587,0.9584174157646915,0.986405689470703,0.9722101606600085,15673,216,680
tau,0.4,0.4,0.1,6,Gorilla_gorilla,Homo_sapiens,same-family,2,2,221,4,0,16376,91.32958142806893,0.9580591599532624,0.9806130798766287,0.9692049272116462,15579,308,682
tau,0.4,0.4,0.1,6,Gorilla_gorilla,Homo_sapiens,same-family,4,0,442,4,0,16383,92.84416573873293,0.958842755114393,0.9970419787274215,0.9775693437413224,15842,47,680
tau,0.4,0.4,0.1,6,Gorilla_gorilla,Homo_sapiens,same-family,4,1,442,4,0,16370,92.90447428604938,0.9586711847997096,0.9972932141508246,0.9776008885597928,15843,43,683
tau,0.4,0.4,0.1,6,Gorilla_gorilla,Homo_sapiens,same-family,4,2,442,4,0,16383,92.65662544687335,0.9587628865979382,0.9950280067971553,0.9765588807560456,15810,79,680
tau,0.4,0.4,0.1,6,Gorilla_gorilla,Homo_sapiens,same-family,8,0,884,4,0,16382,93.11921228460908,0.9589570255915016,0.9999370633771791,0.979018393566873,15888,1,680
tau,0.4,0.4,0.1,6,Gorilla_gorilla,Homo_sapiens,same-family,8,1,884,4,0,16382,93.11921228460908,0.9589570255915016,0.9999370633771791,0.979018393566873,15888,1,680
tau,0.4,0.4,0.1,6,Gorilla_gorilla,Homo_sapiens,same-family,8,2,884,4,0,16382,93.11921228460908,0.9589570255915016,0.9999370633771791,0.979018393566873,15888,1,680
tau,0.4,0.4,0.1,6,Saimiri_boliviensis,Saimiri_sciureus,same-genus,1,0,110,2,0,16471,99.92109256449166,0.9997570751852302,0.9995142683667274,0.9996356570318193,16462,8,4
tau,0.4,0.4,0.1,6,Saimiri_boliviensis,Saimiri_sciureus,same-genus,1,1,110,2,0,16473,99.9453717754173,0.9998785523439397,0.9996357455075279,0.9997571341833636,16466,6,2
tau,0.4,0.4,0.1,6,Saimiri_boliviensis,Saimiri_sciureus,same-genus,1,2,110,2,0,16472,99.92716236722306,0.9998178063889226,0.9995142978568393,0.9996660290858306,16463,8,3
tau,0.4,0.4,0.1,6,Saimiri_boliviensis,Saimiri_sciureus,same-genus,2,0,220,2,0,16473,99.96965098634294,0.9998785818358427,0.9998785818358427,0.9998785818358427,16470,2,2
tau,0.4,0.4,0.1,6,Saimiri_boliviensis,Saimiri_sciureus,same-genus,2,1,220,2,0,16471,99.9575088017482,0.9998178506375228,0.9997571489284196,0.999787498861601,16467,4,3
tau,0.4,0.4,0.1,6,Saimiri_boliviensis,Saimiri_sciureus,same-genus,2,2,220,2,0,16473,99.96357897292704,0.9999392798591292,0.9996964730164511,0.9998178616963148,16468,5,1
tau,0.4,0.4,0.1,6,Saimiri_boliviensis,Saimiri_sciureus,same-genus,4,0,440,2,0,16474,100.0,1.0,1.0,1.0,16474,0,0
tau,0.4,0.4,0.1,6,Saimiri_boliviensis,Saimiri_sciureus,same-genus,4,1,440,2,0,16474,100.0,1.0,1.0,1.0,16474,0,0
tau,0.4,0.4,0.1,6,Saimiri_boliviensis,Saimiri_sciureus,same-genus,4,2,440,2,0,16474,100.0,1.0,1.0,1.0,16474,0,0
tau,0.4,0.4,0.1,6,Saimiri_boliviensis,Saimiri_sciureus,same-genus,8,0,879,2,0,16474,100.0,1.0,1.0,1.0,16474,0,0
tau,0.4,0.4,0.1,6,Saimiri_boliviensis,Saimiri_sciureus,same-genus,8,1,879,2,0,16474,100.0,1.0,1.0,1.0,16474,0,0
tau,0.4,0.4,0.1,6,Saimiri_boliviensis,Saimiri_sciureus,same-genus,8,2,879,2,0,16474,100.0,1.0,1.0,1.0,16474,0,0
tau,0.4,0.4,0.1,6,Varecia_variegata,Homo_sapiens,same-order,1,0,111,3,0,16942,75.06496441080104,0.9458997722095672,0.8405338731102536,0.8901095220551295,13288,2521,760
tau,0.4,0.4,0.1,6,Varecia_variegata,Homo_sapiens,same-order,1,1,111,5,0,16946,74.41518815685389,0.9459847723028301,0.8326484162609851,0.8857056390598205,13170,2647,752
tau,0.4,0.4,0.1,6,Varecia_variegata,Homo_sapiens,same-order,1,2,111,4,0,16952,73.98250070561672,0.9449852188333694,0.8291787928634695,0.8833024431339511,13106,2700,763
tau,0.4,0.4,0.1,6,Varecia_variegata,Homo_sapiens,same-order,2,0,221,4,0,16925,77.65632079746261,0.9493837418640078,0.8657027402449804,0.9056142668428006,13711,2127,731
tau,0.4,0.4,0.1,6,Varecia_variegata,Homo_sapiens,same-order,2,1,221,6,1,16929,79.79380275307314,0.951114112086428,0.8889870621647208,0.9190017941608221,14086,1759,724
tau,0.4,0.4,0.1,6,Varecia_variegata,Homo_sapiens,same-order,2,2,221,5,0,16936,78.7861631659401,0.9503517038858158,0.8784244413584144,0.9129735935706085,13916,1926,727
tau,0.4,0.4,0.1,6,Varecia_variegata,Homo_sapiens,same-order,4,0,442,6,1,16939,85.20054539256903,0.9576628352490422,0.9428517540550736,0.9501995818285498,14997,909,663
tau,0.4,0.4,0.1,6,Varecia_variegata,Homo_sapiens,same-order,4,1,442,6,1,16909,84.24490259555859,0.9550576266821197,0.9345976939071262,0.9447168970129292,14833,1038,698
tau,0.4,0.4,0.1,6,Varecia_variegata,Homo_sapiens,same-order,4,2,442,6,1,16926,83.2813297781812,0.9544242897080814,0.9251323418200151,0.9395500656020992,14680,1188,701
tau,0.4,0.4,0.1,6,Varecia_variegata,Homo_sapiens,same-order,8,0,884,6,1,16916,85.95374737200977,0.9567994939911448,0.9522220823366486,0.9545053003533568,15127,759,683
tau,0.4,0.4,0.1,6,Varecia_variegata,Homo_sapiens,same-order,8,1,884,6,1,16943,85.5763770584895,0.9576158098748173,0.9476795371651364,0.9526217642782641,15070,832,667
tau,0.4,0.4,0.1,6,Varecia_variegata,Homo_sapiens,same-order,8,2,884,6,1,16939,85.84739503437305,0.9580268830839462,0.9498962720814735,0.9539442532908234,15110,797,662
tau,0.5,0.5,0.1,6,Gorilla_gorilla,Homo_sapiens,same-family,1,0,111,3,0,16372,89.51627088830256,0.95717868338558,0.9610348734734987,0.9591029023746703,15267,619,683
tau,0.5,0.5,0.1,6,Gorilla_gorilla,Homo_sapiens,same-family,1,1,111,2,0,16365,89.28445747800586,0.9569399044505909,0.9583857970284563,0.9576623049823856,15223,661,685
tau,0.5,0.5,0.1,6,Gorilla_gorilla,Homo_sapiens,same-family,1,2,111,4,0,16362,89.92961876832844,0.9570563635228763,0.9654933568415087,0.9612563475644159,15333,548,688
tau,0.5,0.5,0.1,6,Gorilla_gorilla,Homo_sapiens,same-family,2,0,221,4,0,16372,91.63832531957313,0.958185162477008,0.9836973626235287,0.9707736745659534,15628,259,682
tau,0.5,0.5,0.1,6,Gorilla_gorilla,Homo_sapiens,same-family,2,1,221,3,0,16372,91.82500586441473,0.9583792385848942,0.9854616401283907,0.971731777701927,15658,231,680
tau,0.5,0.5,0.1,6,Gorilla_gorilla,Homo_sapiens,same-family,2,2,221,3,0,16368,91.37243401759531,0.9580591599532624,0.9806130798766287,0.9692049272116462,15579,308,682
tau,0.5,0.5,0.1,6,Gorilla_gorilla,Homo_sapiens,same-family,4,0,442,5,0,16383,92.84416573873293,0.958842755114393,0.9970419787274215,0.9775693437413224,15842,47,680
tau,0.5,0.5,0.1,6,Gorilla_gorilla,Homo_sapiens,same-family,4,1,442,3,0,16370,92.8516976485076,0.958648665011806,0.9967266775777414,0.9773169151004536,15834,52,683
tau,0.5,0.5,0.1,6,Gorilla_gorilla,Homo_sapiens,same-family,4,2,442,5,0,16383,92.65662544687335,0.9587628865979382,0.9950280067971553,0.9765588807560456,15810,79,680
tau,0.5,0.5,0.1,6,Gorilla_gorilla,Homo_sapiens,same-family,8,0,884,5,0,16382,93.11921228460908,0.9589570255915016,0.9999370633771791,0.979018393566873,15888,1,680
tau,0.5,0.5,0.1,6,Gorilla_gorilla,Homo_sapiens,same-family,8,1,884,4,0,16374,93.16289433563973,0.9589570255915016,0.9999370633771791,0.979018393566873,15888,1,680
tau,0.5,0.5,0.1,6,Gorilla_gorilla,Homo_sapiens,same-family,8,2,884,4,0,16382,93.11921228460908,0.9589570255915016,0.9999370633771791,0.979018393566873,15888,1,680
tau,0.5,0.5,0.1,6,Saimiri_boliviensis,Saimiri_sciureus,same-genus,1,0,110,2,0,16471,99.92109256449166,0.9997570751852302,0.9995142683667274,0.9996356570318193,16462,8,4
tau,0.5,0.5,0.1,6,Saimiri_boliviensis,Saimiri_sciureus,same-genus,1,1,110,2,0,16473,99.9453717754173,0.9998785523439397,0.9996357455075279,0.9997571341833636,16466,6,2
tau,0.5,0.5,0.1,6,Saimiri_boliviensis,Saimiri_sciureus,same-genus,1,2,110,2,0,16472,99.92716236722306,0.9998178063889226,0.9995142978568393,0.9996660290858306,16463,8,3
tau,0.5,0.5,0.1,6,Saimiri_boliviensis,Saimiri_sciureus,same-genus,2,0,220,2,0,16473,99.96965098634294,0.9998785818358427,0.9998785818358427,0.9998785818358427,16470,2,2
tau,0.5,0.5,0.1,6,Saimiri_boliviensis,Saimiri_sciureus,same-genus,2,1,220,2,0,16471,99.9575088017482,0.9998178506375228,0.9997571489284196,0.999787498861601,16467,4,3
tau,0.5,0.5,0.1,6,Saimiri_boliviensis,Saimiri_sciureus,same-genus,2,2,220,2,0,16473,99.96357897292704,0.9999392798591292,0.9996964730164511,0.9998178616963148,16468,5,1
tau,0.5,0.5,0.1,6,Saimiri_boliviensis,Saimiri_sciureus,same-genus,4,0,440,2,0,16474,100.0,1.0,1.0,1.0,16474,0,0
tau,0.5,0.5,0.1,6,Saimiri_boliviensis,Saimiri_sciureus,same-genus,4,1,440,2,0,16474,100.0,1.0,1.0,1.0,16474,0,0
tau,0.5,0.5,0.1,6,Saimiri_boliviensis,Saimiri_sciureus,same-genus,4,2,440,2,0,16474,100.0,1.0,1.0,1.0,16474,0,0
tau,0.5,0.5,0.1,6,Saimiri_boliviensis,Saimiri_sciureus,same-genus,8,0,879,2,0,16474,100.0,1.0,1.0,1.0,16474,0,0
tau,0.5,0.5,0.1,6,Saimiri_boliviensis,Saimiri_sciureus,same-genus,8,1,879,2,0,16474,100.0,1.0,1.0,1.0,16474,0,0
tau,0.5,0.5,0.1,6,Saimiri_boliviensis,Saimiri_sciureus,same-genus,8,2,879,2,0,16474,100.0,1.0,1.0,1.0,16474,0,0
tau,0.5,0.5,0.1,6,Varecia_variegata,Homo_sapiens,same-order,1,0,111,6,1,16952,70.62672759068089,0.9417074088003009,0.7927060909206027,0.8608064904259342,12520,3274,775
tau,0.5,0.5,0.1,6,Varecia_variegata,Homo_sapiens,same-order,1,1,111,5,0,16958,71.69768753525099,0.9427469593592406,0.8047097550167753,0.8682763566818074,12712,3085,772
tau,0.5,0.5,0.1,6,Varecia_variegata,Homo_sapiens,same-order,1,2,111,4,0,16954,69.83482721686678,0.9404084111440066,0.7848454130765332,0.8556134958731914,12388,3396,785
tau,0.5,0.5,0.1,6,Varecia_variegata,Homo_sapiens,same-order,2,0,221,6,1,16937,74.4488411531939,0.9459168282697694,0.832701062215478,0.8857056390598205,13170,2646,753
tau,0.5,0.5,0.1,6,Varecia_variegata,Homo_sapiens,same-order,2,1,221,5,0,16951,71.84608440532611,0.942770415340194,0.8061534565712839,0.8691260280517354,12734,3062,773
tau,0.5,0.5,0.1,6,Varecia_variegata,Homo_sapiens,same-order,2,2,221,6,1,16931,75.21072580188947,0.9468698810626024,0.8402325728370094,0.8903696758639165,13295,2528,746
tau,0.5,0.5,0.1,6,Varecia_variegata,Homo_sapiens,same-order,4,0,442,6,1,16921,79.92179530771847,0.951106015646075,0.8901161322898258,0.9196009389671362,14103,1741,725
tau,0.5,0.5,0.1,6,Varecia_variegata,Homo_sapiens,same-order,4,1,442,6,1,16906,79.4072646908823,0.9497763318422123,0.8853297952994693,0.9164214243672749,14013,1815,741
tau,0.5,0.5,0.1,6,Varecia_variegata,Homo_sapiens,same-order,4,2,442,6,1,16926,79.96147527052291,0.9511422602601254,0.8908104014137844,0.9199882671185998,14114,1730,725
tau,0.5,0.5,0.1,6,Varecia_variegata,Homo_sapiens,same-order,8,0,884,6,1,16917,83.33333333333333,0.9545484101697119,0.9250157529930687,0.9395500656020993,14680,1190,699
tau,0.5,0.5,0.1,6,Varecia_variegata,Homo_sapiens,same-order,8,1,884,6,1,16920,83.2359116962715,0.9543857365955232,0.9243130829342072,0.9391087207068768,14667,1201,701
tau,0.5,0.5,0.1,6,Varecia_variegata,Homo_sapiens,same-order,8,2,884,6,1,16911,82.84789644012945,0.954099646920361,0.9196445452826622,0.9365553095215173,14592,1275,702
tau,0.6,0.6,0.1,6,Gorilla_gorilla,Homo_sapiens,same-family,1,0,111,3,0,16372,89.19378481383758,0.9570305127398553,0.957572705526879,0.9573015323621031,15212,674,683
tau,0.6,0.6,0.1,6,Gorilla_gorilla,Homo_sapiens,same-family,1,1,111,3,0,16365,89.13782991202346,0.9568721274318454,0.9568118861747671,0.9568420058551327,15198,686,685
tau,0.6,0.6,0.1,6,Gorilla_gorilla,Homo_sapiens,same-family,1,2,111,3,0,16362,89.37243401759531,0.956800200929298,0.9595113657830111,0.9581538655013048,15238,643,688
tau,0.6,0.6,0.1,6,Gorilla_gorilla,Homo_sapiens,same-family,2,0,221,4,0,16372,91.63832531957313,0.958185162477008,0.9836973626235287,0.9707736745659534,15628,259,682
tau,0.6,0.6,0.1,6,Gorilla_gorilla,Homo_sapiens,same-family,2,1,221,4,0,16372,91.82500586441473,0.9583792385848942,0.9854616401283907,0.971731777701927,15658,231,680
tau,0.6,0.6,0.1,6,Gorilla_gorilla,Homo_sapiens,same-family,2,2,221,4,0,16367,91.37779341896885,0.9580591599532624,0.9806130798766287,0.9692049272116462,15579,308,682
tau,0.6,0.6,0.1,6,Gorilla_gorilla,Homo_sapiens,same-family,4,0,442,5,0,16374,92.89316289433565,0.958842755114393,0.9970419787274215,0.9775693437413224,15842,47,680
tau,0.6,0.6,0.1,6,Gorilla_gorilla,Homo_sapiens,same-family,4,1,442,4,0,16370,92.8516976485076,0.958648665011806,0.9967266775777414,0.9773169151004536,15834,52,683
tau,0.6,0.6,0.1,6,Gorilla_gorilla,Homo_sapiens,same-family,4,2,442,3,0,16372,92.5296118212736,0.9585712550115417,0.9932649335935041,0.9756097560975608,15780,107,682
tau,0.6,0.6,0.1,6,Gorilla_gorilla,Homo_sapiens,same-family,8,0,884,4,0,16382,93.11921228460908,0.9589570255915016,0.9999370633771791,0.979018393566873,15888,1,680
tau,0.6,0.6,0.1,6,Gorilla_gorilla,Homo_sapiens,same-family,8,1,884,5,0,16374,93.16289433563973,0.9589570255915016,0.9999370633771791,0.979018393566873,15888,1,680
tau,0.6,0.6,0.1,6,Gorilla_gorilla,Homo_sapiens,same-family,8,2,884,5,0,16383,93.10162935177587,0.9590074861144651,0.999685336689742,0.9789240155296728,15885,5,679
tau,0.6,0.6,0.1,6,Saimiri_boliviensis,Saimiri_sciureus,same-genus,1,0,110,2,0,16471,99.92109256449166,0.9997570751852302,0.9995142683667274,0.9996356570318193,16462,8,4
tau,0.6,0.6,0.1,6,Saimiri_boliviensis,Saimiri_sciureus,same-genus,1,1,110,2,0,16473,99.9453717754173,0.9998785523439397,0.9996357455075279,0.9997571341833636,16466,6,2
tau,0.6,0.6,0.1,6,Saimiri_boliviensis,Saimiri_sciureus,same-genus,1,2,110,2,0,16472,99.92716236722306,0.9998178063889226,0.9995142978568393,0.9996660290858306,16463,8,3
tau,0.6,0.6,0.1,6,Saimiri_boliviensis,Saimiri_sciureus,same-genus,2,0,220,2,0,16473,99.96965098634294,0.9998785818358427,0.9998785818358427,0.9998785818358427,16470,2,2
tau,0.6,0.6,0.1,6,Saimiri_boliviensis,Saimiri_sciureus,same-genus,2,1,220,2,0,16471,99.9575088017482,0.9998178506375228,0.9997571489284196,0.999787498861601,16467,4,3
tau,0.6,0.6,0.1,6,Saimiri_boliviensis,Saimiri_sciureus,same-genus,2,2,220,2,0,16473,99.96357897292704,0.9999392798591292,0.9996964730164511,0.9998178616963148,16468,5,1
tau,0.6,0.6,0.1,6,Saimiri_boliviensis,Saimiri_sciureus,same-genus,4,0,440,2,0,16474,100.0,1.0,1.0,1.0,16474,0,0
tau,0.6,0.6,0.1,6,Saimiri_boliviensis,Saimiri_sciureus,same-genus,4,1,440,2,0,16474,100.0,1.0,1.0,1.0,16474,0,0
tau,0.6,0.6,0.1,6,Saimiri_boliviensis,Saimiri_sciureus,same-genus,4,2,440,2,0,16474,100.0,1.0,1.0,1.0,16474,0,0
tau,0.6,0.6,0.1,6,Saimiri_boliviensis,Saimiri_sciureus,same-genus,8,0,879,2,0,16474,100.0,1.0,1.0,1.0,16474,0,0
tau,0.6,0.6,0.1,6,Saimiri_boliviensis,Saimiri_sciureus,same-genus,8,1,879,2,0,16474,100.0,1.0,1.0,1.0,16474,0,0
tau,0.6,0.6,0.1,6,Saimiri_boliviensis,Saimiri_sciureus,same-genus,8,2,879,2,0,16474,100.0,1.0,1.0,1.0,16474,0,0
tau,0.6,0.6,0.1,6,Varecia_variegata,Homo_sapiens,same-order,1,0,111,5,0,16959,68.3934611048478,0.9395229982964225,0.7684950595388903,0.8454463103616472,12133,3655,781
tau,0.6,0.6,0.1,6,Varecia_variegata,Homo_sapiens,same-order,1,1,111,3,0,16965,67.93260832816814,0.9390870852157657,0.7636663077215431,0.8423406113537117,12056,3731,782
tau,0.6,0.6,0.1,6,Varecia_variegata,Homo_sapiens,same-order,1,2,111,3,0,16963,68.00586014537669,0.9390025674939703,0.7645866328793158,0.8428661219358895,12069,3716,784
tau,0.6,0.6,0.1,6,Varecia_variegata,Homo_sapiens,same-order,2,0,221,5,0,16961,68.64569237708615,0.9401544401544402,0.7708623527921996,0.8471333147787364,12175,3619,775
tau,0.6,0.6,0.1,6,Varecia_variegata,Homo_sapiens,same-order,2,1,221,4,0,16959,68.32581736189402,0.9394667493411875,0.7677349885989359,0.844963401882189,12121,3667,781
tau,0.6,0.6,0.1,6,Varecia_variegata,Homo_sapiens,same-order,2,2,221,6,1,16962,69.36957257245969,0.940951506807404,0.7787554598974489,0.8522046344082296,12302,3495,772
tau,0.6,0.6,0.1,6,Varecia_variegata,Homo_sapiens,same-order,4,0,442,6,1,16960,70.85543392393635,0.9427884976349575,0.7943948883406086,0.8622536565268145,12557,3250,762
tau,0.6,0.6,0.1,6,Varecia_variegata,Homo_sapiens,same-order,4,1,442,6,1,16936,70.78461277749534,0.9423221537073244,0.793000885963802,0.8612371134020618,12531,3271,767
tau,0.6,0.6,0.1,6,Varecia_variegata,Homo_sapiens,same-order,4,2,442,6,1,16956,70.89514355011563,0.9420626592714736,0.7957077741200304,0.8627222184089506,12569,3227,773
tau,0.6,0.6,0.1,6,Varecia_variegata,Homo_sapiens,same-order,8,0,884,6,1,16943,71.94667269235114,0.9437569470174139,0.8055660974067046,0.8692032076437468,12736,3074,759
tau,0.6,0.6,0.1,6,Varecia_variegata,Homo_sapiens,same-order,8,1,884,6,1,16947,70.71545541814896,0.94264207753105,0.792243942557095,0.8609239653512994,12523,3284,762
tau,0.6,0.6,0.1,6,Varecia_variegata,Homo_sapiens,same-order,8,2,884,6,1,16940,72.2620728607738,0.943579910022863,0.8095418881295875,0.8714368422845078,12794,3010,765
tau,0.7,0.7,0.1,6,Gorilla_gorilla,Homo_sapiens,same-family,1,0,111,3,0,16373,87.60553470919325,0.956288,0.9405766083343825,0.9483672368379296,14942,944,683
tau,0.7,0.7,0.1,6,Gorilla_gorilla,Homo_sapiens,same-family,1,1,111,4,0,16366,88.17078177233007,0.956422164259813,0.9464870309745655,0.9514286618359016,15034,850,685
tau,0.7,0.7,0.1,6,Gorilla_gorilla,Homo_sapiens,same-family,1,2,111,5,0,16361,88.15318749633452,0.9561096622352268,0.9465961332577618,0.9513291139240507,15031,848,690
tau,0.7,0.7,0.1,6,Gorilla_gorilla,Homo_sapiens,same-family,2,0,221,5,0,16365,90.72086339374744,0.957649681134295,0.9736858671702864,0.965601198651517,15467,418,684
tau,0.7,0.7,0.1,6,Gorilla_gorilla,Homo_sapiens,same-family,2,1,221,4,0,16371,90.95173869700346,0.9578804347826086,0.9762699062126267,0.9669877489946693,15510,377,682
tau,0.7,0.7,0.1,6,Gorilla_gorilla,Homo_sapiens,same-family,2,2,221,5,0,16365,90.0991260484486,0.9573698971642256,0.9670129052565313,0.962167240839336,15361,524,684
tau,0.7,0.7,0.1,6,Gorilla_gorilla,Homo_sapiens,same-family,4,0,442,6,1,16375,92.8403893514718,0.9588783914728682,0.9964128382630585,0.9772853527560028,15833,57,679
tau,0.7,0.7,0.1,6,Gorilla_gorilla,Homo_sapiens,same-family,4,1,442,6,1,16368,92.51788436730386,0.9583333333333334,0.9933891582194799,0.9755464185241289,15778,105,686
tau,0.7,0.7,0.1,6,Gorilla_gorilla,Homo_sapiens,same-family,4,2,442,5,0,16372,92.17192447519643,0.9584171696847753,0.9894253162963429,0.9736744301288405,15719,168,682
tau,0.7,0.7,0.1,6,Gorilla_gorilla,Homo_sapiens,same-family,8,0,884,6,1,16374,93.17422154459626,0.9590173829068083,0.9999370673379484,0.9790498490356768,15889,1,679
tau,0.7,0.7,0.1,6,Gorilla_gorilla,Homo_sapiens,same-family,8,1,884,6,1,16374,93.15703060865486,0.9589545481982253,0.9998741267543584,0.978986936159724,15887,2,680
tau,0.7,0.7,0.1,6,Gorilla_gorilla,Homo_sapiens,same-family,8,2,884,5,0,16375,93.14530315468512,0.9590074861144651,0.999685336689742,0.9789240155296728,15885,5,679
tau,0.7,0.7,0.1,6,Saimiri_boliviensis,Saimiri_sciureus,same-genus,1,0,110,2,0,16471,99.92109256449166,0.9997570751852302,0.9995142683667274,0.9996356570318193,16462,8,4
tau,0.7,0.7,0.1,6,Saimiri_boliviensis,Saimiri_sciureus,same-genus,1,1,110,2,0,16473,99.9453717754173,0.9998785523439397,0.9996357455075279,0.9997571341833636,16466,6,2
tau,0.7,0.7,0.1,6,Saimiri_boliviensis,Saimiri_sciureus,same-genus,1,2,110,2,0,16472,99.92716236722306,0.9998178063889226,0.9995142978568393,0.9996660290858306,16463,8,3
tau,0.7,0.7,0.1,6,Saimiri_boliviensis,Saimiri_sciureus,same-genus,2,0,220,2,0,16473,99.96965098634294,0.9998785818358427,0.9998785818358427,0.9998785818358427,16470,2,2
tau,0.7,0.7,0.1,6,Saimiri_boliviensis,Saimiri_sciureus,same-genus,2,1,220,2,0,16471,99.9575088017482,0.9998178506375228,0.9997571489284196,0.999787498861601,16467,4,3
tau,0.7,0.7,0.1,6,Saimiri_boliviensis,Saimiri_sciureus,same-genus,2,2,220,2,0,16473,99.96357897292704,0.9999392798591292,0.9996964730164511,0.9998178616963148,16468,5,1
tau,0.7,0.7,0.1,6,Saimiri_boliviensis,Saimiri_sciureus,same-genus,4,0,440,2,0,16474,100.0,1.0,1.0,1.0,16474,0,0
tau,0.7,0.7,0.1,6,Saimiri_boliviensis,Saimiri_sciureus,same-genus,4,1,440,2,0,16474,100.0,1.0,1.0,1.0,16474,0,0
tau,0.7,0.7,0.1,6,Saimiri_boliviensis,Saimiri_sciureus,same-genus,4,2,440,2,0,16474,100.0,1.0,1.0,1.0,16474,0,0
tau,0.7,0.7,0.1,6,Saimiri_boliviensis,Saimiri_sciureus,same-genus,8,0,879,2,0,16474,100.0,1.0,1.0,1.0,16474,0,0
tau,0.7,0.7,0.1,6,Saimiri_boliviensis,Saimiri_sciureus,same-genus,8,1,879,2,0,16474,100.0,1.0,1.0,1.0,16474,0,0
tau,0.7,0.7,0.1,6,Saimiri_boliviensis,Saimiri_sciureus,same-genus,8,2,879,2,0,16474,100.0,1.0,1.0,1.0,16474,0,0
tau,0.7,0.7,0.1,6,Varecia_variegata,Homo_sapiens,same-order,1,0,111,3,0,16962,67.85211069154033,0.9390795631825273,0.7625411705092475,0.8416526845637584,12039,3749,781
tau,0.7,0.7,0.1,6,Varecia_variegata,Homo_sapiens,same-order,1,1,111,2,0,16965,67.55873570341991,0.9386301369863014,0.7596452328159645,0.8397058823529412,11991,3794,784
tau,0.7,0.7,0.1,6,Varecia_variegata,Homo_sapiens,same-order,1,2,111,2,0,16963,67.63396630416409,0.9386877297255025,0.7604054482103263,0.8401931961360775,12003,3782,784
tau,0.7,0.7,0.1,6,Varecia_variegata,Homo_sapiens,same-order,2,0,221,2,0,16966,67.59254042481267,0.9387323943661972,0.7599771949828963,0.8399495904221801,11997,3789,783
tau,0.7,0.7,0.1,6,Varecia_variegata,Homo_sapiens,same-order,2,1,221,3,0,16964,67.7184876317124,0.9388329036794001,0.7613074876472824,0.8408017630391438,12018,3768,783
tau,0.7,0.7,0.1,6,Varecia_variegata,Homo_sapiens,same-order,2,2,221,4,0,16958,68.10981453295,0.9392832154240845,0.7652647580440841,0.8433911556315661,12082,3706,781
tau,0.7,0.7,0.1,6,Varecia_variegata,Homo_sapiens,same-order,4,0,442,5,0,16963,68.12263991433241,0.9393798088132432,0.7655329659889797,0.8435929648241206,12087,3702,780
tau,0.7,0.7,0.1,6,Varecia_variegata,Homo_sapiens,same-order,4,1,442,3,0,16965,67.7184876317124,0.93890625,0.7612592639513523,0.8408017630391438,12018,3769,782
tau,0.7,0.7,0.1,6,Varecia_variegata,Homo_sapiens,same-order,4,2,442,4,0,16960,67.86539653909024,0.9390843147960377,0.7626045097542438,0.8416931734768779,12040,3748,781
tau,0.7,0.7,0.1,6,Varecia_variegata,Homo_sapiens,same-order,8,0,884,6,1,16948,68.51131043041688,0.9397245434849891,0.7691576947435086,0.8459288152120916,12145,3645,779
tau,0.7,0.7,0.1,6,Varecia_variegata,Homo_sapiens,same-order,8,1,884,5,0,16962,68.2130777903044,0.9395915831974532,0.7663225888164145,0.8441576560865016,12101,3690,778
tau,0.7,0.7,0.1,6,Varecia_variegata,Homo_sapiens,same-order,8,2,884,6,1,16952,68.3756345177665,0.9396945973180374,0.7677157874738775,0.8450439146800502,12123,3668,778
w,0.05,0.5,0.05,6,Gorilla_gorilla,Homo_sapiens,same-family,1,0,111,3,0,16372,89.51627088830256,0.95717868338558,0.9610348734734987,0.9591029023746703,15267,619,683
w,0.05,0.5,0.05,6,Gorilla_gorilla,Homo_sapiens,same-family,1,1,111,2,0,16365,89.28445747800586,0.9569399044505909,0.9583857970284563,0.9576623049823856,15223,661,685
w,0.05,0.5,0.05,6,Gorilla_gorilla,Homo_sapiens,same-family,1,2,111,4,0,16362,89.92961876832844,0.9570563635228763,0.9654933568415087,0.9612563475644159,15333,548,688
w,0.05,0.5,0.05,6,Gorilla_gorilla,Homo_sapiens,same-family,2,0,221,4,0,16372,91.63832531957313,0.958185162477008,0.9836973626235287,0.9707736745659534,15628,259,682
w,0.05,0.5,0.05,6,Gorilla_gorilla,Homo_sapiens,same-family,2,1,221,3,0,16372,91.82500586441473,0.9583792385848942,0.9854616401283907,0.971731777701927,15658,231,680
w,0.05,0.5,0.05,6,Gorilla_gorilla,Homo_sapiens,same-family,2,2,221,3,0,16368,91.37243401759531,0.9580591599532624,0.9806130798766287,0.9692049272116462,15579,308,682
w,0.05,0.5,0.05,6,Gorilla_gorilla,Homo_sapiens,same-family,4,0,442,5,0,16383,92.84416573873293,0.958842755114393,0.9970419787274215,0.9775693437413224,15842,47,680
w,0.05,0.5,0.05,6,Gorilla_gorilla,Homo_sapiens,same-family,4,1,442,3,0,16370,92.8516976485076,0.958648665011806,0.9967266775777414,0.9773169151004536,15834,52,683
w,0.05,0.5,0.05,6,Gorilla_gorilla,Homo_sapiens,same-family,4,2,442,5,0,16383,92.65662544687335,0.9587628865979382,0.9950280067971553,0.9765588807560456,15810,79,680
w,0.05,0.5,0.05,6,Gorilla_gorilla,Homo_sapiens,same-family,8,0,884,5,0,16382,93.11921228460908,0.9589570255915016,0.9999370633771791,0.979018393566873,15888,1,680
w,0.05,0.5,0.05,6,Gorilla_gorilla,Homo_sapiens,same-family,8,1,884,4,0,16374,93.16289433563973,0.9589570255915016,0.9999370633771791,0.979018393566873,15888,1,680
w,0.05,0.5,0.05,6,Gorilla_gorilla,Homo_sapiens,same-family,8,2,884,4,0,16382,93.11921228460908,0.9589570255915016,0.9999370633771791,0.979018393566873,15888,1,680
w,0.05,0.5,0.05,6,Saimiri_boliviensis,Saimiri_sciureus,same-genus,1,0,110,2,0,16471,99.92109256449166,0.9997570751852302,0.9995142683667274,0.9996356570318193,16462,8,4
w,0.05,0.5,0.05,6,Saimiri_boliviensis,Saimiri_sciureus,same-genus,1,1,110,2,0,16473,99.9453717754173,0.9998785523439397,0.9996357455075279,0.9997571341833636,16466,6,2
w,0.05,0.5,0.05,6,Saimiri_boliviensis,Saimiri_sciureus,same-genus,1,2,110,2,0,16472,99.92716236722306,0.9998178063889226,0.9995142978568393,0.9996660290858306,16463,8,3
w,0.05,0.5,0.05,6,Saimiri_boliviensis,Saimiri_sciureus,same-genus,2,0,220,2,0,16473,99.96965098634294,0.9998785818358427,0.9998785818358427,0.9998785818358427,16470,2,2
w,0.05,0.5,0.05,6,Saimiri_boliviensis,Saimiri_sciureus,same-genus,2,1,220,2,0,16471,99.9575088017482,0.9998178506375228,0.9997571489284196,0.999787498861601,16467,4,3
w,0.05,0.5,0.05,6,Saimiri_boliviensis,Saimiri_sciureus,same-genus,2,2,220,2,0,16473,99.96357897292704,0.9999392798591292,0.9996964730164511,0.9998178616963148,16468,5,1
w,0.05,0.5,0.05,6,Saimiri_boliviensis,Saimiri_sciureus,same-genus,4,0,440,2,0,16474,100.0,1.0,1.0,1.0,16474,0,0
w,0.05,0.5,0.05,6,Saimiri_boliviensis,Saimiri_sciureus,same-genus,4,1,440,2,0,16474,100.0,1.0,1.0,1.0,16474,0,0
w,0.05,0.5,0.05,6,Saimiri_boliviensis,Saimiri_sciureus,same-genus,4,2,440,2,0,16474,100.0,1.0,1.0,1.0,16474,0,0
w,0.05,0.5,0.05,6,Saimiri_boliviensis,Saimiri_sciureus,same-genus,8,0,879,2,0,16474,100.0,1.0,1.0,1.0,16474,0,0
w,0.05,0.5,0.05,6,Saimiri_boliviensis,Saimiri_sciureus,same-genus,8,1,879,2,0,16474,100.0,1.0,1.0,1.0,16474,0,0
w,0.05,0.5,0.05,6,Saimiri_boliviensis,Saimiri_sciureus,same-genus,8,2,879,2,0,16474,100.0,1.0,1.0,1.0,16474,0,0
w,0.05,0.5,0.05,6,Varecia_variegata,Homo_sapiens,same-order,1,0,111,6,1,16952,70.62672759068089,0.9417074088003009,0.7927060909206027,0.8608064904259342,12520,3274,775
w,0.05,0.5,0.05,6,Varecia_variegata,Homo_sapiens,same-order,1,1,111,5,0,16958,71.69768753525099,0.9427469593592406,0.8047097550167753,0.8682763566818074,12712,3085,772
w,0.05,0.5,0.05,6,Varecia_variegata,Homo_sapiens,same-order,1,2,111,4,0,16954,69.83482721686678,0.9404084111440066,0.7848454130765332,0.8556134958731914,12388,3396,785
w,0.05,0.5,0.05,6,Varecia_variegata,Homo_sapiens,same-order,2,0,221,6,1,16937,74.4488411531939,0.9459168282697694,0.832701062215478,0.8857056390598205,13170,2646,753
w,0.05,0.5,0.05,6,Varecia_variegata,Homo_sapiens,same-order,2,1,221,5,0,16951,71.84608440532611,0.942770415340194,0.8061534565712839,0.8691260280517354,12734,3062,773
w,0.05,0.5,0.05,6,Varecia_variegata,Homo_sapiens,same-order,2,2,221,6,1,16931,75.21072580188947,0.9468698810626024,0.8402325728370094,0.8903696758639165,13295,2528,746
w,0.05,0.5,0.05,6,Varecia_variegata,Homo_sapiens,same-order,4,0,442,6,1,16921,79.92179530771847,0.951106015646075,0.8901161322898258,0.9196009389671362,14103,1741,725
w,0.05,0.5,0.05,6,Varecia_variegata,Homo_sapiens,same-order,4,1,442,6,1,16906,79.4072646908823,0.9497763318422123,0.8853297952994693,0.9164214243672749,14013,1815,741
w,0.05,0.5,0.05,6,Varecia_variegata,Homo_sapiens,same-order,4,2,442,6,1,16926,79.96147527052291,0.9511422602601254,0.8908104014137844,0.9199882671185998,14114,1730,725
w,0.05,0.5,0.05,6,Varecia_variegata,Homo_sapiens,same-order,8,0,884,6,1,16917,83.33333333333333,0.9545484101697119,0.9250157529930687,0.9395500656020993,14680,1190,699
w,0.05,0.5,0.05,6,Varecia_variegata,Homo_sapiens,same-order,8,1,884,6,1,16920,83.2359116962715,0.9543857365955232,0.9243130829342072,0.9391087207068768,14667,1201,701
w,0.05,0.5,0.05,6,Varecia_variegata,Homo_sapiens,same-order,8,2,884,6,1,16911,82.84789644012945,0.954099646920361,0.9196445452826622,0.9365553095215173,14592,1275,702
w,0.2,0.5,0.2,6,Gorilla_gorilla,Homo_sapiens,same-family,1,0,111,3,0,16372,89.51627088830256,0.95717868338558,0.9610348734734987,0.9591029023746703,15267,619,683
w,0.2,0.5,0.2,6,Gorilla_gorilla,Homo_sapiens,same-family,1,1,111,2,0,16365,89.28445747800586,0.9569399044505909,0.9583857970284563,0.9576623049823856,15223,661,685
w,0.2,0.5,0.2,6,Gorilla_gorilla,Homo_sapiens,same-family,1,2,111,4,0,16362,89.92961876832844,0.9570563635228763,0.9654933568415087,0.9612563475644159,15333,548,688
w,0.2,0.5,0.2,6,Gorilla_gorilla,Homo_sapiens,same-family,2,0,221,4,0,16372,91.63832531957313,0.958185162477008,0.9836973626235287,0.9707736745659534,15628,259,682
w,0.2,0.5,0.2,6,Gorilla_gorilla,Homo_sapiens,same-family,2,1,221,3,0,16372,91.82500586441473,0.9583792385848942,0.9854616401283907,0.971731777701927,15658,231,680
w,0.2,0.5,0.2,6,Gorilla_gorilla,Homo_sapiens,same-family,2,2,221,3,0,16368,91.37243401759531,0.9580591599532624,0.9806130798766287,0.9692049272116462,15579,308,682
w,0.2,0.5,0.2,6,Gorilla_gorilla,Homo_sapiens,same-family,4,0,442,5,0,16383,92.84416573873293,0.958842755114393,0.9970419787274215,0.9775693437413224,15842,47,680
w,0.2,0.5,0.2,6,Gorilla_gorilla,Homo_sapiens,same-family,4,1,442,3,0,16370,92.8516976485076,0.958648665011806,0.9967266775777414,0.9773169151004536,15834,52,683
w,0.2,0.5,0.2,6,Gorilla_gorilla,Homo_sapiens,same-family,4,2,442,5,0,16383,92.65662544687335,0.9587628865979382,0.9950280067971553,0.9765588807560456,15810,79,680
w,0.2,0.5,0.2,6,Gorilla_gorilla,Homo_sapiens,same-family,8,0,884,5,0,16382,93.06686983531618,0.9588792947285792,0.999496475327291,0.9787666800209559,15880,8,681
w,0.2,0.5,0.2,6,Gorilla_gorilla,Homo_sapiens,same-family,8,1,884,4,0,16374,93.16289433563973,0.9589570255915016,0.9999370633771791,0.979018393566873,15888,1,680
w,0.2,0.5,0.2,6,Gorilla_gorilla,Homo_sapiens,same-family,8,2,884,6,1,16383,92.96723905526578,0.958895000906728,0.9983636478066586,0.9782313764183522,15863,26,680
w,0.2,0.5,0.2,6,Saimiri_boliviensis,Saimiri_sciureus,same-genus,1,0,110,2,0,16471,99.92109256449166,0.9997570751852302,0.9995142683667274,0.9996356570318193,16462,8,4
w,0.2,0.5,0.2,6,Saimiri_boliviensis,Saimiri_sciureus,same-genus,1,1,110,2,0,16473,99.9453717754173,0.9998785523439397,0.9996357455075279,0.9997571341833636,16466,6,2
w,0.2,0.5,0.2,6,Saimiri_boliviensis,Saimiri_sciureus,same-genus,1,2,110,2,0,16472,99.92716236722306,0.9998178063889226,0.9995142978568393,0.9996660290858306,16463,8,3
w,0.2,0.5,0.2,6,Saimiri_boliviensis,Saimiri_sciureus,same-genus,2,0,220,2,0,16473,99.96965098634294,0.9998785818358427,0.9998785818358427,0.9998785818358427,16470,2,2
w,0.2,0.5,0.2,6,Saimiri_boliviensis,Saimiri_sciureus,same-genus,2,1,220,2,0,16471,99.9575088017482,0.9998178506375228,0.9997571489284196,0.999787498861601,16467,4,3
w,0.2,0.5,0.2,6,Saimiri_boliviensis,Saimiri_sciureus,same-genus,2,2,220,2,0,16473,99.96357897292704,0.9999392798591292,0.9996964730164511,0.9998178616963148,16468,5,1
w,0.2,0.5,0.2,6,Saimiri_boliviensis,Saimiri_sciureus,same-genus,4,0,440,2,0,16474,100.0,1.0,1.0,1.0,16474,0,0
w,0.2,0.5,0.2,6,Saimiri_boliviensis,Saimiri_sciureus,same-genus,4,1,440,2,0,16474,100.0,1.0,1.0,1.0,16474,0,0
w,0.2,0.5,0.2,6,Saimiri_boliviensis,Saimiri_sciureus,same-genus,4,2,440,2,0,16474,100.0,1.0,1.0,1.0,16474,0,0
w,0.2,0.5,0.2,6,Saimiri_boliviensis,Saimiri_sciureus,same-genus,8,0,879,2,0,16474,99.98786039453718,0.9999392982882117,1.0,0.9999696482229034,16473,0,1
w,0.2,0.5,0.2,6,Saimiri_boliviensis,Saimiri_sciureus,same-genus,8,1,879,2,0,16474,99.98786039453718,0.9999392982882117,1.0,0.9999696482229034,16473,0,1
w,0.2,0.5,0.2,6,Saimiri_boliviensis,Saimiri_sciureus,same-genus,8,2,879,2,0,16474,100.0,1.0,1.0,1.0,16474,0,0
w,0.2,0.5,0.2,6,Varecia_variegata,Homo_sapiens,same-order,1,0,111,6,1,16952,70.62672759068089,0.9417074088003009,0.7927060909206027,0.8608064904259342,12520,3274,775
w,0.2,0.5,0.2,6,Varecia_variegata,Homo_sapiens,same-order,1,1,111,5,0,16958,71.69768753525099,0.9427469593592406,0.8047097550167753,0.8682763566818074,12712,3085,772
w,0.2,0.5,0.2,6,Varecia_variegata,Homo_sapiens,same-order,1,2,111,4,0,16954,69.83482721686678,0.9404084111440066,0.7848454130765332,0.8556134958731914,12388,3396,785
w,0.2,0.5,0.2,6,Varecia_variegata,Homo_sapiens,same-order,2,0,221,6,1,16937,74.4488411531939,0.9459168282697694,0.832701062215478,0.8857056390598205,13170,2646,753
w,0.2,0.5,0.2,6,Varecia_variegata,Homo_sapiens,same-order,2,1,221,5,0,16951,71.84608440532611,0.942770415340194,0.8061534565712839,0.8691260280517354,12734,3062,773
w,0.2,0.5,0.2,6,Varecia_variegata,Homo_sapiens,same-order,2,2,221,6,1,16931,75.21072580188947,0.9468698810626024,0.8402325728370094,0.8903696758639165,13295,2528,746
w,0.2,0.5,0.2,6,Varecia_variegata,Homo_sapiens,same-order,4,0,442,6,1,16921,79.92179530771847,0.951106015646075,0.8901161322898258,0.9196009389671362,14103,1741,725
w,0.2,0.5,0.2,6,Varecia_variegata,Homo_sapiens,same-order,4,1,442,6,1,16906,79.4072646908823,0.9497763318422123,0.8853297952994693,0.9164214243672749,14013,1815,741
w,0.2,0.5,0.2,6,Varecia_variegata,Homo_sapiens,same-order,4,2,442,6,1,16926,79.96147527052291,0.9511422602601254,0.8908104014137844,0.9199882671185998,14114,1730,725
w,0.2,0.5,0.2,6,Varecia_variegata,Homo_sapiens,same-order,8,0,884,6,1,16926,82.55048786022238,0.9539792841221975,0.9171235898405495,0.9351884579544358,14552,1315,702
w,0.2,0.5,0.2,6,Varecia_variegata,Homo_sapiens,same-order,8,1,884,6,1,16913,82.32157040735278,0.9531629770741641,0.9151109989909183,0.9337494771389041,14510,1346,713
w,0.2,0.5,0.2,6,Varecia_variegata,Homo_sapiens,same-order,8,2,884,6,1,16910,82.03643793631875,0.9532414429862165,0.9113493064312737,0.9318247751668118,14454,1406,709
w,0.3,0.5,0.3,6,Gorilla_gorilla,Homo_sapiens,same-family,1,0,111,3,0,16372,89.51627088830256,0.95717868338558,0.9610348734734987,0.9591029023746703,15267,619,683
w,0.3,0.5,0.3,6,Gorilla_gorilla,Homo_sapiens,same-family,1,1,111,2,0,16365,89.28445747800586,0.9569399044505909,0.9583857970284563,0.9576623049823856,15223,661,685
w,0.3,0.5,0.3,6,Gorilla_gorilla,Homo_sapiens,same-family,1,2,111,4,0,16362,89.92961876832844,0.9570563635228763,0.9654933568415087,0.9612563475644159,15333,548,688
w,0.3,0.5,0.3,6,Gorilla_gorilla,Homo_sapiens,same-family,2,0,221,4,0,16372,91.63832531957313,0.958185162477008,0.9836973626235287,0.9707736745659534,15628,259,682
w,0.3,0.5,0.3,6,Gorilla_gorilla,Homo_sapiens,same-family,2,1,221,3,0,16372,91.82500586441473,0.9583792385848942,0.9854616401283907,0.971731777701927,15658,231,680
w,0.3,0.5,0.3,6,Gorilla_gorilla,Homo_sapiens,same-family,2,2,221,3,0,16368,91.37243401759531,0.9580591599532624,0.9806130798766287,0.9692049272116462,15579,308,682
w,0.3,0.5,0.3,6,Gorilla_gorilla,Homo_sapiens,same-family,4,0,442,3,0,16371,92.18997361477572,0.9583104772353264,0.9898016997167138,0.9738015607580824,15723,162,684
w,0.3,0.5,0.3,6,Gorilla_gorilla,Homo_sapiens,same-family,4,1,442,4,0,16370,91.96622295197326,0.9582671391910057,0.9872214528515674,0.9725288354210592,15683,203,683
w,0.3,0.5,0.3,6,Gorilla_gorilla,Homo_sapiens,same-family,4,2,442,3,0,16374,91.72725140712946,0.9582287009248485,0.9847674199030654,0.971316818774446,15645,242,682
w,0.3,0.5,0.3,6,Gorilla_gorilla,Homo_sapiens,same-family,8,0,884,4,0,16373,92.9635276181541,0.9588146356214091,0.997860020140987,0.9779477531382044,15854,34,681
w,0.3,0.5,0.3,6,Gorilla_gorilla,Homo_sapiens,same-family,8,1,884,4,0,16375,93.04602755790091,0.9589099039216871,0.9987412675435836,0.9784203711696159,15869,20,680
w,0.3,0.5,0.3,6,Gorilla_gorilla,Homo_sapiens,same-family,8,2,884,5,0,16375,92.9287598944591,0.9588601851291669,0.9974825350871672,0.9777901166018879,15849,40,680
w,0.3,0.5,0.3,6,Saimiri_boliviensis,Saimiri_sciureus,same-genus,1,0,110,2,0,16471,99.92109256449166,0.9997570751852302,0.9995142683667274,0.9996356570318193,16462,8,4
w,0.3,0.5,0.3,6,Saimiri_boliviensis,Saimiri_sciureus,same-genus,1,1,110,2,0,16473,99.9453717754173,0.9998785523439397,0.9996357455075279,0.9997571341833636,16466,6,2
w,0.3,0.5,0.3,6,Saimiri_boliviensis,Saimiri_sciureus,same-genus,1,2,110,2,0,16472,99.92716236722306,0.9998178063889226,0.9995142978568393,0.9996660290858306,16463,8,3
w,0.3,0.5,0.3,6,Saimiri_boliviensis,Saimiri_sciureus,same-genus,2,0,220,2,0,16473,99.96965098634294,0.9998785818358427,0.9998785818358427,0.9998785818358427,16470,2,2
w,0.3,0.5,0.3,6,Saimiri_boliviensis,Saimiri_sciureus,same-genus,2,1,220,2,0,16471,99.9575088017482,0.9998178506375228,0.9997571489284196,0.999787498861601,16467,4,3
w,0.3,0.5,0.3,6,Saimiri_boliviensis,Saimiri_sciureus,same-genus,2,2,220,2,0,16473,99.96357897292704,0.9999392798591292,0.9996964730164511,0.9998178616963148,16468,5,1
w,0.3,0.5,0.3,6,Saimiri_boliviensis,Saimiri_sciureus,same-genus,4,0,440,2,0,16472,99.9453717754173,0.9998178395773878,0.9996964361605245,0.9997571341833636,16466,5,3
w,0.3,0.5,0.3,6,Saimiri_boliviensis,Saimiri_sciureus,same-genus,4,1,440,2,0,16474,99.99392982882117,1.0,0.9999392982882117,0.9999696482229034,16473,1,0
w,0.3,0.5,0.3,6,Saimiri_boliviensis,Saimiri_sciureus,same-genus,4,2,440,2,0,16474,99.97572078907436,0.9999392909179213,0.9998785892065805,0.9999089391409924,16471,2,1
w,0.3,0.5,0.3,6,Saimiri_boliviensis,Saimiri_sciureus,same-genus,8,0,879,2,0,16474,99.98786039453718,0.9999392982882117,1.0,0.9999696482229034,16473,0,1
w,0.3,0.5,0.3,6,Saimiri_boliviensis,Saimiri_sciureus,same-genus,8,1,879,2,0,16474,99.98786039453718,0.9999392982882117,1.0,0.9999696482229034,16473,0,1
w,0.3,0.5,0.3,6,Saimiri_boliviensis,Saimiri_sciureus,same-genus,8,2,879,2,0,16473,99.99392982882117,0.9999392982882117,1.0,0.9999696482229034,16473,0,1
w,0.3,0.5,0.3,6,Varecia_variegata,Homo_sapiens,same-order,1,0,111,6,1,16952,70.62672759068089,0.9417074088003009,0.7927060909206027,0.8608064904259342,12520,3274,775
w,0.3,0.5,0.3,6,Varecia_variegata,Homo_sapiens,same-order,1,1,111,5,0,16958,71.69768753525099,0.9427469593592406,0.8047097550167753,0.8682763566818074,12712,3085,772
w,0.3,0.5,0.3,6,Varecia_variegata,Homo_sapiens,same-order,1,2,111,4,0,16954,69.83482721686678,0.9404084111440066,0.7848454130765332,0.8556134958731914,12388,3396,785
w,0.3,0.5,0.3,6,Varecia_variegata,Homo_sapiens,same-order,2,0,221,6,1,16937,74.4488411531939,0.9459168282697694,0.832701062215478,0.8857056390598205,13170,2646,753
w,0.3,0.5,0.3,6,Varecia_variegata,Homo_sapiens,same-order,2,1,221,5,0,16951,71.84608440532611,0.942770415340194,0.8061534565712839,0.8691260280517354,12734,3062,773
w,0.3,0.5,0.3,6,Varecia_variegata,Homo_sapiens,same-order,2,2,221,6,1,16931,75.21072580188947,0.9468698810626024,0.8402325728370094,0.8903696758639165,13295,2528,746
w,0.3,0.5,0.3,6,Varecia_variegata,Homo_sapiens,same-order,4,0,442,6,1,16921,79.92179530771847,0.951106015646075,0.8901161322898258,0.9196009389671362,14103,1741,725
w,0.3,0.5,0.3,6,Varecia_variegata,Homo_sapiens,same-order,4,1,442,6,1,16906,79.4072646908823,0.9497763318422123,0.8853297952994693,0.9164214243672749,14013,1815,741
w,0.3,0.5,0.3,6,Varecia_variegata,Homo_sapiens,same-order,4,2,442,6,1,16926,79.96147527052291,0.9511422602601254,0.8908104014137844,0.9199882671185998,14114,1730,725
w,0.3,0.5,0.3,6,Varecia_variegata,Homo_sapiens,same-order,8,0,884,6,1,16926,82.35194009530292,0.9538734476641041,0.9149177538287011,0.9339895773016793,14517,1350,702
w,0.3,0.5,0.3,6,Varecia_variegata,Homo_sapiens,same-order,8,1,884,6,1,16913,82.00022691173133,0.9528675016479895,0.9117572852277028,0.9318592057761733,14455,1399,715
w,0.3,0.5,0.3,6,Varecia_variegata,Homo_sapiens,same-order,8,2,884,6,1,16912,81.61806422330648,0.9527152317880795,0.9073478397981709,0.9294782749151994,14386,1469,714
