reference,target,divergence,depth,replicate,iteration,method,n_reads,identity_pct,recall,precision,f1,c_theta,w_theta,u_t
Pan_troglodytes_NC_001643,Homo_sapiens_NA07000_real,same-family,0,0,0,initial_state,0,85.20095665869451,0.9612372490950971,0.914017521902378,0.9370328789093825,14606,1374,589
Pan_troglodytes_NC_001643,Homo_sapiens_NA07000_real,same-family,1,0,1,ASEM_no_recursion,110,89.34134531240885,0.962599786284493,0.9586828596469262,0.9606373302386852,15314,660,595
Pan_troglodytes_NC_001643,Homo_sapiens_NA07000_real,same-family,1,0,2,ASEM_no_recursion,110,89.47368421052632,0.9626467449306296,0.95993489420308,0.9612889069993417,15334,640,595
Pan_troglodytes_NC_001643,Homo_sapiens_NA07000_real,same-family,1,0,3,ASEM_no_recursion,110,89.47368421052632,0.9626467449306296,0.95993489420308,0.9612889069993417,15334,640,595
Pan_troglodytes_NC_001643,Homo_sapiens_NA07000_real,same-family,1,1,1,ASEM_no_recursion,110,89.79579929988331,0.9627197097641834,0.9635635134289113,0.9631414267834794,15391,582,596
Pan_troglodytes_NC_001643,Homo_sapiens_NA07000_real,same-family,1,1,2,ASEM_no_recursion,110,89.80746791131855,0.962543771885943,0.9638697557921102,0.9632063074901446,15393,577,599
Pan_troglodytes_NC_001643,Homo_sapiens_NA07000_real,same-family,1,1,3,ASEM_no_recursion,110,89.80746791131855,0.962543771885943,0.9638697557921102,0.9632063074901446,15393,577,599
Pan_troglodytes_NC_001643,Homo_sapiens_NA07000_real,same-family,1,2,1,ASEM_no_recursion,110,89.72518816733765,0.9626893702266183,0.9627496400175296,0.9627195041787961,15378,595,596
Pan_troglodytes_NC_001643,Homo_sapiens_NA07000_real,same-family,1,2,2,ASEM_no_recursion,110,89.87105432055546,0.9626875,0.9643751565239168,0.9635305892656074,15403,569,597
Pan_troglodytes_NC_001643,Homo_sapiens_NA07000_real,same-family,1,2,3,ASEM_no_recursion,110,89.87105432055546,0.9626875,0.9643751565239168,0.9635305892656074,15403,569,597
Pan_troglodytes_NC_001643,Homo_sapiens_NA07000_real,same-family,2,0,1,ASEM_no_recursion,221,91.50425954020305,0.9632086481174374,0.9819661865998748,0.9724969768379275,15682,288,599
Pan_troglodytes_NC_001643,Homo_sapiens_NA07000_real,same-family,2,0,2,ASEM_no_recursion,221,91.6442992181118,0.9632628028212205,0.9834690043832185,0.9732610379550735,15706,264,599
Pan_troglodytes_NC_001643,Homo_sapiens_NA07000_real,same-family,2,0,3,ASEM_no_recursion,221,91.6442992181118,0.9632628028212205,0.9834690043832185,0.9732610379550735,15706,264,599
Pan_troglodytes_NC_001643,Homo_sapiens_NA07000_real,same-family,2,0,4,ASEM_no_recursion,221,91.6442992181118,0.9632628028212205,0.9834690043832185,0.9732610379550735,15706,264,599
Pan_troglodytes_NC_001643,Homo_sapiens_NA07000_real,same-family,2,1,1,ASEM_no_recursion,221,91.25182375255325,0.9633417534347853,0.9788406160010016,0.9710293432696786,15636,338,595
Pan_troglodytes_NC_001643,Homo_sapiens_NA07000_real,same-family,2,1,2,ASEM_no_recursion,221,91.22847971987161,0.9633327170764775,0.9785902090897709,0.9709015247973666,15632,342,595
Pan_troglodytes_NC_001643,Homo_sapiens_NA07000_real,same-family,2,1,3,ASEM_no_recursion,221,91.22847971987161,0.9633327170764775,0.9785902090897709,0.9709015247973666,15632,342,595
Pan_troglodytes_NC_001643,Homo_sapiens_NA07000_real,same-family,2,2,1,ASEM_no_recursion,221,91.65062138981271,0.9633263829265302,0.9835326529334418,0.9733246584255042,15708,263,598
Pan_troglodytes_NC_001643,Homo_sapiens_NA07000_real,same-family,2,2,2,ASEM_no_recursion,221,91.76051817704382,0.9633645775899038,0.9845970822115083,0.9738651142627114,15725,246,598
Pan_troglodytes_NC_001643,Homo_sapiens_NA07000_real,same-family,2,2,3,ASEM_no_recursion,221,91.76051817704382,0.9633645775899038,0.9845970822115083,0.9738651142627114,15725,246,598
Pan_troglodytes_NC_001643,Homo_sapiens_NA07000_real,same-family,2,2,4,ASEM_no_recursion,221,91.76051817704382,0.9633645775899038,0.9845970822115083,0.9738651142627114,15725,246,598
Pan_troglodytes_NC_001643,Homo_sapiens_NA07000_real,same-family,3,0,1,ASEM_no_recursion,331,92.40868246003035,0.9632625752691442,0.9919824616348262,0.9774115904462137,15837,128,604
Pan_troglodytes_NC_001643,Homo_sapiens_NA07000_real,same-family,3,0,2,ASEM_no_recursion,331,92.54288715135955,0.9631383980081375,0.9936098233304097,0.9781368528169231,15860,102,607
Pan_troglodytes_NC_001643,Homo_sapiens_NA07000_real,same-family,3,0,3,ASEM_no_recursion,331,92.54288715135955,0.9631383980081375,0.9936098233304097,0.9781368528169231,15860,102,607
Pan_troglodytes_NC_001643,Homo_sapiens_NA07000_real,same-family,3,0,4,ASEM_no_recursion,331,92.54288715135955,0.9631383980081375,0.9936098233304097,0.9781368528169231,15860,102,607
Pan_troglodytes_NC_001643,Homo_sapiens_NA07000_real,same-family,3,1,1,ASEM_no_recursion,331,92.4719887955182,0.9635755548799027,0.9922354414527239,0.9776955113373438,15846,124,599
Pan_troglodytes_NC_001643,Homo_sapiens_NA07000_real,same-family,3,1,2,ASEM_no_recursion,331,92.55952380952381,0.9636087484811665,0.9931747025673137,0.9781683626271971,15861,109,599
Pan_troglodytes_NC_001643,Homo_sapiens_NA07000_real,same-family,3,1,3,ASEM_no_recursion,331,92.55952380952381,0.9636087484811665,0.9931747025673137,0.9781683626271971,15861,109,599
Pan_troglodytes_NC_001643,Homo_sapiens_NA07000_real,same-family,3,2,1,ASEM_no_recursion,331,92.5958340626641,0.9634531325886353,0.993924970251143,0.9784518634976418,15870,97,602
Pan_troglodytes_NC_001643,Homo_sapiens_NA07000_real,same-family,3,2,2,ASEM_no_recursion,331,92.67709184268877,0.9634235108576974,0.9948014530878116,0.9788610871440896,15883,83,603
Pan_troglodytes_NC_001643,Homo_sapiens_NA07000_real,same-family,3,2,3,ASEM_no_recursion,331,92.67709184268877,0.9634235108576974,0.9948014530878116,0.9788610871440896,15883,83,603
Pan_troglodytes_NC_001643,Homo_sapiens_NA07000_real,same-family,3,2,4,ASEM_no_recursion,331,92.67709184268877,0.9634235108576974,0.9948014530878116,0.9788610871440896,15883,83,603
Pan_troglodytes_NC_001643,Homo_sapiens_NA07000_real,same-family,4,0,1,ASEM_no_recursion,442,92.68790849673202,0.9634235108576974,0.9948014530878116,0.9788610871440896,15883,83,603
Pan_troglodytes_NC_001643,Homo_sapiens_NA07000_real,same-family,4,0,2,ASEM_no_recursion,442,92.80961830278977,0.9634656164798546,0.9959914818990354,0.9794585938221799,15902,64,603
Pan_troglodytes_NC_001643,Homo_sapiens_NA07000_real,same-family,4,0,3,ASEM_no_recursion,442,92.80961830278977,0.9634656164798546,0.9959914818990354,0.9794585938221799,15902,64,603
Pan_troglodytes_NC_001643,Homo_sapiens_NA07000_real,same-family,4,0,4,ASEM_no_recursion,442,92.80961830278977,0.9634656164798546,0.9959914818990354,0.9794585938221799,15902,64,603
Pan_troglodytes_NC_001643,Homo_sapiens_NA07000_real,same-family,4,1,1,ASEM_no_recursion,442,92.60037348272643,0.9635071953366932,0.9937374749498998,0.9783888768998366,15868,100,601
Pan_troglodytes_NC_001643,Homo_sapiens_NA07000_real,same-family,4,1,2,ASEM_no_recursion,442,92.6637095832847,0.9635271270785289,0.9943011022044088,0.9786722554398077,15877,91,601
Pan_troglodytes_NC_001643,Homo_sapiens_NA07000_real,same-family,4,1,3,ASEM_no_recursion,442,92.6637095832847,0.9635271270785289,0.9943011022044088,0.9786722554398077,15877,91,601
Pan_troglodytes_NC_001643,Homo_sapiens_NA07000_real,same-family,4,1,4,ASEM_no_recursion,442,92.6637095832847,0.9635271270785289,0.9943011022044088,0.9786722554398077,15877,91,601
Pan_troglodytes_NC_001643,Homo_sapiens_NA07000_real,same-family,4,2,1,ASEM_no_recursion,442,92.75294666822266,0.9634523304442694,0.9956156833270701,0.9792699830586786,15896,70,603
Pan_troglodytes_NC_001643,Homo_sapiens_NA07000_real,same-family,4,2,2,ASEM_no_recursion,442,92.82296650717703,0.9634788928593059,0.9963672804710009,0.9796471348954645,15908,58,603
Pan_troglodytes_NC_001643,Homo_sapiens_NA07000_real,same-family,4,2,3,ASEM_no_recursion,442,92.82296650717703,0.9634788928593059,0.9963672804710009,0.9796471348954645,15908,58,603
Pan_troglodytes_NC_001643,Homo_sapiens_NA07000_real,same-family,5,0,1,ASEM_no_recursion,552,92.70541549953315,0.9634885977680737,0.994927037013841,0.9789554768140502,15886,81,602
Pan_troglodytes_NC_001643,Homo_sapiens_NA07000_real,same-family,5,0,2,ASEM_no_recursion,552,92.84547152194212,0.9635416666666666,0.9964301371578882,0.9797099664398535,15910,57,602
Pan_troglodytes_NC_001643,Homo_sapiens_NA07000_real,same-family,5,0,3,ASEM_no_recursion,552,92.86297852474323,0.9635482894338481,0.996618024675894,0.9798041992488148,15913,54,602
Pan_troglodytes_NC_001643,Homo_sapiens_NA07000_real,same-family,5,0,4,ASEM_no_recursion,552,92.8688141923436,0.9635504964882539,0.9966806538485626,0.9798356063171505,15914,53,602
Pan_troglodytes_NC_001643,Homo_sapiens_NA07000_real,same-family,5,0,5,ASEM_no_recursion,552,92.8688141923436,0.9635504964882539,0.9966806538485626,0.9798356063171505,15914,53,602
Pan_troglodytes_NC_001643,Homo_sapiens_NA07000_real,same-family,5,1,1,ASEM_no_recursion,552,92.8567259994164,0.9636022286821705,0.9964303607214429,0.9797413793103447,15911,57,601
Pan_troglodytes_NC_001643,Homo_sapiens_NA07000_real,same-family,5,1,2,ASEM_no_recursion,552,92.92675809746133,0.9636286613410796,0.9971818637274549,0.9801181829373384,15923,45,601
Pan_troglodytes_NC_001643,Homo_sapiens_NA07000_real,same-family,5,1,3,ASEM_no_recursion,552,92.92675809746133,0.9636286613410796,0.9971818637274549,0.9801181829373384,15923,45,601
Pan_troglodytes_NC_001643,Homo_sapiens_NA07000_real,same-family,5,2,1,ASEM_no_recursion,552,92.72875816993464,0.9634390347420118,0.9952398847551046,0.9790813025663144,15890,76,603
Pan_troglodytes_NC_001643,Homo_sapiens_NA07000_real,same-family,5,2,2,ASEM_no_recursion,552,92.88549083693242,0.9634943697784235,0.9968057121382938,0.9798670114517917,15915,51,603
Pan_troglodytes_NC_001643,Homo_sapiens_NA07000_real,same-family,5,2,3,ASEM_no_recursion,552,92.88549083693242,0.9634943697784235,0.9968057121382938,0.9798670114517917,15915,51,603
Pan_troglodytes_NC_001643,Homo_sapiens_NA07000_real,same-family,5,2,4,ASEM_no_recursion,552,92.88549083693242,0.9634943697784235,0.9968057121382938,0.9798670114517917,15915,51,603
Pan_troglodytes_NC_001643,Homo_sapiens_NA07000_real,same-family,5,2,5,ASEM_no_recursion,552,92.88549083693242,0.9634943697784235,0.9968057121382938,0.9798670114517917,15915,51,603
Pan_troglodytes_NC_001643,Homo_sapiens_NA07000_real,same-family,6,0,1,ASEM_no_recursion,663,92.84547152194212,0.9634833161751347,0.996492546661656,0.9797099664398534,15910,56,603
Pan_troglodytes_NC_001643,Homo_sapiens_NA07000_real,same-family,6,0,2,ASEM_no_recursion,663,92.93843011380216,0.9635164569215876,0.9974320430915696,0.9801809564842741,15925,41,603
Pan_troglodytes_NC_001643,Homo_sapiens_NA07000_real,same-family,6,0,3,ASEM_no_recursion,663,92.93843011380216,0.9635164569215876,0.9974320430915696,0.9801809564842741,15925,41,603
Pan_troglodytes_NC_001643,Homo_sapiens_NA07000_real,same-family,6,0,4,ASEM_no_recursion,663,92.93843011380216,0.9635164569215876,0.9974320430915696,0.9801809564842741,15925,41,603
Pan_troglodytes_NC_001643,Homo_sapiens_NA07000_real,same-family,6,1,1,ASEM_no_recursion,663,92.88048552754435,0.9637883008356546,0.9965562582180202,0.9798984146529167,15916,55,598
Pan_troglodytes_NC_001643,Homo_sapiens_NA07000_real,same-family,6,1,2,ASEM_no_recursion,663,92.91467258083343,0.9637970698631796,0.9968067121658005,0.9800240081258272,15920,51,598
Pan_troglodytes_NC_001643,Homo_sapiens_NA07000_real,same-family,6,1,3,ASEM_no_recursion,663,92.91467258083343,0.9637970698631796,0.9968067121658005,0.9800240081258272,15920,51,598
Pan_troglodytes_NC_001643,Homo_sapiens_NA07000_real,same-family,6,1,4,ASEM_no_recursion,663,92.91467258083343,0.9637970698631796,0.9968067121658005,0.9800240081258272,15920,51,598
Pan_troglodytes_NC_001643,Homo_sapiens_NA07000_real,same-family,6,2,1,ASEM_no_recursion,663,92.76377217553689,0.9635107285731603,0.9955533287405274,0.9792699830586785,15896,71,602
Pan_troglodytes_NC_001643,Homo_sapiens_NA07000_real,same-family,6,2,2,ASEM_no_recursion,663,92.86297852474323,0.9635482894338481,0.996618024675894,0.9798041992488148,15913,54,602
Pan_troglodytes_NC_001643,Homo_sapiens_NA07000_real,same-family,6,2,3,ASEM_no_recursion,663,92.86297852474323,0.9635482894338481,0.996618024675894,0.9798041992488148,15913,54,602
Pan_troglodytes_NC_001643,Homo_sapiens_NA07000_real,same-family,7,0,1,ASEM_no_recursion,773,92.8921568627451,0.9636759898292772,0.9968063122299455,0.9799612152553329,15918,51,600
Pan_troglodytes_NC_001643,Homo_sapiens_NA07000_real,same-family,7,0,2,ASEM_no_recursion,773,92.97928217099503,0.9637067505443987,0.9976830108334899,0.9804006030583674,15932,37,600
Pan_troglodytes_NC_001643,Homo_sapiens_NA07000_real,same-family,7,0,3,ASEM_no_recursion,773,92.97928217099503,0.9637067505443987,0.9976830108334899,0.9804006030583674,15932,37,600
Pan_troglodytes_NC_001643,Homo_sapiens_NA07000_real,same-family,7,0,4,ASEM_no_recursion,773,92.97928217099503,0.9637067505443987,0.9976830108334899,0.9804006030583674,15932,37,600
Pan_troglodytes_NC_001643,Homo_sapiens_NA07000_real,same-family,7,0,5,ASEM_no_recursion,773,92.97928217099503,0.9637067505443987,0.9976830108334899,0.9804006030583674,15932,37,600
Pan_troglodytes_NC_001643,Homo_sapiens_NA07000_real,same-family,7,1,1,ASEM_no_recursion,773,92.9563492063492,0.9635252842971207,0.9976825754728799,0.9803064803987938,15929,37,603
Pan_troglodytes_NC_001643,Homo_sapiens_NA07000_real,same-family,7,1,2,ASEM_no_recursion,773,92.99638146375628,0.9635363125113382,0.9979957409495177,0.9804633418453681,15934,32,603
Pan_troglodytes_NC_001643,Homo_sapiens_NA07000_real,same-family,7,1,3,ASEM_no_recursion,773,92.99638146375628,0.9635363125113382,0.9979957409495177,0.9804633418453681,15934,32,603
Pan_troglodytes_NC_001643,Homo_sapiens_NA07000_real,same-family,7,1,4,ASEM_no_recursion,773,92.99638146375628,0.9635363125113382,0.9979957409495177,0.9804633418453681,15934,32,603
Pan_troglodytes_NC_001643,Homo_sapiens_NA07000_real,same-family,7,2,1,ASEM_no_recursion,773,92.90465631929047,0.963451530920973,0.9973066082054495,0.9800867932658274,15922,43,604
Pan_troglodytes_NC_001643,Homo_sapiens_NA07000_real,same-family,7,2,2,ASEM_no_recursion,773,92.97303606863547,0.96346921495101,0.9978077043532728,0.9803378565494323,15930,35,604
Pan_troglodytes_NC_001643,Homo_sapiens_NA07000_real,same-family,7,2,3,ASEM_no_recursion,773,92.97303606863547,0.96346921495101,0.9978077043532728,0.9803378565494323,15930,35,604
Pan_troglodytes_NC_001643,Homo_sapiens_NA07000_real,same-family,8,0,1,ASEM_no_recursion,884,92.92717086834733,0.9636891793754538,0.9971820402028931,0.980149570676761,15924,45,600
Pan_troglodytes_NC_001643,Homo_sapiens_NA07000_real,same-family,8,0,2,ASEM_no_recursion,884,92.98552754435107,0.9635363125113382,0.9979957409495177,0.9804633418453681,15934,32,603
Pan_troglodytes_NC_001643,Homo_sapiens_NA07000_real,same-family,8,0,3,ASEM_no_recursion,884,92.98552754435107,0.9635363125113382,0.9979957409495177,0.9804633418453681,15934,32,603
Pan_troglodytes_NC_001643,Homo_sapiens_NA07000_real,same-family,8,1,1,ASEM_no_recursion,884,92.93843011380216,0.96345816443826,0.9974945192608832,0.980180956484274,15925,40,604
Pan_troglodytes_NC_001643,Homo_sapiens_NA07000_real,same-family,8,1,2,ASEM_no_recursion,884,92.97887241741566,0.9634714242515875,0.9978703413717507,0.9803692307692308,15931,34,604
Pan_troglodytes_NC_001643,Homo_sapiens_NA07000_real,same-family,8,1,3,ASEM_no_recursion,884,92.97887241741566,0.9634714242515875,0.9978703413717507,0.9803692307692308,15931,34,604
Pan_troglodytes_NC_001643,Homo_sapiens_NA07000_real,same-family,8,1,4,ASEM_no_recursion,884,92.97887241741566,0.9634714242515875,0.9978703413717507,0.9803692307692308,15931,34,604
Pan_troglodytes_NC_001643,Homo_sapiens_NA07000_real,same-family,8,2,1,ASEM_no_recursion,884,92.90966386554622,0.9635076252723311,0.9971815107102593,0.9800554016620499,15921,45,603
Pan_troglodytes_NC_001643,Homo_sapiens_NA07000_real,same-family,8,2,2,ASEM_no_recursion,884,92.96719971985526,0.9635252842971207,0.9976825754728799,0.9803064803987938,15929,37,603
Pan_troglodytes_NC_001643,Homo_sapiens_NA07000_real,same-family,8,2,3,ASEM_no_recursion,884,92.96719971985526,0.9635252842971207,0.9976825754728799,0.9803064803987938,15929,37,603
Pan_troglodytes_NC_001643,Homo_sapiens_NA07000_real,same-family,8,2,4,ASEM_no_recursion,884,92.96719971985526,0.9635252842971207,0.9976825754728799,0.9803064803987938,15929,37,603
Pan_troglodytes_NC_001643,Homo_sapiens_NA07000_real,same-family,1,0,1,ASEM_recursion,110,89.34134531240885,0.962599786284493,0.9586828596469262,0.9606373302386852,15314,660,595
Pan_troglodytes_NC_001643,Homo_sapiens_NA07000_real,same-family,1,0,2,ASEM_recursion,110,89.47368421052632,0.9626467449306296,0.95993489420308,0.9612889069993417,15334,640,595
Pan_troglodytes_NC_001643,Homo_sapiens_NA07000_real,same-family,1,0,3,ASEM_recursion,110,89.47368421052632,0.9626467449306296,0.95993489420308,0.9612889069993417,15334,640,595
Pan_troglodytes_NC_001643,Homo_sapiens_NA07000_real,same-family,1,1,1,ASEM_recursion,110,89.79579929988331,0.9627197097641834,0.9635635134289113,0.9631414267834794,15391,582,596
Pan_troglodytes_NC_001643,Homo_sapiens_NA07000_real,same-family,1,1,2,ASEM_recursion,110,89.80746791131855,0.962543771885943,0.9638697557921102,0.9632063074901446,15393,577,599
Pan_troglodytes_NC_001643,Homo_sapiens_NA07000_real,same-family,1,1,3,ASEM_recursion,110,89.80746791131855,0.962543771885943,0.9638697557921102,0.9632063074901446,15393,577,599
Pan_troglodytes_NC_001643,Homo_sapiens_NA07000_real,same-family,1,2,1,ASEM_recursion,110,89.72518816733765,0.9626893702266183,0.9627496400175296,0.9627195041787961,15378,595,596
Pan_troglodytes_NC_001643,Homo_sapiens_NA07000_real,same-family,1,2,2,ASEM_recursion,110,89.87105432055546,0.9626875,0.9643751565239168,0.9635305892656074,15403,569,597
Pan_troglodytes_NC_001643,Homo_sapiens_NA07000_real,same-family,1,2,3,ASEM_recursion,110,89.87105432055546,0.9626875,0.9643751565239168,0.9635305892656074,15403,569,597
Pan_troglodytes_NC_001643,Homo_sapiens_NA07000_real,same-family,2,0,1,ASEM_recursion,221,91.50425954020305,0.9632086481174374,0.9819661865998748,0.9724969768379275,15682,288,599
Pan_troglodytes_NC_001643,Homo_sapiens_NA07000_real,same-family,2,0,2,ASEM_recursion,221,91.6442992181118,0.9632628028212205,0.9834690043832185,0.9732610379550735,15706,264,599
Pan_troglodytes_NC_001643,Homo_sapiens_NA07000_real,same-family,2,0,3,ASEM_recursion,221,91.6442992181118,0.9632628028212205,0.9834690043832185,0.9732610379550735,15706,264,599
Pan_troglodytes_NC_001643,Homo_sapiens_NA07000_real,same-family,2,0,4,ASEM_recursion,221,91.6442992181118,0.9632628028212205,0.9834690043832185,0.9732610379550735,15706,264,599
Pan_troglodytes_NC_001643,Homo_sapiens_NA07000_real,same-family,2,1,1,ASEM_recursion,221,91.25182375255325,0.9633417534347853,0.9788406160010016,0.9710293432696786,15636,338,595
Pan_troglodytes_NC_001643,Homo_sapiens_NA07000_real,same-family,2,1,2,ASEM_recursion,221,91.22847971987161,0.9633327170764775,0.9785902090897709,0.9709015247973666,15632,342,595
Pan_troglodytes_NC_001643,Homo_sapiens_NA07000_real,same-family,2,1,3,ASEM_recursion,221,91.22847971987161,0.9633327170764775,0.9785902090897709,0.9709015247973666,15632,342,595
Pan_troglodytes_NC_001643,Homo_sapiens_NA07000_real,same-family,2,2,1,ASEM_recursion,221,91.65062138981271,0.9633263829265302,0.9835326529334418,0.9733246584255042,15708,263,598
Pan_troglodytes_NC_001643,Homo_sapiens_NA07000_real,same-family,2,2,2,ASEM_recursion,221,91.76051817704382,0.9633645775899038,0.9845970822115083,0.9738651142627114,15725,246,598
Pan_troglodytes_NC_001643,Homo_sapiens_NA07000_real,same-family,2,2,3,ASEM_recursion,221,91.76051817704382,0.9633645775899038,0.9845970822115083,0.9738651142627114,15725,246,598
Pan_troglodytes_NC_001643,Homo_sapiens_NA07000_real,same-family,2,2,4,ASEM_recursion,221,91.76051817704382,0.9633645775899038,0.9845970822115083,0.9738651142627114,15725,246,598
Pan_troglodytes_NC_001643,Homo_sapiens_NA07000_real,same-family,3,0,1,ASEM_recursion,331,92.41451744660988,0.9632648096338645,0.9920450986533041,0.9774431449995371,15838,127,604
Pan_troglodytes_NC_001643,Homo_sapiens_NA07000_real,same-family,3,0,2,ASEM_recursion,331,92.54872213793908,0.9631406363857178,0.9936724721212881,0.978168362627197,15861,101,607
Pan_troglodytes_NC_001643,Homo_sapiens_NA07000_real,same-family,3,0,3,ASEM_recursion,331,92.54872213793908,0.9631406363857178,0.9936724721212881,0.978168362627197,15861,101,607
Pan_troglodytes_NC_001643,Homo_sapiens_NA07000_real,same-family,3,0,4,ASEM_recursion,331,92.54872213793908,0.9631406363857178,0.9936724721212881,0.978168362627197,15861,101,607
Pan_troglodytes_NC_001643,Homo_sapiens_NA07000_real,same-family,3,1,1,ASEM_recursion,331,92.4719887955182,0.9635755548799027,0.9922354414527239,0.9776955113373438,15846,124,599
Pan_troglodytes_NC_001643,Homo_sapiens_NA07000_real,same-family,3,1,2,ASEM_recursion,331,92.55952380952381,0.9636087484811665,0.9931747025673137,0.9781683626271971,15861,109,599
Pan_troglodytes_NC_001643,Homo_sapiens_NA07000_real,same-family,3,1,3,ASEM_recursion,331,92.55952380952381,0.9636087484811665,0.9931747025673137,0.9781683626271971,15861,109,599
Pan_troglodytes_NC_001643,Homo_sapiens_NA07000_real,same-family,3,2,1,ASEM_recursion,331,92.5958340626641,0.9634531325886353,0.993924970251143,0.9784518634976418,15870,97,602
Pan_troglodytes_NC_001643,Homo_sapiens_NA07000_real,same-family,3,2,2,ASEM_recursion,331,92.67709184268877,0.9634235108576974,0.9948014530878116,0.9788610871440896,15883,83,603
Pan_troglodytes_NC_001643,Homo_sapiens_NA07000_real,same-family,3,2,3,ASEM_recursion,331,92.67709184268877,0.9634235108576974,0.9948014530878116,0.9788610871440896,15883,83,603
Pan_troglodytes_NC_001643,Homo_sapiens_NA07000_real,same-family,3,2,4,ASEM_recursion,331,92.67709184268877,0.9634235108576974,0.9948014530878116,0.9788610871440896,15883,83,603
Pan_troglodytes_NC_001643,Homo_sapiens_NA07000_real,same-family,4,0,1,ASEM_recursion,442,92.69957983193277,0.9634279475982532,0.9949267192784668,0.9789240155296728,15885,81,603
Pan_troglodytes_NC_001643,Homo_sapiens_NA07000_real,same-family,4,0,2,ASEM_recursion,442,92.82129100035019,0.9634700430120555,0.9961167480896906,0.9795214485880579,15904,62,603
Pan_troglodytes_NC_001643,Homo_sapiens_NA07000_real,same-family,4,0,3,ASEM_recursion,442,92.82129100035019,0.9634700430120555,0.9961167480896906,0.9795214485880579,15904,62,603
Pan_troglodytes_NC_001643,Homo_sapiens_NA07000_real,same-family,4,1,1,ASEM_recursion,442,92.60037348272643,0.9635071953366932,0.9937374749498998,0.9783888768998366,15868,100,601
Pan_troglodytes_NC_001643,Homo_sapiens_NA07000_real,same-family,4,1,2,ASEM_recursion,442,92.6637095832847,0.9635271270785289,0.9943011022044088,0.9786722554398077,15877,91,601
Pan_troglodytes_NC_001643,Homo_sapiens_NA07000_real,same-family,4,1,3,ASEM_recursion,442,92.6637095832847,0.9635271270785289,0.9943011022044088,0.9786722554398077,15877,91,601
Pan_troglodytes_NC_001643,Homo_sapiens_NA07000_real,same-family,4,1,4,ASEM_recursion,442,92.6637095832847,0.9635271270785289,0.9943011022044088,0.9786722554398077,15877,91,601
Pan_troglodytes_NC_001643,Homo_sapiens_NA07000_real,same-family,4,2,1,ASEM_recursion,442,92.75294666822266,0.9634523304442694,0.9956156833270701,0.9792699830586786,15896,70,603
Pan_troglodytes_NC_001643,Homo_sapiens_NA07000_real,same-family,4,2,2,ASEM_recursion,442,92.82296650717703,0.9634788928593059,0.9963672804710009,0.9796471348954645,15908,58,603
Pan_troglodytes_NC_001643,Homo_sapiens_NA07000_real,same-family,4,2,3,ASEM_recursion,442,92.82296650717703,0.9634788928593059,0.9963672804710009,0.9796471348954645,15908,58,603
Pan_troglodytes_NC_001643,Homo_sapiens_NA07000_real,same-family,5,0,1,ASEM_recursion,552,92.69957983193277,0.9634863832110148,0.9948644078411725,0.9789240155296729,15885,82,602
Pan_troglodytes_NC_001643,Homo_sapiens_NA07000_real,same-family,5,0,2,ASEM_recursion,552,92.84547152194212,0.9635416666666666,0.9964301371578882,0.9797099664398535,15910,57,602
Pan_troglodytes_NC_001643,Homo_sapiens_NA07000_real,same-family,5,0,3,ASEM_recursion,552,92.86297852474323,0.9635482894338481,0.996618024675894,0.9798041992488148,15913,54,602
Pan_troglodytes_NC_001643,Homo_sapiens_NA07000_real,same-family,5,0,4,ASEM_recursion,552,92.8688141923436,0.9635504964882539,0.9966806538485626,0.9798356063171505,15914,53,602
Pan_troglodytes_NC_001643,Homo_sapiens_NA07000_real,same-family,5,0,5,ASEM_recursion,552,92.8688141923436,0.9635504964882539,0.9966806538485626,0.9798356063171505,15914,53,602
Pan_troglodytes_NC_001643,Homo_sapiens_NA07000_real,same-family,5,1,1,ASEM_recursion,552,92.85088999124599,0.9636000242262734,0.9963677354709419,0.9797099664398535,15910,58,601
Pan_troglodytes_NC_001643,Homo_sapiens_NA07000_real,same-family,5,1,2,ASEM_recursion,552,92.92092208929093,0.9636264600859408,0.9971192384769539,0.9800867932658274,15922,46,601
Pan_troglodytes_NC_001643,Homo_sapiens_NA07000_real,same-family,5,1,3,ASEM_recursion,552,92.92092208929093,0.9636264600859408,0.9971192384769539,0.9800867932658274,15922,46,601
Pan_troglodytes_NC_001643,Homo_sapiens_NA07000_real,same-family,5,2,1,ASEM_recursion,552,92.72875816993464,0.9634390347420118,0.9952398847551046,0.9790813025663144,15890,76,603
Pan_troglodytes_NC_001643,Homo_sapiens_NA07000_real,same-family,5,2,2,ASEM_recursion,552,92.88007003209805,0.9634943697784235,0.9968057121382938,0.9798670114517917,15915,51,603
Pan_troglodytes_NC_001643,Homo_sapiens_NA07000_real,same-family,5,2,3,ASEM_recursion,552,92.88007003209805,0.9634943697784235,0.9968057121382938,0.9798670114517917,15915,51,603
Pan_troglodytes_NC_001643,Homo_sapiens_NA07000_real,same-family,5,2,4,ASEM_recursion,552,92.88007003209805,0.9634943697784235,0.9968057121382938,0.9798670114517917,15915,51,603
Pan_troglodytes_NC_001643,Homo_sapiens_NA07000_real,same-family,5,2,5,ASEM_recursion,552,92.88007003209805,0.9634943697784235,0.9968057121382938,0.9798670114517917,15915,51,603
Pan_troglodytes_NC_001643,Homo_sapiens_NA07000_real,same-family,6,0,1,ASEM_recursion,663,92.84547152194212,0.9634833161751347,0.996492546661656,0.9797099664398534,15910,56,603
Pan_troglodytes_NC_001643,Homo_sapiens_NA07000_real,same-family,6,0,2,ASEM_recursion,663,92.93843011380216,0.9635164569215876,0.9974320430915696,0.9801809564842741,15925,41,603
Pan_troglodytes_NC_001643,Homo_sapiens_NA07000_real,same-family,6,0,3,ASEM_recursion,663,92.93843011380216,0.9635164569215876,0.9974320430915696,0.9801809564842741,15925,41,603
Pan_troglodytes_NC_001643,Homo_sapiens_NA07000_real,same-family,6,1,1,ASEM_recursion,663,92.88048552754435,0.9637883008356546,0.9965562582180202,0.9798984146529167,15916,55,598
Pan_troglodytes_NC_001643,Homo_sapiens_NA07000_real,same-family,6,1,2,ASEM_recursion,663,92.92009572170664,0.9637970698631796,0.9968067121658005,0.9800240081258272,15920,51,598
Pan_troglodytes_NC_001643,Homo_sapiens_NA07000_real,same-family,6,1,3,ASEM_recursion,663,92.92009572170664,0.9637970698631796,0.9968067121658005,0.9800240081258272,15920,51,598
Pan_troglodytes_NC_001643,Homo_sapiens_NA07000_real,same-family,6,1,4,ASEM_recursion,663,92.92009572170664,0.9637970698631796,0.9968067121658005,0.9800240081258272,15920,51,598
Pan_troglodytes_NC_001643,Homo_sapiens_NA07000_real,same-family,6,2,1,ASEM_recursion,663,92.76377217553689,0.9635107285731603,0.9955533287405274,0.9792699830586785,15896,71,602
Pan_troglodytes_NC_001643,Homo_sapiens_NA07000_real,same-family,6,2,2,ASEM_recursion,663,92.873818139372,0.9635482894338481,0.996618024675894,0.9798041992488148,15913,54,602
Pan_troglodytes_NC_001643,Homo_sapiens_NA07000_real,same-family,6,2,3,ASEM_recursion,663,92.873818139372,0.9635482894338481,0.996618024675894,0.9798041992488148,15913,54,602
Pan_troglodytes_NC_001643,Homo_sapiens_NA07000_real,same-family,7,0,1,ASEM_recursion,773,92.8921568627451,0.9636759898292772,0.9968063122299455,0.9799612152553329,15918,51,600
Pan_troglodytes_NC_001643,Homo_sapiens_NA07000_real,same-family,7,0,2,ASEM_recursion,773,92.97928217099503,0.9637067505443987,0.9976830108334899,0.9804006030583674,15932,37,600
Pan_troglodytes_NC_001643,Homo_sapiens_NA07000_real,same-family,7,0,3,ASEM_recursion,773,92.97928217099503,0.9637067505443987,0.9976830108334899,0.9804006030583674,15932,37,600
Pan_troglodytes_NC_001643,Homo_sapiens_NA07000_real,same-family,7,0,4,ASEM_recursion,773,92.97928217099503,0.9637067505443987,0.9976830108334899,0.9804006030583674,15932,37,600
Pan_troglodytes_NC_001643,Homo_sapiens_NA07000_real,same-family,7,0,5,ASEM_recursion,773,92.97928217099503,0.9637067505443987,0.9976830108334899,0.9804006030583674,15932,37,600
Pan_troglodytes_NC_001643,Homo_sapiens_NA07000_real,same-family,7,1,1,ASEM_recursion,773,92.9563492063492,0.9635252842971207,0.9976825754728799,0.9803064803987938,15929,37,603
Pan_troglodytes_NC_001643,Homo_sapiens_NA07000_real,same-family,7,1,2,ASEM_recursion,773,92.99638146375628,0.9635363125113382,0.9979957409495177,0.9804633418453681,15934,32,603
Pan_troglodytes_NC_001643,Homo_sapiens_NA07000_real,same-family,7,1,3,ASEM_recursion,773,92.99638146375628,0.9635363125113382,0.9979957409495177,0.9804633418453681,15934,32,603
Pan_troglodytes_NC_001643,Homo_sapiens_NA07000_real,same-family,7,1,4,ASEM_recursion,773,92.99638146375628,0.9635363125113382,0.9979957409495177,0.9804633418453681,15934,32,603
Pan_troglodytes_NC_001643,Homo_sapiens_NA07000_real,same-family,7,2,1,ASEM_recursion,773,92.91007760985003,0.963451530920973,0.9973066082054495,0.9800867932658274,15922,43,604
Pan_troglodytes_NC_001643,Homo_sapiens_NA07000_real,same-family,7,2,2,ASEM_recursion,773,92.97303606863547,0.96346921495101,0.9978077043532728,0.9803378565494323,15930,35,604
Pan_troglodytes_NC_001643,Homo_sapiens_NA07000_real,same-family,7,2,3,ASEM_recursion,773,92.97303606863547,0.96346921495101,0.9978077043532728,0.9803378565494323,15930,35,604
Pan_troglodytes_NC_001643,Homo_sapiens_NA07000_real,same-family,8,0,1,ASEM_recursion,884,92.92717086834733,0.9636891793754538,0.9971820402028931,0.980149570676761,15924,45,600
Pan_troglodytes_NC_001643,Homo_sapiens_NA07000_real,same-family,8,0,2,ASEM_recursion,884,92.99095418733586,0.9635363125113382,0.9979957409495177,0.9804633418453681,15934,32,603
Pan_troglodytes_NC_001643,Homo_sapiens_NA07000_real,same-family,8,0,3,ASEM_recursion,884,92.99638146375628,0.9635363125113382,0.9979957409495177,0.9804633418453681,15934,32,603
Pan_troglodytes_NC_001643,Homo_sapiens_NA07000_real,same-family,8,0,4,ASEM_recursion,884,92.99638146375628,0.9635363125113382,0.9979957409495177,0.9804633418453681,15934,32,603
Pan_troglodytes_NC_001643,Homo_sapiens_NA07000_real,same-family,8,0,5,ASEM_recursion,884,92.99638146375628,0.9635363125113382,0.9979957409495177,0.9804633418453681,15934,32,603
Pan_troglodytes_NC_001643,Homo_sapiens_NA07000_real,same-family,8,1,1,ASEM_recursion,884,92.93843011380216,0.96345816443826,0.9974945192608832,0.980180956484274,15925,40,604
Pan_troglodytes_NC_001643,Homo_sapiens_NA07000_real,same-family,8,1,2,ASEM_recursion,884,92.97887241741566,0.9634714242515875,0.9978703413717507,0.9803692307692308,15931,34,604
Pan_troglodytes_NC_001643,Homo_sapiens_NA07000_real,same-family,8,1,3,ASEM_recursion,884,92.97887241741566,0.9634714242515875,0.9978703413717507,0.9803692307692308,15931,34,604
Pan_troglodytes_NC_001643,Homo_sapiens_NA07000_real,same-family,8,2,1,ASEM_recursion,884,92.90966386554622,0.9635076252723311,0.9971815107102593,0.9800554016620499,15921,45,603
Pan_troglodytes_NC_001643,Homo_sapiens_NA07000_real,same-family,8,2,2,ASEM_recursion,884,92.96719971985526,0.9635252842971207,0.9976825754728799,0.9803064803987938,15929,37,603
Pan_troglodytes_NC_001643,Homo_sapiens_NA07000_real,same-family,8,2,3,ASEM_recursion,884,92.96719971985526,0.9635252842971207,0.9976825754728799,0.9803064803987938,15929,37,603
Pan_troglodytes_NC_001643,Homo_sapiens_NA07000_real,same-family,8,2,4,ASEM_recursion,884,92.96719971985526,0.9635252842971207,0.9976825754728799,0.9803064803987938,15929,37,603
