reference,target,divergence,depth,replicate,n_reads,theta_len,runtime_s,error,identity_pct,recall,precision,f1,c_theta,w_theta,u_t
Macaca_silenus,Macaca_tonkeana,same-genus,1,1,111,16541,1.4057033061981201,,91.75519072911636,0.9982270667804846,0.9194943446440452,0.9572445060134752,15202,1331,27
Macaca_silenus,Macaca_tonkeana,same-genus,2,1,221,16542,1.4145517349243164,,91.86383389666828,0.9982946346582711,0.9205273980887867,0.9578351164254247,15220,1314,26
Macaca_silenus,Macaca_tonkeana,same-genus,2,2,221,16540,1.4102072715759277,,91.97802861109435,0.9982312479528332,0.9216718078993528,0.9584250581797595,15238,1295,27
Macaca_silenus,Macaca_tonkeana,same-genus,1,2,111,16541,1.400991439819336,,91.75519072911636,0.9982270667804846,0.9194943446440452,0.9572445060134752,15202,1331,27
Macaca_silenus,Macaca_tonkeana,same-genus,2,0,221,16541,1.4077870845794678,,91.90608401738291,0.9982299724662383,0.9210064719046755,0.9580646176109731,15227,1306,27
Macaca_silenus,Macaca_tonkeana,same-genus,1,0,111,16541,1.3937225341796875,,91.84572670207629,0.9982288113356075,0.9204016210004234,0.9577367278220098,15217,1316,27
Macaca_silenus,Macaca_tonkeana,same-genus,3,0,332,16542,1.2046804428100586,,92.55190729116369,0.9983072916666667,0.9274222813596226,0.9615601680566879,15334,1200,26
Macaca_silenus,Macaca_tonkeana,same-genus,3,1,332,16541,1.1966583728790283,,92.53380009657171,0.9982419585883578,0.9272969213088974,0.9614624815778746,15331,1202,27
Macaca_silenus,Macaca_tonkeana,same-genus,3,2,332,16542,1.2317795753479004,,92.56397875422502,0.9983075120427027,0.9275432442240232,0.9616252821670429,15336,1198,26
Macaca_silenus,Macaca_tonkeana,same-genus,4,0,442,16543,1.3215808868408203,,93.5828554180501,0.9985828394743623,0.9373563913411537,0.9670014347202297,15502,1036,22
Macaca_silenus,Macaca_tonkeana,same-genus,4,1,442,16539,1.3414382934570312,,93.57116986599058,0.9982612055641422,0.9375793866811831,0.966969214934032,15501,1032,27
Macaca_silenus,Macaca_tonkeana,same-genus,4,2,442,16541,1.410674810409546,,93.77678517534858,0.9983292635907981,0.9396395306640861,0.9680957128614157,15536,998,26
Macaca_silenus,Macaca_tonkeana,same-genus,5,0,552,16545,1.7004585266113281,,94.7479625716873,0.9987273305758829,0.9489117291414753,0.9731824523329716,15695,845,20
Macaca_silenus,Macaca_tonkeana,same-genus,5,1,552,16544,1.9315879344940186,,94.87504527345165,0.9986021983607599,0.9503567541419761,0.9738823310716609,15717,821,22
Macaca_silenus,Macaca_tonkeana,same-genus,5,2,552,16544,1.706780195236206,,94.72508902166697,0.9984096692111959,0.9491986694889628,0.9731824523329715,15695,840,25
Macaca_silenus,Macaca_tonkeana,same-genus,6,0,663,16544,2.3485875129699707,,95.9671576913789,0.9987434028650415,0.9610640870616687,0.9795415331525757,15896,644,20
Macaca_silenus,Macaca_tonkeana,same-genus,6,1,663,16543,2.8102874755859375,,95.65322385897126,0.9986763315474314,0.9579781123405284,0.9779039624737687,15844,695,21
Macaca_silenus,Macaca_tonkeana,same-genus,6,2,663,16545,2.681150436401367,,95.84716605299693,0.9986164392176593,0.9601523763453864,0.9790067511328957,15879,659,22
Macaca_silenus,Macaca_tonkeana,same-genus,7,0,773,16548,3.4079020023345947,,97.01798865145479,0.9988812927284028,0.9715874743078226,0.9850453542534936,16072,470,18
Macaca_silenus,Macaca_tonkeana,same-genus,7,1,773,16559,3.3277640342712402,,97.53667813801847,0.999752459929451,0.9757791737134573,0.9876203576341128,16155,401,4
Macaca_silenus,Macaca_tonkeana,same-genus,7,2,773,16549,4.4694037437438965,,97.00573498339874,0.9990052844264843,0.9712886847195358,0.9849520365319194,16069,475,16
Macaca_silenus,Macaca_tonkeana,same-genus,8,1,884,16551,4.194016218185425,,97.83304158870042,0.9990138067061144,0.9796905222437138,0.9892578125,16208,336,16
Macaca_silenus,Macaca_tonkeana,same-genus,8,0,884,16547,4.357393026351929,,97.61559821320778,0.9988264360716491,0.9776313403059065,0.9881152424307231,16171,370,19
Macaca_silenus,Macaca_tonkeana,same-genus,8,2,884,16559,4.3303070068359375,,97.88685624584919,0.9997533452549794,0.9792824353708626,0.9894120159887714,16213,343,4
Macaca_tonkeana,Macaca_silenus,same-genus,1,0,111,16560,1.7921185493469238,,91.75519072911636,0.999474030243261,0.9194943446440452,0.9578174715685348,15202,1331,8
Macaca_tonkeana,Macaca_silenus,same-genus,1,1,111,16560,1.480126142501831,,91.75519072911636,0.999474030243261,0.9194943446440452,0.9578174715685348,15202,1331,8
Macaca_tonkeana,Macaca_silenus,same-genus,1,2,111,16560,1.353860855102539,,91.77329792370836,0.9994741339643726,0.9196757999153209,0.9579159579159578,15205,1328,8
Macaca_tonkeana,Macaca_silenus,same-genus,2,0,221,16560,1.379481315612793,,91.9543698696282,0.9994751689300007,0.9214903526280772,0.958899798590131,15235,1298,8
Macaca_tonkeana,Macaca_silenus,same-genus,2,1,221,16561,1.4104838371276855,,92.02076291646547,0.9995410738871042,0.9220999153259949,0.959260074873376,15246,1288,7
Macaca_tonkeana,Macaca_silenus,same-genus,2,2,221,16559,1.4383788108825684,,91.95992032353473,0.9994751689300007,0.9214903526280772,0.958899798590131,15235,1298,8
Macaca_tonkeana,Macaca_silenus,same-genus,3,1,331,16557,1.7032854557037354,,92.50226380923634,0.9994781814623964,0.9268130405854956,0.9617750439367311,15323,1210,8
Macaca_tonkeana,Macaca_silenus,same-genus,3,0,331,16559,1.6445517539978027,,92.44280799179091,0.9994779090256477,0.926329159862094,0.9615143144148669,15315,1218,8
Macaca_tonkeana,Macaca_silenus,same-genus,3,2,331,16554,1.3822743892669678,,92.66392947711628,0.9994789970693585,0.9282646827557007,0.9625564475664826,15347,1186,8
Macaca_tonkeana,Macaca_silenus,same-genus,4,0,442,16561,1.6913466453552246,,93.51119695780768,0.9996128532713898,0.9369216812821288,0.9672525208378858,15492,1043,6
Macaca_tonkeana,Macaca_silenus,same-genus,4,1,442,16558,1.5238807201385498,,93.35949290673106,0.999547569803516,0.9353453489778638,0.9663813035055926,15465,1069,7
Macaca_tonkeana,Macaca_silenus,same-genus,4,2,442,16559,1.7249133586883545,,93.34782083786068,0.9995475405597569,0.9352848675456635,0.9663490079675051,15464,1070,7
Macaca_tonkeana,Macaca_silenus,same-genus,5,0,552,16560,1.6949172019958496,,94.81468067125438,0.9996181505759563,0.9499244027819777,0.9741379310344829,15707,828,6
Macaca_tonkeana,Macaca_silenus,same-genus,5,1,552,16561,2.2216968536376953,,94.79084927868655,0.999618077657543,0.9497429694587239,0.9740424872073189,15704,831,6
Macaca_tonkeana,Macaca_silenus,same-genus,5,2,552,16555,1.8645076751708984,,94.63832870426278,0.9995535998979657,0.9479859683077295,0.9730870712401055,15674,860,7
Macaca_tonkeana,Macaca_silenus,same-genus,6,0,662,16556,2.3751068115234375,,96.23165650099644,0.999811770611118,0.9635385173539727,0.9813400665106541,15935,603,3
Macaca_tonkeana,Macaca_silenus,same-genus,6,1,662,16555,3.3534765243530273,,95.82729468599034,0.9996850195287892,0.959663763909047,0.9792656587473001,15869,667,5
Macaca_tonkeana,Macaca_silenus,same-genus,6,2,662,16555,2.7144482135772705,,95.82125603864735,0.9996849996849997,0.9596032897919691,0.9792341633496869,15868,668,5
Macaca_tonkeana,Macaca_silenus,same-genus,7,0,772,16552,3.239835739135742,,96.95615412489431,0.999626400996264,0.9709101905049894,0.9850590581377512,16054,481,6
Macaca_tonkeana,Macaca_silenus,same-genus,7,1,772,16551,3.365844488143921,,96.84102440202948,0.9996882404289812,0.969581519109821,0.9844047399766686,16033,503,5
Macaca_tonkeana,Macaca_silenus,same-genus,7,2,772,16559,4.392448902130127,,97.13819960152146,0.9997514447275213,0.9729092338392695,0.9861477168250077,16089,448,4
Macaca_tonkeana,Macaca_silenus,same-genus,8,1,883,16555,3.881673574447632,,97.71107621693442,0.9998146088246199,0.9782924174628129,0.9889364303178484,16179,359,3
Macaca_tonkeana,Macaca_silenus,same-genus,8,0,883,16554,5.269866943359375,,97.59014314187353,0.999814367922777,0.977022614584593,0.9882871035811492,16158,380,3
Macaca_tonkeana,Macaca_silenus,same-genus,8,2,883,16553,4.352568864822388,,98.09748142779489,0.9997537855472116,0.9821612142468404,0.9908794192111765,16242,295,4
