reference,target,divergence,method,depth,replicate,n_reads,last_iteration,hit_iteration_cap,n_contigs_total,n_anchors_total,wall_s,identity_pct,recall,precision,f1,c_theta,w_theta,u_t
Pan_troglodytes_NC_001643,Homo_sapiens_NA07000_real,same-family,ASEM_Hybrid_boundary,1,0,110,3,0,46,3,8.893779034000545,89.47368421052632,0.9626467449306296,0.95993489420308,0.9612889069993417,15334,640,595
Pan_troglodytes_NC_001643,Homo_sapiens_NA07000_real,same-family,ASEM_Hybrid_boundary,1,1,110,3,0,57,0,8.778675321000264,89.80746791131855,0.962543771885943,0.9638697557921102,0.9632063074901446,15393,577,599
Pan_troglodytes_NC_001643,Homo_sapiens_NA07000_real,same-family,ASEM_Hybrid_boundary,1,2,110,3,0,45,6,8.870411529999728,89.87105432055546,0.9626875,0.9643751565239168,0.9635305892656074,15403,569,597
Pan_troglodytes_NC_001643,Homo_sapiens_NA07000_real,same-family,ASEM_Hybrid_boundary,2,0,221,4,0,0,0,11.247555294999984,91.6442992181118,0.9632628028212205,0.9834690043832185,0.9732610379550735,15706,264,599
Pan_troglodytes_NC_001643,Homo_sapiens_NA07000_real,same-family,ASEM_Hybrid_boundary,2,1,221,3,0,12,0,9.14650772999994,91.22847971987161,0.9633327170764775,0.9785902090897709,0.9709015247973666,15632,342,595
Pan_troglodytes_NC_001643,Homo_sapiens_NA07000_real,same-family,ASEM_Hybrid_boundary,2,2,221,4,0,0,0,10.822648889000448,91.76051817704382,0.9633645775899038,0.9845970822115083,0.9738651142627114,15725,246,598
Pan_troglodytes_NC_001643,Homo_sapiens_NA07000_real,same-family,ASEM_Hybrid_boundary,3,0,331,4,0,0,0,13.83087983400037,92.54288715135955,0.9631383980081375,0.9936098233304097,0.9781368528169231,15860,102,607
Pan_troglodytes_NC_001643,Homo_sapiens_NA07000_real,same-family,ASEM_Hybrid_boundary,3,1,331,3,0,0,0,11.853704086999642,92.55952380952381,0.9636087484811665,0.9931747025673137,0.9781683626271971,15861,109,599
Pan_troglodytes_NC_001643,Homo_sapiens_NA07000_real,same-family,ASEM_Hybrid_boundary,3,2,331,4,0,0,0,12.93230211900027,92.67709184268877,0.9634235108576974,0.9948014530878116,0.9788610871440896,15883,83,603
Pan_troglodytes_NC_001643,Homo_sapiens_NA07000_real,same-family,ASEM_Hybrid_boundary,4,0,442,4,0,0,0,14.945020839999415,92.80961830278977,0.9634656164798546,0.9959914818990354,0.9794585938221799,15902,64,603
Pan_troglodytes_NC_001643,Homo_sapiens_NA07000_real,same-family,ASEM_Hybrid_boundary,4,1,442,4,0,0,0,15.530645398999695,92.6637095832847,0.9635271270785289,0.9943011022044088,0.9786722554398077,15877,91,601
Pan_troglodytes_NC_001643,Homo_sapiens_NA07000_real,same-family,ASEM_Hybrid_boundary,4,2,442,3,0,0,0,12.899823757999911,92.82296650717703,0.9634788928593059,0.9963672804710009,0.9796471348954645,15908,58,603
Pan_troglodytes_NC_001643,Homo_sapiens_NA07000_real,same-family,ASEM_Hybrid_boundary,5,0,552,5,0,0,0,20.963646112999413,92.8688141923436,0.9635504964882539,0.9966806538485626,0.9798356063171505,15914,53,602
Pan_troglodytes_NC_001643,Homo_sapiens_NA07000_real,same-family,ASEM_Hybrid_boundary,5,1,552,3,0,0,0,15.328734549000728,92.92675809746133,0.9636286613410796,0.9971818637274549,0.9801181829373384,15923,45,601
Pan_troglodytes_NC_001643,Homo_sapiens_NA07000_real,same-family,ASEM_Hybrid_boundary,5,2,552,5,0,0,0,21.028648303999944,92.88549083693242,0.9634943697784235,0.9968057121382938,0.9798670114517917,15915,51,603
Pan_troglodytes_NC_001643,Homo_sapiens_NA07000_real,same-family,ASEM_Hybrid_boundary,6,0,663,4,0,0,0,20.83911352299947,92.93843011380216,0.9635164569215876,0.9974320430915696,0.9801809564842741,15925,41,603
Pan_troglodytes_NC_001643,Homo_sapiens_NA07000_real,same-family,ASEM_Hybrid_boundary,6,1,663,4,0,0,0,26.737710162999974,92.91467258083343,0.9637970698631796,0.9968067121658005,0.9800240081258272,15920,51,598
Pan_troglodytes_NC_001643,Homo_sapiens_NA07000_real,same-family,ASEM_Hybrid_boundary,6,2,663,3,0,0,0,22.29077673499978,92.86297852474323,0.9635482894338481,0.996618024675894,0.9798041992488148,15913,54,602
Pan_troglodytes_NC_001643,Homo_sapiens_NA07000_real,same-family,ASEM_Hybrid_boundary,7,0,773,5,0,0,0,33.77883464699971,92.97928217099503,0.9637067505443987,0.9976830108334899,0.9804006030583674,15932,37,600
Pan_troglodytes_NC_001643,Homo_sapiens_NA07000_real,same-family,ASEM_Hybrid_boundary,7,1,773,4,0,0,0,29.8449453180001,92.99638146375628,0.9635363125113382,0.9979957409495177,0.9804633418453681,15934,32,603
Pan_troglodytes_NC_001643,Homo_sapiens_NA07000_real,same-family,ASEM_Hybrid_boundary,7,2,773,3,0,0,0,21.201240295999924,92.97303606863547,0.96346921495101,0.9978077043532728,0.9803378565494323,15930,35,604
Pan_troglodytes_NC_001643,Homo_sapiens_NA07000_real,same-family,ASEM_Hybrid_boundary,8,0,884,3,0,0,0,23.012871443999757,92.98552754435107,0.9635363125113382,0.9979957409495177,0.9804633418453681,15934,32,603
Pan_troglodytes_NC_001643,Homo_sapiens_NA07000_real,same-family,ASEM_Hybrid_boundary,8,1,884,4,0,0,0,27.584550202000173,92.97887241741566,0.9634714242515875,0.9978703413717507,0.9803692307692308,15931,34,604
Pan_troglodytes_NC_001643,Homo_sapiens_NA07000_real,same-family,ASEM_Hybrid_boundary,8,2,884,4,0,0,0,27.33076495700061,92.96719971985526,0.9635252842971207,0.9976825754728799,0.9803064803987938,15929,37,603
Pan_troglodytes_NC_001643,Homo_sapiens_NA07000_real,same-family,ASEM_no_recursion,1,0,110,3,0,0,0,8.514127206000012,89.47368421052632,0.9626467449306296,0.95993489420308,0.9612889069993417,15334,640,595
Pan_troglodytes_NC_001643,Homo_sapiens_NA07000_real,same-family,ASEM_no_recursion,1,1,110,3,0,0,0,8.40948164099973,89.80746791131855,0.962543771885943,0.9638697557921102,0.9632063074901446,15393,577,599
Pan_troglodytes_NC_001643,Homo_sapiens_NA07000_real,same-family,ASEM_no_recursion,1,2,110,3,0,0,0,8.52026462699996,89.87105432055546,0.9626875,0.9643751565239168,0.9635305892656074,15403,569,597
Pan_troglodytes_NC_001643,Homo_sapiens_NA07000_real,same-family,ASEM_no_recursion,2,0,221,4,0,0,0,11.265556421999463,91.6442992181118,0.9632628028212205,0.9834690043832185,0.9732610379550735,15706,264,599
Pan_troglodytes_NC_001643,Homo_sapiens_NA07000_real,same-family,ASEM_no_recursion,2,1,221,3,0,0,0,8.988102116999471,91.22847971987161,0.9633327170764775,0.9785902090897709,0.9709015247973666,15632,342,595
Pan_troglodytes_NC_001643,Homo_sapiens_NA07000_real,same-family,ASEM_no_recursion,2,2,221,4,0,0,0,10.981331230999785,91.76051817704382,0.9633645775899038,0.9845970822115083,0.9738651142627114,15725,246,598
Pan_troglodytes_NC_001643,Homo_sapiens_NA07000_real,same-family,ASEM_no_recursion,3,0,331,4,0,0,0,14.074221001999831,92.54288715135955,0.9631383980081375,0.9936098233304097,0.9781368528169231,15860,102,607
Pan_troglodytes_NC_001643,Homo_sapiens_NA07000_real,same-family,ASEM_no_recursion,3,1,331,3,0,0,0,11.793383103999986,92.55952380952381,0.9636087484811665,0.9931747025673137,0.9781683626271971,15861,109,599
Pan_troglodytes_NC_001643,Homo_sapiens_NA07000_real,same-family,ASEM_no_recursion,3,2,331,4,0,0,0,12.654918950000138,92.67709184268877,0.9634235108576974,0.9948014530878116,0.9788610871440896,15883,83,603
Pan_troglodytes_NC_001643,Homo_sapiens_NA07000_real,same-family,ASEM_no_recursion,4,0,442,4,0,0,0,14.92410642499999,92.80961830278977,0.9634656164798546,0.9959914818990354,0.9794585938221799,15902,64,603
Pan_troglodytes_NC_001643,Homo_sapiens_NA07000_real,same-family,ASEM_no_recursion,4,1,442,4,0,0,0,15.608839215999978,92.6637095832847,0.9635271270785289,0.9943011022044088,0.9786722554398077,15877,91,601
Pan_troglodytes_NC_001643,Homo_sapiens_NA07000_real,same-family,ASEM_no_recursion,4,2,442,3,0,0,0,12.348426491000282,92.82296650717703,0.9634788928593059,0.9963672804710009,0.9796471348954645,15908,58,603
Pan_troglodytes_NC_001643,Homo_sapiens_NA07000_real,same-family,ASEM_no_recursion,5,0,552,5,0,0,0,21.44772207999995,92.8688141923436,0.9635504964882539,0.9966806538485626,0.9798356063171505,15914,53,602
Pan_troglodytes_NC_001643,Homo_sapiens_NA07000_real,same-family,ASEM_no_recursion,5,1,552,3,0,0,0,13.893103858000359,92.92675809746133,0.9636286613410796,0.9971818637274549,0.9801181829373384,15923,45,601
Pan_troglodytes_NC_001643,Homo_sapiens_NA07000_real,same-family,ASEM_no_recursion,5,2,552,5,0,0,0,21.101778282999476,92.88549083693242,0.9634943697784235,0.9968057121382938,0.9798670114517917,15915,51,603
Pan_troglodytes_NC_001643,Homo_sapiens_NA07000_real,same-family,ASEM_no_recursion,6,0,663,4,0,0,0,20.425190451000162,92.93843011380216,0.9635164569215876,0.9974320430915696,0.9801809564842741,15925,41,603
Pan_troglodytes_NC_001643,Homo_sapiens_NA07000_real,same-family,ASEM_no_recursion,6,1,663,4,0,0,0,25.47575090600003,92.91467258083343,0.9637970698631796,0.9968067121658005,0.9800240081258272,15920,51,598
Pan_troglodytes_NC_001643,Homo_sapiens_NA07000_real,same-family,ASEM_no_recursion,6,2,663,3,0,0,0,22.071411453999644,92.86297852474323,0.9635482894338481,0.996618024675894,0.9798041992488148,15913,54,602
Pan_troglodytes_NC_001643,Homo_sapiens_NA07000_real,same-family,ASEM_no_recursion,7,0,773,5,0,0,0,34.91084944400063,92.97928217099503,0.9637067505443987,0.9976830108334899,0.9804006030583674,15932,37,600
Pan_troglodytes_NC_001643,Homo_sapiens_NA07000_real,same-family,ASEM_no_recursion,7,1,773,4,0,0,0,28.68161808900004,92.99638146375628,0.9635363125113382,0.9979957409495177,0.9804633418453681,15934,32,603
Pan_troglodytes_NC_001643,Homo_sapiens_NA07000_real,same-family,ASEM_no_recursion,7,2,773,3,0,0,0,21.547237838999536,92.97303606863547,0.96346921495101,0.9978077043532728,0.9803378565494323,15930,35,604
Pan_troglodytes_NC_001643,Homo_sapiens_NA07000_real,same-family,ASEM_no_recursion,8,0,884,3,0,0,0,23.11251403499955,92.98552754435107,0.9635363125113382,0.9979957409495177,0.9804633418453681,15934,32,603
Pan_troglodytes_NC_001643,Homo_sapiens_NA07000_real,same-family,ASEM_no_recursion,8,1,884,4,0,0,0,28.34763822399964,92.97887241741566,0.9634714242515875,0.9978703413717507,0.9803692307692308,15931,34,604
Pan_troglodytes_NC_001643,Homo_sapiens_NA07000_real,same-family,ASEM_no_recursion,8,2,884,4,0,0,0,27.315410251000685,92.96719971985526,0.9635252842971207,0.9976825754728799,0.9803064803987938,15929,37,603
Pan_troglodytes_NC_001643,Homo_sapiens_NA07000_real,same-family,ASEM_recursion,1,0,110,3,0,0,0,8.383119488000375,89.47368421052632,0.9626467449306296,0.95993489420308,0.9612889069993417,15334,640,595
Pan_troglodytes_NC_001643,Homo_sapiens_NA07000_real,same-family,ASEM_recursion,1,1,110,3,0,0,0,8.541961090999393,89.80746791131855,0.962543771885943,0.9638697557921102,0.9632063074901446,15393,577,599
Pan_troglodytes_NC_001643,Homo_sapiens_NA07000_real,same-family,ASEM_recursion,1,2,110,3,0,0,0,8.4946123360005,89.87105432055546,0.9626875,0.9643751565239168,0.9635305892656074,15403,569,597
Pan_troglodytes_NC_001643,Homo_sapiens_NA07000_real,same-family,ASEM_recursion,2,0,221,4,0,0,0,11.163161131999914,91.6442992181118,0.9632628028212205,0.9834690043832185,0.9732610379550735,15706,264,599
Pan_troglodytes_NC_001643,Homo_sapiens_NA07000_real,same-family,ASEM_recursion,2,1,221,3,0,0,0,9.027645322999888,91.22847971987161,0.9633327170764775,0.9785902090897709,0.9709015247973666,15632,342,595
Pan_troglodytes_NC_001643,Homo_sapiens_NA07000_real,same-family,ASEM_recursion,2,2,221,4,0,0,0,10.822051013000419,91.76051817704382,0.9633645775899038,0.9845970822115083,0.9738651142627114,15725,246,598
Pan_troglodytes_NC_001643,Homo_sapiens_NA07000_real,same-family,ASEM_recursion,3,0,331,4,0,0,0,13.87363568300043,92.54872213793908,0.9631406363857178,0.9936724721212881,0.978168362627197,15861,101,607
Pan_troglodytes_NC_001643,Homo_sapiens_NA07000_real,same-family,ASEM_recursion,3,1,331,3,0,0,0,11.720195754999622,92.55952380952381,0.9636087484811665,0.9931747025673137,0.9781683626271971,15861,109,599
Pan_troglodytes_NC_001643,Homo_sapiens_NA07000_real,same-family,ASEM_recursion,3,2,331,4,0,0,0,13.048163257999477,92.67709184268877,0.9634235108576974,0.9948014530878116,0.9788610871440896,15883,83,603
Pan_troglodytes_NC_001643,Homo_sapiens_NA07000_real,same-family,ASEM_recursion,4,0,442,3,0,0,0,12.837027139000384,92.82129100035019,0.9634700430120555,0.9961167480896906,0.9795214485880579,15904,62,603
Pan_troglodytes_NC_001643,Homo_sapiens_NA07000_real,same-family,ASEM_recursion,4,1,442,4,0,0,0,15.658237190999898,92.6637095832847,0.9635271270785289,0.9943011022044088,0.9786722554398077,15877,91,601
Pan_troglodytes_NC_001643,Homo_sapiens_NA07000_real,same-family,ASEM_recursion,4,2,442,3,0,0,0,12.545836889000384,92.82296650717703,0.9634788928593059,0.9963672804710009,0.9796471348954645,15908,58,603
Pan_troglodytes_NC_001643,Homo_sapiens_NA07000_real,same-family,ASEM_recursion,5,0,552,5,0,0,0,21.108430241999486,92.8688141923436,0.9635504964882539,0.9966806538485626,0.9798356063171505,15914,53,602
Pan_troglodytes_NC_001643,Homo_sapiens_NA07000_real,same-family,ASEM_recursion,5,1,552,3,0,0,0,15.54684113699932,92.92092208929093,0.9636264600859408,0.9971192384769539,0.9800867932658274,15922,46,601
Pan_troglodytes_NC_001643,Homo_sapiens_NA07000_real,same-family,ASEM_recursion,5,2,552,5,0,0,0,21.084610713000075,92.88007003209805,0.9634943697784235,0.9968057121382938,0.9798670114517917,15915,51,603
Pan_troglodytes_NC_001643,Homo_sapiens_NA07000_real,same-family,ASEM_recursion,6,0,663,3,0,0,0,16.493162873000074,92.93843011380216,0.9635164569215876,0.9974320430915696,0.9801809564842741,15925,41,603
Pan_troglodytes_NC_001643,Homo_sapiens_NA07000_real,same-family,ASEM_recursion,6,1,663,4,0,0,0,26.604800480999984,92.92009572170664,0.9637970698631796,0.9968067121658005,0.9800240081258272,15920,51,598
Pan_troglodytes_NC_001643,Homo_sapiens_NA07000_real,same-family,ASEM_recursion,6,2,663,3,0,0,0,21.410694948000128,92.873818139372,0.9635482894338481,0.996618024675894,0.9798041992488148,15913,54,602
Pan_troglodytes_NC_001643,Homo_sapiens_NA07000_real,same-family,ASEM_recursion,7,0,773,5,0,0,0,33.74469442000009,92.97928217099503,0.9637067505443987,0.9976830108334899,0.9804006030583674,15932,37,600
Pan_troglodytes_NC_001643,Homo_sapiens_NA07000_real,same-family,ASEM_recursion,7,1,773,4,0,0,0,29.6082649330001,92.99638146375628,0.9635363125113382,0.9979957409495177,0.9804633418453681,15934,32,603
Pan_troglodytes_NC_001643,Homo_sapiens_NA07000_real,same-family,ASEM_recursion,7,2,773,3,0,0,0,21.04200066300018,92.97303606863547,0.96346921495101,0.9978077043532728,0.9803378565494323,15930,35,604
Pan_troglodytes_NC_001643,Homo_sapiens_NA07000_real,same-family,ASEM_recursion,8,0,884,5,0,0,0,33.97034550100034,92.99638146375628,0.9635363125113382,0.9979957409495177,0.9804633418453681,15934,32,603
Pan_troglodytes_NC_001643,Homo_sapiens_NA07000_real,same-family,ASEM_recursion,8,1,884,3,0,0,0,21.757525332000114,92.97887241741566,0.9634714242515875,0.9978703413717507,0.9803692307692308,15931,34,604
Pan_troglodytes_NC_001643,Homo_sapiens_NA07000_real,same-family,ASEM_recursion,8,2,884,4,0,0,0,27.41034387000036,92.96719971985526,0.9635252842971207,0.9976825754728799,0.9803064803987938,15929,37,603
Varecia_variegata_NC_012773,Homo_sapiens_NA07000_real,same-order,ASEM_Hybrid_boundary,1,0,110,3,0,170,16,8.028114896000261,72.3853625480009,0.9411851090388428,0.8129122272957889,0.8723585258787899,12818,2950,801
Varecia_variegata_NC_012773,Homo_sapiens_NA07000_real,same-order,ASEM_Hybrid_boundary,1,1,110,4,0,231,9,8.63457582800038,71.73545331529094,0.9410502958579882,0.8066827288866345,0.8687013519049571,12723,3049,797
Varecia_variegata_NC_012773,Homo_sapiens_NA07000_real,same-order,ASEM_Hybrid_boundary,1,2,110,6,1,373,8,12.117052046000026,71.41082820527296,0.9401664932362123,0.8023978685612788,0.8658361284139913,12649,3115,805
Varecia_variegata_NC_012773,Homo_sapiens_NA07000_real,same-order,ASEM_Hybrid_boundary,2,0,221,4,0,267,22,12.210853090000455,77.2950958764636,0.9419590542496725,0.8688878997901698,0.9039491962691009,13665,2062,842
Varecia_variegata_NC_012773,Homo_sapiens_NA07000_real,same-order,ASEM_Hybrid_boundary,2,1,221,4,0,234,17,11.943317762999868,77.37056757675315,0.9423899544639162,0.8681199949154697,0.9037316395394998,13659,2075,835
Varecia_variegata_NC_012773,Homo_sapiens_NA07000_real,same-order,ASEM_Hybrid_boundary,2,2,221,5,0,207,16,12.883773839999776,79.78114191755968,0.9422124012320878,0.8958996561823507,0.9184725848563968,14071,1635,863
Varecia_variegata_NC_012773,Homo_sapiens_NA07000_real,same-order,ASEM_Hybrid_boundary,3,0,331,5,0,268,17,20.18268477499987,81.62478016678958,0.9435991605456453,0.9159080781717487,0.9295474367671285,14388,1321,860
Varecia_variegata_NC_012773,Homo_sapiens_NA07000_real,same-order,ASEM_Hybrid_boundary,3,1,331,4,0,224,21,16.88440041299964,81.83055461041171,0.9444953527948684,0.9178805419502576,0.9309977741217457,14430,1291,848
Varecia_variegata_NC_012773,Homo_sapiens_NA07000_real,same-order,ASEM_Hybrid_boundary,3,2,331,6,1,285,29,21.594758358000036,83.3011583011583,0.9429269233241211,0.935590842420764,0.9392445582586427,14671,1010,888
Varecia_variegata_NC_012773,Homo_sapiens_NA07000_real,same-order,ASEM_Hybrid_boundary,4,0,442,5,0,205,16,22.526248316999954,83.45924453280318,0.9446444644464447,0.9353832442067737,0.9399910434393193,14693,1015,861
Varecia_variegata_NC_012773,Homo_sapiens_NA07000_real,same-order,ASEM_Hybrid_boundary,4,1,442,6,1,210,22,24.427045360999728,85.42650657258294,0.9432610744580584,0.9582535427039448,0.9506982046166998,15012,654,903
Varecia_variegata_NC_012773,Homo_sapiens_NA07000_real,same-order,ASEM_Hybrid_boundary,4,2,442,4,0,195,22,19.510734112000137,84.46491527351303,0.9435903951213315,0.9472610165168037,0.9454221430162619,14854,827,888
Varecia_variegata_NC_012773,Homo_sapiens_NA07000_real,same-order,ASEM_Hybrid_boundary,5,0,552,5,0,200,25,25.50548158299989,86.13765642775881,0.944077306733167,0.9662455334354262,0.9550327951564076,15143,529,897
Varecia_variegata_NC_012773,Homo_sapiens_NA07000_real,same-order,ASEM_Hybrid_boundary,5,1,552,5,0,153,21,26.10206806899987,87.56695156695157,0.9432850478762583,0.9822946628315756,0.9623947145943578,15368,277,924
Varecia_variegata_NC_012773,Homo_sapiens_NA07000_real,same-order,ASEM_Hybrid_boundary,5,2,552,5,0,156,22,24.14464855999995,86.40191169776969,0.9440507273405446,0.9691748037526325,0.9564478034955125,15186,483,900
Varecia_variegata_NC_012773,Homo_sapiens_NA07000_real,same-order,ASEM_Hybrid_boundary,6,0,663,4,0,165,28,23.360197659000733,87.44302643573381,0.9436212726713803,0.9805775619729108,0.9617445248613591,15348,304,917
Varecia_variegata_NC_012773,Homo_sapiens_NA07000_real,same-order,ASEM_Hybrid_boundary,6,1,663,6,1,218,20,32.06611764599984,86.32950278757538,0.9442474021529463,0.9682256109232438,0.9560861895161289,15175,498,896
Varecia_variegata_NC_012773,Homo_sapiens_NA07000_real,same-order,ASEM_Hybrid_boundary,6,2,663,6,1,228,33,31.9163227680001,87.04093833627512,0.9432344048867773,0.9768675314716595,0.9597564038171773,15287,362,920
Varecia_variegata_NC_012773,Homo_sapiens_NA07000_real,same-order,ASEM_Hybrid_boundary,7,0,773,6,1,311,22,35.47291570299967,87.46013667425969,0.944003933861946,0.9808404649380509,0.9620697215522912,15358,300,911
Varecia_variegata_NC_012773,Homo_sapiens_NA07000_real,same-order,ASEM_Hybrid_boundary,7,1,773,5,0,250,20,31.11082986100064,87.06572502562935,0.9434672591495402,0.9766179007219064,0.9597564038171773,15287,366,916
Varecia_variegata_NC_012773,Homo_sapiens_NA07000_real,same-order,ASEM_Hybrid_boundary,7,2,773,4,0,215,18,24.445944845000668,87.12764139659396,0.9439679111385375,0.9767575506034097,0.9600828469214837,15297,364,908
Varecia_variegata_NC_012773,Homo_sapiens_NA07000_real,same-order,ASEM_Hybrid_boundary,8,0,884,4,0,288,28,25.26828757900057,85.79067121729238,0.9440410615923885,0.9621690590111642,0.9530188619632872,15082,593,894
Varecia_variegata_NC_012773,Homo_sapiens_NA07000_real,same-order,ASEM_Hybrid_boundary,8,1,884,5,0,236,21,25.654850574999728,87.96945346782925,0.9430020160058648,0.9872090048605782,0.9645992813622871,15436,200,933
Varecia_variegata_NC_012773,Homo_sapiens_NA07000_real,same-order,ASEM_Hybrid_boundary,8,2,884,5,0,250,25,24.760282078999808,87.37183868762816,0.9433579335793358,0.9802530674846626,0.9614516735614893,15339,309,921
Varecia_variegata_NC_012773,Homo_sapiens_NA07000_real,same-order,ASEM_no_recursion,1,0,110,4,0,0,0,7.4789478040001995,69.9740523465704,0.9400575932100637,0.7862213208264672,0.856284945123214,12405,3373,791
Varecia_variegata_NC_012773,Homo_sapiens_NA07000_real,same-order,ASEM_no_recursion,1,1,110,5,0,0,0,8.412363982999523,70.4549298156604,0.9408310749774165,0.7918646645124501,0.8599442666941893,12498,3285,786
Varecia_variegata_NC_012773,Homo_sapiens_NA07000_real,same-order,ASEM_no_recursion,1,2,110,6,1,0,0,8.433852534000835,70.43595961874682,0.9404367469879518,0.7915451895043731,0.859591162502581,12489,3289,791
Varecia_variegata_NC_012773,Homo_sapiens_NA07000_real,same-order,ASEM_no_recursion,2,0,221,6,1,0,0,12.784773081999447,73.03281929616449,0.941729186393765,0.8198998034117573,0.8766018035121025,12929,2840,800
Varecia_variegata_NC_012773,Homo_sapiens_NA07000_real,same-order,ASEM_no_recursion,2,1,221,5,0,0,0,12.10858009399999,72.43289064707544,0.9416648299169789,0.8124881141045959,0.8723201524535494,12817,2958,794
Varecia_variegata_NC_012773,Homo_sapiens_NA07000_real,same-order,ASEM_no_recursion,2,2,221,5,0,0,0,11.007102033000592,73.5242614246173,0.9418915985237716,0.8255740200431307,0.8799053574446509,13016,2750,803
Varecia_variegata_NC_012773,Homo_sapiens_NA07000_real,same-order,ASEM_no_recursion,3,0,331,6,1,0,0,18.09902964200046,76.1212601097223,0.9430353139013453,0.8542142675806043,0.89642999866791,13459,2297,813
Varecia_variegata_NC_012773,Homo_sapiens_NA07000_real,same-order,ASEM_no_recursion,3,1,331,6,1,0,0,19.578448840999954,76.0253078748164,0.9432957173897806,0.8539340101522843,0.8963932460785292,13458,2302,809
Varecia_variegata_NC_012773,Homo_sapiens_NA07000_real,same-order,ASEM_no_recursion,3,2,331,6,1,0,0,18.636923597000532,75.58863482001358,0.9429499399844665,0.8473447116299727,0.8925945729180591,13355,2406,808
Varecia_variegata_NC_012773,Homo_sapiens_NA07000_real,same-order,ASEM_no_recursion,4,0,442,6,1,0,0,23.484247784000218,77.94334277620396,0.9432940208447613,0.873904205310634,0.9072742860911429,13757,1985,827
Varecia_variegata_NC_012773,Homo_sapiens_NA07000_real,same-order,ASEM_no_recursion,4,1,442,6,1,0,0,23.212435336999988,78.09966551391803,0.9429803545759463,0.8754448398576512,0.9079584775086504,13776,1960,833
Varecia_variegata_NC_012773,Homo_sapiens_NA07000_real,same-order,ASEM_no_recursion,4,2,442,6,1,0,0,22.670358596999904,79.18318794607454,0.9431887187099386,0.8888535639346347,0.9152153987167736,13979,1748,842
Varecia_variegata_NC_012773,Homo_sapiens_NA07000_real,same-order,ASEM_no_recursion,5,0,552,6,1,0,0,28.07254717700016,79.53103760761215,0.9444444444444444,0.891951978657181,0.9174479762176995,14042,1701,826
Varecia_variegata_NC_012773,Homo_sapiens_NA07000_real,same-order,ASEM_no_recursion,5,1,552,6,1,0,0,27.871774597000694,79.00311526479751,0.9444105897487982,0.8856997713995428,0.9141134449651015,13948,1800,821
Varecia_variegata_NC_012773,Homo_sapiens_NA07000_real,same-order,ASEM_no_recursion,5,2,552,6,1,0,0,27.120067126000322,78.61389502293189,0.9444897959183673,0.8813559322033898,0.911831346665353,13884,1869,816
Varecia_variegata_NC_012773,Homo_sapiens_NA07000_real,same-order,ASEM_no_recursion,6,0,663,6,1,0,0,30.365986439000153,80.43761691514086,0.9443631039531479,0.9019258882603445,0.922656783380474,14190,1543,836
Varecia_variegata_NC_012773,Homo_sapiens_NA07000_real,same-order,ASEM_no_recursion,6,1,663,6,1,0,0,30.123881700999846,81.27270663033606,0.9448917634635692,0.909940256768781,0.9270867059509164,14317,1417,835
Varecia_variegata_NC_012773,Homo_sapiens_NA07000_real,same-order,ASEM_no_recursion,6,2,663,6,1,0,0,30.567933940999865,80.41330759623027,0.9438891110222578,0.900616773701278,0.9217453551556958,14164,1563,842
Varecia_variegata_NC_012773,Homo_sapiens_NA07000_real,same-order,ASEM_no_recursion,7,0,773,6,1,0,0,33.19694578100007,82.34325306678782,0.9448064642252053,0.9222109146419031,0.9333719582850522,14499,1223,847
Varecia_variegata_NC_012773,Homo_sapiens_NA07000_real,same-order,ASEM_no_recursion,7,1,773,6,1,0,0,31.14914117800072,80.24600385443827,0.9449339207048458,0.8991996951219512,0.9214997070884594,14157,1587,825
Varecia_variegata_NC_012773,Homo_sapiens_NA07000_real,same-order,ASEM_no_recursion,7,2,773,6,1,0,0,30.998580180000317,81.24964530957381,0.9448917634635692,0.909940256768781,0.9270867059509164,14317,1417,835
Varecia_variegata_NC_012773,Homo_sapiens_NA07000_real,same-order,ASEM_no_recursion,8,0,884,6,1,0,0,32.11137651899935,82.01953657428442,0.943921568627451,0.9192285659728853,0.9314114346522202,14442,1269,858
Varecia_variegata_NC_012773,Homo_sapiens_NA07000_real,same-order,ASEM_no_recursion,8,1,884,6,1,0,0,28.32067830899996,82.2724433592641,0.9438473063644063,0.9224549563888712,0.9330285272715564,14489,1218,862
Varecia_variegata_NC_012773,Homo_sapiens_NA07000_real,same-order,ASEM_no_recursion,8,2,884,6,1,0,0,26.722943218000182,82.76625958534507,0.9441456618933455,0.9276755586681098,0.9358381502890174,14571,1136,862
