reference,divergence,method,depth,n_jobs,f1_mean,f1_min,f1_max,identity_mean,precision_mean,recall_mean,anchors_mean
Pan_troglodytes_NC_001643,same-family,ASEM_Hybrid,1,3,0.9626752679183644,0.9612889069993416,0.9635305892656074,89.71740214746677,0.9627266021730357,0.9626260056055242,0.0
Pan_troglodytes_NC_001643,same-family,ASEM_Hybrid,2,3,0.9726758923383838,0.9709015247973666,0.9738651142627114,91.54443237167574,0.9822187652281659,0.9633200324958673,0.0
Pan_troglodytes_NC_001643,same-family,ASEM_Hybrid,3,3,0.9783887675294034,0.9781368528169232,0.9788610871440896,92.5931676011907,0.9938619929951783,0.963390219115667,0.0
Pan_troglodytes_NC_001643,same-family,ASEM_Hybrid,4,3,0.9792593280524841,0.9786722554398076,0.9796471348954644,92.76543146441718,0.9955532881914816,0.9634905454725632,0.0
Pan_troglodytes_NC_001643,same-family,ASEM_Hybrid,5,3,0.9799402669020935,0.9798356063171504,0.9801181829373384,92.89368770891245,0.9968894099047704,0.963557842535919,0.0
Pan_troglodytes_NC_001643,same-family,ASEM_Hybrid,6,3,0.9800030546196387,0.9798041992488148,0.980180956484274,92.90536040645962,0.9969522599777547,0.963620605406205,0.0
Pan_troglodytes_NC_001643,same-family,ASEM_Hybrid,7,3,0.9804006004843893,0.9803378565494324,0.980463341845368,92.98289990112893,0.9978288187120935,0.9635707593355823,0.0
Pan_troglodytes_NC_001643,same-family,ASEM_Hybrid,8,3,0.9803796843377975,0.9803064803987938,0.980463341845368,92.977199893874,0.9978495525980495,0.9635110070200156,0.0
Pan_troglodytes_NC_001643,same-family,ASEM_no_recursion,1,3,0.9626752679183644,0.9612889069993416,0.9635305892656074,89.71740214746677,0.9627266021730357,0.9626260056055242,0.0
Pan_troglodytes_NC_001643,same-family,ASEM_no_recursion,2,3,0.9726758923383838,0.9709015247973666,0.9738651142627114,91.54443237167574,0.9822187652281659,0.9633200324958673,0.0
Pan_troglodytes_NC_001643,same-family,ASEM_no_recursion,3,3,0.9783887675294034,0.9781368528169232,0.9788610871440896,92.5931676011907,0.9938619929951783,0.963390219115667,0.0
Pan_troglodytes_NC_001643,same-family,ASEM_no_recursion,4,3,0.9792593280524841,0.9786722554398076,0.9796471348954644,92.76543146441718,0.9955532881914816,0.9634905454725632,0.0
Pan_troglodytes_NC_001643,same-family,ASEM_no_recursion,5,3,0.9799402669020935,0.9798356063171504,0.9801181829373384,92.89368770891245,0.9968894099047704,0.963557842535919,0.0
Pan_troglodytes_NC_001643,same-family,ASEM_no_recursion,6,3,0.9800030546196387,0.9798041992488148,0.980180956484274,92.90536040645962,0.9969522599777547,0.963620605406205,0.0
Pan_troglodytes_NC_001643,same-family,ASEM_no_recursion,7,3,0.9804006004843893,0.9803378565494324,0.980463341845368,92.98289990112893,0.9978288187120935,0.9635707593355823,0.0
Pan_troglodytes_NC_001643,same-family,ASEM_no_recursion,8,3,0.9803796843377975,0.9803064803987938,0.980463341845368,92.977199893874,0.9978495525980495,0.9635110070200156,0.0
Pan_troglodytes_NC_001643,same-family,ASEM_recursion,1,3,0.9626752679183644,0.9612889069993416,0.9635305892656074,89.71740214746677,0.9627266021730357,0.9626260056055242,0.0
Pan_troglodytes_NC_001643,same-family,ASEM_recursion,2,3,0.9726758923383838,0.9709015247973666,0.9738651142627114,91.54443237167574,0.9822187652281659,0.9633200324958673,0.0
Pan_troglodytes_NC_001643,same-family,ASEM_recursion,3,3,0.9783992707994945,0.978168362627197,0.9788610871440896,92.59511259671721,0.993882875925471,0.9633909652415271,0.0
Pan_troglodytes_NC_001643,same-family,ASEM_recursion,4,3,0.97928027964111,0.9786722554398076,0.9796471348954644,92.76932236360398,0.9955950435883668,0.9634920209832968,0.0
Pan_troglodytes_NC_001643,same-family,ASEM_recursion,5,3,0.9799298036782563,0.9798356063171504,0.9800867932658274,92.88993543791086,0.9968685348212701,0.9635571087842062,0.0
Pan_troglodytes_NC_001643,same-family,ASEM_recursion,6,3,0.9800030546196387,0.9798041992488148,0.980180956484274,92.91078132496027,0.9969522599777547,0.963620605406205,0.0
Pan_troglodytes_NC_001643,same-family,ASEM_recursion,7,3,0.9804006004843893,0.9803378565494324,0.980463341845368,92.98289990112893,0.9978288187120935,0.9635707593355823,0.0
Pan_troglodytes_NC_001643,same-family,ASEM_recursion,8,3,0.9803796843377975,0.9803064803987938,0.980463341845368,92.98081786700907,0.9978495525980495,0.9635110070200156,0.0
Varecia_variegata_NC_012773,same-order,ASEM_Hybrid,1,3,0.8677823614644788,0.8647870919118907,0.8699358886918566,71.66529963412076,0.8053346488241125,0.9407359323452265,3.0
Varecia_variegata_NC_012773,same-order,ASEM_Hybrid,2,3,0.9078312738187749,0.9026425591098748,0.9175187012053704,78.00483537303987,0.8758635142941823,0.9423269892107159,11.666666666666666
Varecia_variegata_NC_012773,same-order,ASEM_Hybrid,3,3,0.9310369136709271,0.9261479633170226,0.9368623676612128,81.86820887810059,0.9186941444909218,0.9437622511489349,18.666666666666668
Varecia_variegata_NC_012773,same-order,ASEM_Hybrid,4,3,0.9427057243309017,0.939923224568138,0.948033395765214,83.9673501373452,0.9416628648938091,0.9437849905333403,19.666666666666668
Varecia_variegata_NC_012773,same-order,ASEM_Hybrid,5,3,0.9551492607984825,0.9534817621980104,0.9581538655013048,86.17667141416759,0.9664603932842312,0.9441100334912383,23.333333333333332
Varecia_variegata_NC_012773,same-order,ASEM_Hybrid,6,3,0.9555772188090531,0.9489009420496716,0.9617445248613592,86.25694149471143,0.9675857515096026,0.9439232428838499,23.666666666666668
Varecia_variegata_NC_012773,same-order,ASEM_Hybrid,7,3,0.9568178676421031,0.9516940305589828,0.9603764705882354,86.51295222651713,0.9698827696844101,0.9441315908011602,18.666666666666668
Varecia_variegata_NC_012773,same-order,ASEM_Hybrid,8,3,0.9549522154294415,0.9523568651006924,0.957104642014162,86.14080723169967,0.9662005148974583,0.9439712500877279,25.0
Varecia_variegata_NC_012773,same-order,ASEM_no_recursion,1,3,0.8586067914399947,0.856284945123214,0.8599442666941893,70.28831392699254,0.7898770582810969,0.9404418050584772,0.0
Varecia_variegata_NC_012773,same-order,ASEM_no_recursion,2,3,0.8762757711367676,0.8723201524535494,0.8799053574446509,72.99665712261907,0.8193206458531613,0.9417618716115052,0.0
Varecia_variegata_NC_012773,same-order,ASEM_no_recursion,3,3,0.8951392725548327,0.8925945729180591,0.89642999866791,75.91173426818409,0.8518309964542871,0.9430936570918641,0.0
Varecia_variegata_NC_012773,same-order,ASEM_no_recursion,4,3,0.9101493874388557,0.9072742860911428,0.9152153987167736,78.40873207873217,0.8794008697009733,0.9431543647102153,0.0
Varecia_variegata_NC_012773,same-order,ASEM_no_recursion,5,3,0.9144642559493846,0.911831346665353,0.9174479762176996,79.04934929844718,0.8863358940867045,0.94444827670387,0.0
Varecia_variegata_NC_012773,same-order,ASEM_no_recursion,6,3,0.9238296148290287,0.9217453551556958,0.9270867059509164,80.70787704723573,0.9041609729101344,0.944381326146325,0.0
Varecia_variegata_NC_012773,same-order,ASEM_no_recursion,7,3,0.9273194571081427,0.9214997070884594,0.9333719582850522,81.2796340769333,0.9104502888442118,0.9448773827978734,0.0
Varecia_variegata_NC_012773,same-order,ASEM_no_recursion,8,3,0.9334260374042648,0.9314114346522202,0.9358381502890174,82.35274650629786,0.923119693676622,0.9439715122950677,0.0
