reference,target,divergence,depth,f1,identity_pct,recall,precision
Gorilla_gorilla,Homo_sapiens,same-family,1,0.9593405183071573,89.57678237821229,0.9570583171196825,0.961638009114488
Gorilla_gorilla,Homo_sapiens,same-family,2,0.9705701264931755,91.61192173386105,0.9582078536717216,0.9832573608761828
Gorilla_gorilla,Homo_sapiens,same-family,3,0.9752712420962036,92.44541172786903,0.9585831860461601,0.9925519265333899
Gorilla_gorilla,Homo_sapiens,same-family,4,0.9771483798659405,92.78416294470463,0.9587514355747123,0.9962655543674394
Gorilla_gorilla,Homo_sapiens,same-family,5,0.9783152471508787,93.00832089885803,0.9586506885894539,0.998804060188129
Gorilla_gorilla,Homo_sapiens,same-family,6,0.978504208964731,93.02348298362834,0.9588200045043189,0.9990139480077898
Gorilla_gorilla,Homo_sapiens,same-family,7,0.9786301317340563,93.0469214643194,0.958926377993849,0.9991607869221508
Gorilla_gorilla,Homo_sapiens,same-family,8,0.9790183935668729,93.13377296828595,0.9589570255915016,0.9999370633771792
Homo_sapiens,Gorilla_gorilla,same-family,1,0.9654056824351164,89.59144848751872,0.9694409387625926,0.961404349366965
Homo_sapiens,Gorilla_gorilla,same-family,2,0.9753494809912141,91.4052495171402,0.9701258564656979,0.9806307194436644
Homo_sapiens,Gorilla_gorilla,same-family,3,0.9812504210526208,92.49803267809756,0.9704861706532194,0.9922566677343697
Homo_sapiens,Gorilla_gorilla,same-family,4,0.9840335256721695,93.20285469446742,0.9706650693224216,0.9977756793620817
Homo_sapiens,Gorilla_gorilla,same-family,5,0.984443496126698,93.10170862493999,0.970668627464088,0.9986150231820505
Homo_sapiens,Gorilla_gorilla,same-family,6,0.9850209276209458,93.25125797626998,0.970721270737291,0.9997481901164621
Homo_sapiens,Gorilla_gorilla,same-family,7,0.9850209315256272,93.25125751655999,0.9707212711748457,0.9997481901164621
Homo_sapiens,Gorilla_gorilla,same-family,8,0.9850524017919495,93.56343368545758,0.9707230600625129,0.9998111425873466
Saimiri_boliviensis,Saimiri_sciureus,same-genus,1,0.9996862734336712,99.93120890237735,0.9998178113060309,0.9995547705770315
Saimiri_boliviensis,Saimiri_sciureus,same-genus,2,0.9998279807979196,99.96357958700605,0.9998785707774983,0.9997774012602378
Saimiri_boliviensis,Saimiri_sciureus,same-genus,3,0.999959530349699,99.98786027172137,0.9999595309638339,0.9999595309638339
Saimiri_boliviensis,Saimiri_sciureus,same-genus,4,1.0,100.0,1.0,1.0
Saimiri_boliviensis,Saimiri_sciureus,same-genus,5,0.9999898827409678,99.9959533420299,0.9999797660960704,1.0
Saimiri_boliviensis,Saimiri_sciureus,same-genus,6,1.0,100.0,1.0,1.0
Saimiri_boliviensis,Saimiri_sciureus,same-genus,7,0.9999898827409678,99.99797660960705,1.0,0.9999797660960704
Saimiri_boliviensis,Saimiri_sciureus,same-genus,8,1.0,100.0,1.0,1.0
Saimiri_sciureus,Saimiri_boliviensis,same-genus,1,0.9998178242133468,99.94739234086778,0.9999595088422192,0.9996761825974155
Saimiri_sciureus,Saimiri_boliviensis,same-genus,2,0.9999089207103439,99.97571624426324,0.9999797624107015,0.9998380992856131
Saimiri_sciureus,Saimiri_boliviensis,same-genus,3,0.9999494020332175,99.98583454751497,1.0,0.9998988120535083
Saimiri_sciureus,Saimiri_boliviensis,same-genus,4,0.999979761796343,99.99190545572286,0.9999595248214032,1.0
Saimiri_sciureus,Saimiri_boliviensis,same-genus,5,0.9999898808981715,99.99595272786144,0.9999797624107015,1.0
Saimiri_sciureus,Saimiri_boliviensis,same-genus,6,1.0,100.0,1.0,1.0
Saimiri_sciureus,Saimiri_boliviensis,same-genus,7,0.9999898808981715,99.99392909179214,0.9999797624107015,1.0
Saimiri_sciureus,Saimiri_boliviensis,same-genus,8,1.0,100.0,1.0,1.0
Aotus_azarai,Gorilla_gorilla,same-order,1,0.897241065140315,79.59466813610878,0.9868067169518134,0.8225829301077452
Aotus_azarai,Gorilla_gorilla,same-order,2,0.9192949115560457,83.31169594811365,0.989033885996592,0.8587465138038799
Aotus_azarai,Gorilla_gorilla,same-order,3,0.9433541595434187,87.53832731622697,0.9904331502967131,0.9006084278965686
Aotus_azarai,Gorilla_gorilla,same-order,4,0.948225423355823,88.42961936810924,0.9911538849418783,0.9088648153262441
Aotus_azarai,Gorilla_gorilla,same-order,5,0.9595399619539103,90.50456253162135,0.9921547883016516,0.9290024946400982
Aotus_azarai,Gorilla_gorilla,same-order,6,0.9676671026080225,92.0306167182659,0.9927293526487345,0.9438618948231005
Aotus_azarai,Gorilla_gorilla,same-order,7,0.9712022471953771,92.70101535359969,0.9931208272405749,0.95023658181056
Aotus_azarai,Gorilla_gorilla,same-order,8,0.9698003965659447,92.44464707476426,0.9930375249542167,0.9476292579610138
Aotus_azarai,Homo_sapiens,same-order,1,0.8796394531253764,75.33735094118664,0.9478319770637859,0.820601545886026
Aotus_azarai,Homo_sapiens,same-order,2,0.8971688914064475,78.13966444984926,0.9509436010041293,0.8491630351275054
Aotus_azarai,Homo_sapiens,same-order,3,0.9253658865906202,82.77829197634621,0.9544008703120125,0.8980530586320672
Aotus_azarai,Homo_sapiens,same-order,4,0.9357912820738266,84.57032219463807,0.9558028584670831,0.9166414891610576
Aotus_azarai,Homo_sapiens,same-order,5,0.9456258045927924,86.31541087137987,0.9575551608684942,0.9340043380758648
Aotus_azarai,Homo_sapiens,same-order,6,0.9549211731218898,87.96510363024562,0.958549881957606,0.9513223057803106
Aotus_azarai,Homo_sapiens,same-order,7,0.9529341194069735,87.61173956407373,0.9581637561549332,0.9477882757320488
Aotus_azarai,Homo_sapiens,same-order,8,0.9540717170713379,87.80803494398116,0.9582546239204702,0.9499454317742847
Aotus_azarai,Saimiri_boliviensis,same-order,1,0.957871692187995,91.18246149260615,0.9963147257789636,0.9222865932598617
Aotus_azarai,Saimiri_boliviensis,same-order,2,0.9762138811967324,94.61621031042704,0.9966788213235033,0.9565737217192511
Aotus_azarai,Saimiri_boliviensis,same-order,3,0.9845249505068091,96.23743095915209,0.996754426284301,0.9725928905323711
Aotus_azarai,Saimiri_boliviensis,same-order,4,0.9919205053160433,97.74439037983116,0.9969855136737301,0.9869076023745791
Aotus_azarai,Saimiri_boliviensis,same-order,5,0.9932654905558228,98.06907247064794,0.9971161406353506,0.989446338691346
Aotus_azarai,Saimiri_boliviensis,same-order,6,0.9943493331341965,98.31212114143939,0.9971829705967371,0.9915368532110197
Aotus_azarai,Saimiri_boliviensis,same-order,7,0.994339238892256,98.26084367658568,0.9972033318022403,0.9914965007134016
Aotus_azarai,Saimiri_boliviensis,same-order,8,0.9936252330861254,98.08802231277623,0.9970978308245994,0.990176772875356
Aotus_azarai,Saimiri_sciureus,same-order,1,0.9550653952679441,90.65962077237164,0.9961406131970215,0.9172537032403029
Aotus_azarai,Saimiri_sciureus,same-order,2,0.9755379724317613,94.52289399765932,0.9966536006370434,0.9553017376431304
Aotus_azarai,Saimiri_sciureus,same-order,3,0.9862348157392667,96.63743816902742,0.996848314155759,0.9758471455821082
Aotus_azarai,Saimiri_sciureus,same-order,4,0.9899129800302761,97.36286241965382,0.9970973218265659,0.982833140561271
Aotus_azarai,Saimiri_sciureus,same-order,5,0.9928162883401596,97.91972989937675,0.9971140854493491,0.9885554270408474
Aotus_azarai,Saimiri_sciureus,same-order,6,0.9935543885433841,98.07438429831102,0.9971183287938068,0.9900164363547818
Aotus_azarai,Saimiri_sciureus,same-order,7,0.9935340113420179,98.12751200802704,0.9971182123723835,0.9899758527627279
Aotus_azarai,Saimiri_sciureus,same-order,8,0.9937593969632736,98.16983934398563,0.9971195072765804,0.9904222722753192
Aotus_azarai,Varecia_variegata,same-order,1,0.8705290900633654,75.6557217294183,0.9473035638945917,0.8053092720729008
Aotus_azarai,Varecia_variegata,same-order,2,0.898779969710136,80.18342592158913,0.9523787292586642,0.8508944606230139
Aotus_azarai,Varecia_variegata,same-order,3,0.910823961718855,82.19562711123494,0.9543380135998646,0.8711334616686172
Aotus_azarai,Varecia_variegata,same-order,4,0.9207707143687429,83.94704428064809,0.9566366132958454,0.8875221633181521
Aotus_azarai,Varecia_variegata,same-order,5,0.9256751376567346,84.7745286781318,0.9572384740176506,0.8961300487122302
Aotus_azarai,Varecia_variegata,same-order,6,0.934403769880826,86.34343682176696,0.9588937169801933,0.9111483644380719
Aotus_azarai,Varecia_variegata,same-order,7,0.937716740194707,86.91288238249331,0.9591995123262466,0.9171769235363993
Aotus_azarai,Varecia_variegata,same-order,8,0.9363874927841435,86.71122016780176,0.9597710135387576,0.9141305573846434
Gorilla_gorilla,Aotus_azarai,same-order,1,0.8846021590376183,78.47200932461902,0.9725664067330765,0.8112405984767118
Gorilla_gorilla,Aotus_azarai,same-order,2,0.9133613821665958,83.23030616336813,0.9755475655302944,0.8587135180135546
Gorilla_gorilla,Aotus_azarai,same-order,3,0.937293351867436,87.47705665804828,0.9783360817043706,0.8996009801531647
Gorilla_gorilla,Aotus_azarai,same-order,4,0.9493201995221693,89.66500195558972,0.9791760303630433,0.9213069314758053
Gorilla_gorilla,Aotus_azarai,same-order,5,0.9581792020740757,91.28494156208008,0.9799396046506449,0.9373678726053347
Gorilla_gorilla,Aotus_azarai,same-order,6,0.9646598006022592,92.5612119203815,0.9808585519858583,0.9489964489868781
Gorilla_gorilla,Aotus_azarai,same-order,7,0.9606485427807486,91.80091653426393,0.9804131092738597,0.941678300721008
Gorilla_gorilla,Aotus_azarai,same-order,8,0.9666577233657844,92.95904229504181,0.9810380891744682,0.952693477595634
Gorilla_gorilla,Saimiri_boliviensis,same-order,1,0.8855646742403134,78.59521965033042,0.9783962716653175,0.8088414554128557
Gorilla_gorilla,Saimiri_boliviensis,same-order,2,0.91172047790839,82.93477639151557,0.9802261411315755,0.8521746678447019
Gorilla_gorilla,Saimiri_boliviensis,same-order,3,0.9251057876278721,85.28104624843182,0.9815349071257061,0.8748272451025566
Gorilla_gorilla,Saimiri_boliviensis,same-order,4,0.9342170528943634,86.88434377985647,0.9820145001258496,0.8909048427633034
Gorilla_gorilla,Saimiri_boliviensis,same-order,5,0.9446364506470929,88.78518815890266,0.9831485258174123,0.9090522060344547
Gorilla_gorilla,Saimiri_boliviensis,same-order,6,0.9467183566009654,89.17397524931714,0.9833934452333742,0.9126849958415231
Gorilla_gorilla,Saimiri_boliviensis,same-order,7,0.9509112252997216,89.95808518239669,0.98391603895081,0.9200688267006129
Gorilla_gorilla,Saimiri_boliviensis,same-order,8,0.9531919196074083,90.38572048910787,0.9842068541440346,0.9240722276993436
Gorilla_gorilla,Saimiri_sciureus,same-order,1,0.887264149496349,78.7639990403046,0.9772354779777223,0.8124692989986452
Gorilla_gorilla,Saimiri_sciureus,same-order,2,0.9076879409977404,82.24216531696378,0.9796280148310835,0.845618188376242
Gorilla_gorilla,Saimiri_sciureus,same-order,3,0.9229818762476629,84.8738565731652,0.9808567189732588,0.8716886894567265
Gorilla_gorilla,Saimiri_sciureus,same-order,4,0.9340771639907491,86.84066980917412,0.9817926886375695,0.8908223063814772
Gorilla_gorilla,Saimiri_sciureus,same-order,5,0.9378077872704029,87.46930858565413,0.9821507397782175,0.8973042305397536
Gorilla_gorilla,Saimiri_sciureus,same-order,6,0.9478701622493402,89.36295358252158,0.9832597278570759,0.9149466933782732
Gorilla_gorilla,Saimiri_sciureus,same-order,7,0.9471797335365973,89.2048500154612,0.9829958038651151,0.9138981895664209
Gorilla_gorilla,Saimiri_sciureus,same-order,8,0.9512096700986628,89.96836347207652,0.9835644680544223,0.9209211098631399
Gorilla_gorilla,Varecia_variegata,same-order,1,0.8578042453615625,74.01685289733736,0.93777946890492,0.7904004758241379
Gorilla_gorilla,Varecia_variegata,same-order,2,0.8752474416625198,76.7245665007169,0.9414998428810611,0.8177355699059667
Gorilla_gorilla,Varecia_variegata,same-order,3,0.8954715097736149,79.98890292620392,0.9449986330816226,0.8509448930328268
Gorilla_gorilla,Varecia_variegata,same-order,4,0.9014637362109239,81.05381793214922,0.9473451403008785,0.8598373962632774
Gorilla_gorilla,Varecia_variegata,same-order,5,0.9145198284102376,83.32404984588507,0.9505183563370272,0.8811594357967129
Gorilla_gorilla,Varecia_variegata,same-order,6,0.9148540980069221,83.38671478626355,0.9502358394267517,0.8820289625355752
Gorilla_gorilla,Varecia_variegata,same-order,7,0.9233716028202027,84.8525044445928,0.9515751792839414,0.8968409617324884
Gorilla_gorilla,Varecia_variegata,same-order,8,0.9269064212868293,85.44811083653548,0.9524197692426067,0.9027469749472933
Homo_sapiens,Aotus_azarai,same-order,1,0.8757657578863798,74.69931664698724,0.9486309233883582,0.8133071326525364
Homo_sapiens,Aotus_azarai,same-order,2,0.9018025596045897,78.7861885651216,0.9520450211869661,0.856648458448947
Homo_sapiens,Aotus_azarai,same-order,3,0.9226898313530375,82.25795235486676,0.9552197665468439,0.8923234343075951
Homo_sapiens,Aotus_azarai,same-order,4,0.9406268192706636,85.33854630183748,0.9571882374320678,0.9246803520666926
Homo_sapiens,Aotus_azarai,same-order,5,0.9441100644106136,85.97712815616244,0.9579134649371257,0.9307114867227758
Homo_sapiens,Aotus_azarai,same-order,6,0.9500618265497714,87.05318177589272,0.9589219443471824,0.9413889051564528
Homo_sapiens,Aotus_azarai,same-order,7,0.9486237905430394,86.78102649767146,0.9586463661149565,0.938824962386693
Homo_sapiens,Aotus_azarai,same-order,8,0.9509894281570835,87.20875381521506,0.9587731022776596,0.9433469875925021
Homo_sapiens,Saimiri_boliviensis,same-order,1,0.8782117642177979,75.01710222053111,0.9539354445331186,0.8136293073776454
Homo_sapiens,Saimiri_boliviensis,same-order,2,0.9045477091741798,79.19677499194604,0.9571373637901073,0.8574554649658642
Homo_sapiens,Saimiri_boliviensis,same-order,3,0.9162472833746538,81.17415233466357,0.9589302308132958,0.8772229263382069
Homo_sapiens,Saimiri_boliviensis,same-order,4,0.9265992228707263,82.91497861269163,0.9597630955318142,0.8957032125441708
Homo_sapiens,Saimiri_boliviensis,same-order,5,0.935006107942758,84.37447390625114,0.9610762002314548,0.9103161611763134
Homo_sapiens,Saimiri_boliviensis,same-order,6,0.9443304110567604,86.02962286553354,0.9626066343336582,0.9267437403263034
Homo_sapiens,Saimiri_boliviensis,same-order,7,0.9458979807291455,86.3068839682822,0.9627615629300452,0.9296189585902211
Homo_sapiens,Saimiri_boliviensis,same-order,8,0.9483683258746637,86.74181589380048,0.9630644111375922,0.934114378956805
Homo_sapiens,Saimiri_sciureus,same-order,1,0.8805749522926417,75.32252764193866,0.953616151364407,0.8179299949146297
Homo_sapiens,Saimiri_sciureus,same-order,2,0.9009756165421559,78.61996747600155,0.9565812439028246,0.8514806292554477
Homo_sapiens,Saimiri_sciureus,same-order,3,0.9153404909475449,80.97252170325879,0.9581996055015524,0.8762434318135967
Homo_sapiens,Saimiri_sciureus,same-order,4,0.926598551454084,82.90195571093948,0.9596681485213373,0.8957362264437151
Homo_sapiens,Saimiri_sciureus,same-order,5,0.9374683379436685,84.7286212757505,0.9608143843159652,0.9152833983748652
Homo_sapiens,Saimiri_sciureus,same-order,6,0.9413103818036515,85.44078680506232,0.9614891313115163,0.9219709222342187
Homo_sapiens,Saimiri_sciureus,same-order,7,0.9433517017498655,85.7924237152032,0.9617245598274264,0.9256696975824115
Homo_sapiens,Saimiri_sciureus,same-order,8,0.9461770030820157,86.3173587851647,0.9622454880622966,0.930642761325786
Homo_sapiens,Varecia_variegata,same-order,1,0.8517755891937712,70.96137826979817,0.9155825410489422,0.7962832338041363
Homo_sapiens,Varecia_variegata,same-order,2,0.8721984206929893,74.02743641024637,0.9202554190127622,0.8289691183458117
Homo_sapiens,Varecia_variegata,same-order,3,0.8917792527002172,77.10106703503159,0.924560418583339,0.8613077287585745
Homo_sapiens,Varecia_variegata,same-order,4,0.9064338920717816,79.46588398316597,0.9279173011467918,0.885923866608659
Homo_sapiens,Varecia_variegata,same-order,5,0.9077969599599323,79.73836079011302,0.9291831203190473,0.8873737514962751
Homo_sapiens,Varecia_variegata,same-order,6,0.9154280187753822,81.00396128531496,0.930530427140015,0.9008131487230141
Homo_sapiens,Varecia_variegata,same-order,7,0.9250266781511968,82.64074825926507,0.932818217712842,0.9173856687447975
Homo_sapiens,Varecia_variegata,same-order,8,0.9277312814171276,83.09907702382246,0.9335164784573159,0.9220243080051551
Saimiri_boliviensis,Aotus_azarai,same-order,1,0.9536870167351751,90.83409458814073,0.9913515622766234,0.9187961005154883
Saimiri_boliviensis,Aotus_azarai,same-order,2,0.9763897777595177,95.09225402266719,0.9920634411067573,0.9612061659738921
Saimiri_boliviensis,Aotus_azarai,same-order,3,0.9853483479338494,96.82610065056554,0.9926319957819686,0.9781775612078031
Saimiri_boliviensis,Aotus_azarai,same-order,4,0.9883982664451598,97.40855709253685,0.9926560866660529,0.9841803314029548
Saimiri_boliviensis,Aotus_azarai,same-order,5,0.9899219058526151,97.72326008760281,0.9927796933182703,0.987082067514022
Saimiri_boliviensis,Aotus_azarai,same-order,6,0.9912663566122415,97.98626803056511,0.992839263849287,0.9896984510306742
Saimiri_boliviensis,Aotus_azarai,same-order,7,0.9922479967979263,98.18492643209161,0.9929739281244426,0.9915243218574115
Saimiri_boliviensis,Aotus_azarai,same-order,8,0.9912456307783009,97.97832983279471,0.9928995426415561,0.98959766934145
Saimiri_boliviensis,Gorilla_gorilla,same-order,1,0.8888880657030477,78.56051593314594,0.9850760911159683,0.8098235305734299
Saimiri_boliviensis,Gorilla_gorilla,same-order,2,0.9150730552253901,82.93041940497595,0.9880890481434869,0.8521372131577251
Saimiri_boliviensis,Gorilla_gorilla,same-order,3,0.9304180385363384,85.60695334468225,0.9893795282728233,0.8781649362485641
Saimiri_boliviensis,Gorilla_gorilla,same-order,4,0.9430067568035804,87.84903113689715,0.9904338883338166,0.8999153456478984
Saimiri_boliviensis,Gorilla_gorilla,same-order,5,0.9416172187125832,87.62232268178063,0.9904512708553636,0.8973915790884649
Saimiri_boliviensis,Gorilla_gorilla,same-order,6,0.9539370133989276,89.87598387546336,0.9915823067168104,0.9190540400881129
Saimiri_boliviensis,Gorilla_gorilla,same-order,7,0.9525581855114368,89.59461182272673,0.9910984587702291,0.9169049788750624
Saimiri_boliviensis,Gorilla_gorilla,same-order,8,0.9544435358093709,89.93197278911565,0.9912409587314577,0.9202810061215868
Saimiri_boliviensis,Homo_sapiens,same-order,1,0.8772827544300226,75.27471671487895,0.9470158989566387,0.8171192844288364
Saimiri_boliviensis,Homo_sapiens,same-order,2,0.8994072986609815,78.82262938014848,0.95057329430822,0.8534916544731814
Saimiri_boliviensis,Homo_sapiens,same-order,3,0.9161122229014484,81.57070086393286,0.953260582776664,0.8817568543580977
Saimiri_boliviensis,Homo_sapiens,same-order,4,0.9316184307651074,84.20664646992934,0.9551888212671767,0.9092100284780038
Saimiri_boliviensis,Homo_sapiens,same-order,5,0.9350926835740041,84.82252481139051,0.956018672887323,0.9150721086734676
Saimiri_boliviensis,Homo_sapiens,same-order,6,0.9414999446611931,85.9606398941951,0.9570936878812509,0.9264110527086985
Saimiri_boliviensis,Homo_sapiens,same-order,7,0.9424194213999993,86.12690546058077,0.9571275094364274,0.9281679169271806
Saimiri_boliviensis,Homo_sapiens,same-order,8,0.9470717740643596,86.95574567031103,0.9579610923322623,0.9364328285197364
Saimiri_boliviensis,Varecia_variegata,same-order,1,0.8572650294430503,73.87518200165226,0.9440410098039237,0.7851406548244739
Saimiri_boliviensis,Varecia_variegata,same-order,2,0.8810418103711631,77.59466339474982,0.9485808575222557,0.8225256342137577
Saimiri_boliviensis,Varecia_variegata,same-order,3,0.8927005623421677,79.48110422239323,0.9504923322265001,0.8415412947442644
Saimiri_boliviensis,Varecia_variegata,same-order,4,0.9044486935604027,81.43946877047624,0.9529946169388723,0.8606758309659396
Saimiri_boliviensis,Varecia_variegata,same-order,5,0.9121351705237243,82.80270582522805,0.9552525922877809,0.8727510521064632
Saimiri_boliviensis,Varecia_variegata,same-order,6,0.918155225999517,83.83965668963903,0.9559576778236542,0.8832432991237041
Saimiri_boliviensis,Varecia_variegata,same-order,7,0.9229568850506453,84.65618479928138,0.9565521861351004,0.8916469608200311
Saimiri_boliviensis,Varecia_variegata,same-order,8,0.9258255416297212,85.18770633031755,0.9573720980269663,0.8963457522355084
Saimiri_sciureus,Aotus_azarai,same-order,1,0.952843180603217,90.67612891478929,0.9913375941758883,0.9172541388873648
Saimiri_sciureus,Aotus_azarai,same-order,2,0.9763581456179224,95.08623149846535,0.9920836766191803,0.9611257546363655
Saimiri_sciureus,Aotus_azarai,same-order,3,0.9852861153670486,96.81405596457135,0.9926310820899804,0.9780558721636231
Saimiri_sciureus,Aotus_azarai,same-order,4,0.9883158673935563,97.39249815580384,0.9926548833254065,0.984018077284138
Saimiri_sciureus,Aotus_azarai,same-order,5,0.9898499764444395,97.70920616066711,0.9927786628216269,0.9869401125915879
Saimiri_sciureus,Aotus_azarai,same-order,6,0.9912048884402439,97.9742217729261,0.9928383897173857,0.9895767792604526
Saimiri_sciureus,Aotus_azarai,same-order,7,0.9915531246559605,98.04642011002689,0.9928635327618028,0.9902461775560694
Saimiri_sciureus,Aotus_azarai,same-order,8,0.9911841600658379,97.9662840586984,0.9928986757756775,0.9894760049727878
Saimiri_sciureus,Gorilla_gorilla,same-order,1,0.8889384101776331,78.53081677428435,0.9846823809046272,0.8101732505968336
Saimiri_sciureus,Gorilla_gorilla,same-order,2,0.9151331516898589,82.90390487706888,0.9876426196543818,0.8525734014446792
Saimiri_sciureus,Gorilla_gorilla,same-order,3,0.9304879658078815,85.58295435725627,0.9888999384522994,0.8786677415705797
Saimiri_sciureus,Gorilla_gorilla,same-order,4,0.9430408927055175,87.81805833651741,0.9899644460524272,0.9003654816371851
Saimiri_sciureus,Gorilla_gorilla,same-order,5,0.9413670838605931,87.54129326099373,0.989952371247238,0.8973451519123264
Saimiri_sciureus,Gorilla_gorilla,same-order,6,0.9539816458461483,89.846135887133,0.9911441349667006,0.9195137785038456
Saimiri_sciureus,Gorilla_gorilla,same-order,7,0.9526699943878708,89.57692577348826,0.9906387447417339,0.9175060964569024
Saimiri_sciureus,Gorilla_gorilla,same-order,8,0.9544769369850935,89.90010703674541,0.9907813528686332,0.9207396790172372
Saimiri_sciureus,Homo_sapiens,same-order,1,0.8776630042187573,75.30221053353377,0.9466397769269878,0.8180604574093236
Saimiri_sciureus,Homo_sapiens,same-order,2,0.8994447541105143,78.79482561444622,0.950176685665067,0.8538775773112546
Saimiri_sciureus,Homo_sapiens,same-order,3,0.9159681830732951,81.51415586778734,0.9527939891575303,0.8818943218914829
Saimiri_sciureus,Homo_sapiens,same-order,4,0.9318936961148377,84.21891464501901,0.9547708035511909,0.9101143046286398
Saimiri_sciureus,Homo_sapiens,same-order,5,0.9353778451639814,84.83648657715507,0.9556034487868043,0.9159995112660783
Saimiri_sciureus,Homo_sapiens,same-order,6,0.9418495151106295,85.98580422502681,0.9566879381049338,0.9274687555513533
Saimiri_sciureus,Homo_sapiens,same-order,7,0.9426781287649159,86.13645516790005,0.9567148765038044,0.9290586781901532
Saimiri_sciureus,Homo_sapiens,same-order,8,0.9475404124384267,87.00188943652938,0.9575479349062269,0.9377445243610102
Saimiri_sciureus,Varecia_variegata,same-order,1,0.8566615943170698,73.67593657682185,0.942366150530605,0.7852883946725498
Saimiri_sciureus,Varecia_variegata,same-order,2,0.8804637886401295,77.39280938144955,0.9469079728055673,0.8227768679333631
Saimiri_sciureus,Varecia_variegata,same-order,3,0.8901981897474123,78.97006577286395,0.9485978904668547,0.8385864743571618
Saimiri_sciureus,Varecia_variegata,same-order,4,0.9028847109521889,81.07405470529689,0.9512914442893621,0.8592585971028265
Saimiri_sciureus,Varecia_variegata,same-order,5,0.911844713805282,82.63876069672546,0.9536895120050457,0.8735259384348346
Saimiri_sciureus,Varecia_variegata,same-order,6,0.9170178220604951,83.52587562841985,0.954274063650864,0.8825726412830281
Saimiri_sciureus,Varecia_variegata,same-order,7,0.9224095867815424,84.4449997428362,0.9549967352389203,0.8919786141215326
Saimiri_sciureus,Varecia_variegata,same-order,8,0.9244043107986485,84.82144681567567,0.9556860119221807,0.8951631347374253
Varecia_variegata,Aotus_azarai,same-order,1,0.882152789783032,75.6217534997943,0.9755323838187734,0.8051025405471136
Varecia_variegata,Aotus_azarai,same-order,2,0.9012316458931108,78.71790176706452,0.9775575773347253,0.8359913391372767
Varecia_variegata,Aotus_azarai,same-order,3,0.9221083228180591,82.21370027642222,0.9801607135292616,0.8705673677032125
Varecia_variegata,Aotus_azarai,same-order,4,0.9380710318852609,85.02745815147703,0.9816055001068059,0.8982639773081549
Varecia_variegata,Aotus_azarai,same-order,5,0.9411069960177411,85.57299337098323,0.9817824528868045,0.9036760295440892
Varecia_variegata,Aotus_azarai,same-order,6,0.9472926966508517,86.71160567002886,0.9825862514861519,0.9144510167650924
Varecia_variegata,Aotus_azarai,same-order,7,0.947890057997773,86.78450567439761,0.9825632048412009,0.9155932076059855
Varecia_variegata,Aotus_azarai,same-order,8,0.9463966493326037,86.52052189807777,0.9824866938825386,0.9129084229333057
Varecia_variegata,Gorilla_gorilla,same-order,1,0.875486653164689,74.07451460487549,0.9803248424793933,0.7909144244739551
Varecia_variegata,Gorilla_gorilla,same-order,2,0.8987194291084047,77.78774658563668,0.982876835823938,0.8278517178051068
Varecia_variegata,Gorilla_gorilla,same-order,3,0.9097479427961209,79.63289495464646,0.9837355344042735,0.8462222670981276
Varecia_variegata,Gorilla_gorilla,same-order,4,0.9262612281042718,82.45650026143501,0.9857014333339356,0.8736282690538096
Varecia_variegata,Gorilla_gorilla,same-order,5,0.9283559960376196,82.77635846248343,0.9862500705665428,0.8768856235109546
Varecia_variegata,Gorilla_gorilla,same-order,6,0.9354627808762478,84.03962849437103,0.9869791296839437,0.8890605776777453
Varecia_variegata,Gorilla_gorilla,same-order,7,0.9421782887136642,85.29401220137348,0.9882478720997194,0.9002312720002742
Varecia_variegata,Gorilla_gorilla,same-order,8,0.9382567654482931,84.60290960061924,0.9878641094317184,0.8935595673306841
Varecia_variegata,Homo_sapiens,same-order,1,0.8615654476603108,70.71974744759956,0.941620926434516,0.7940870863379704
Varecia_variegata,Homo_sapiens,same-order,2,0.8817337809918241,73.83521712013649,0.9451857082241886,0.8263623638745905
Varecia_variegata,Homo_sapiens,same-order,3,0.9014163997734794,76.92166608796192,0.9481658229307891,0.8591482097224463
Varecia_variegata,Homo_sapiens,same-order,4,0.9186702101510037,79.76351175637456,0.9506748692494709,0.8887521096676932
Varecia_variegata,Homo_sapiens,same-order,5,0.9254705867832632,80.920929011375,0.9524550274675451,0.8999775529804909
Varecia_variegata,Homo_sapiens,same-order,6,0.9335949474733938,82.28312600654141,0.9535242159570393,0.9144913472871142
Varecia_variegata,Homo_sapiens,same-order,7,0.9381197865321219,83.10274923765093,0.9541323579013062,0.9226398154679426
Varecia_variegata,Homo_sapiens,same-order,8,0.9384160740534445,83.14093969807207,0.9543455982297978,0.9230121350319971
Varecia_variegata,Saimiri_boliviensis,same-order,1,0.8712524360315598,73.84572496310925,0.979378944852627,0.7846529149305432
Varecia_variegata,Saimiri_boliviensis,same-order,2,0.8879124298456998,76.45475550188267,0.9808558001047811,0.8110723703521217
Varecia_variegata,Saimiri_boliviensis,same-order,3,0.9049583340040493,79.27704240477121,0.9831168591620746,0.8383310765285632
Varecia_variegata,Saimiri_boliviensis,same-order,4,0.9233284578941529,82.3536676336298,0.9844120531058546,0.8693940261209709
Varecia_variegata,Saimiri_boliviensis,same-order,5,0.9307941756747384,83.64385962398201,0.9849535621034842,0.8822891455266304
Varecia_variegata,Saimiri_boliviensis,same-order,6,0.9306219852200975,83.65660567038918,0.9851988177289264,0.8817843305898553
Varecia_variegata,Saimiri_boliviensis,same-order,7,0.9353271898140179,84.49471899758164,0.9860525156575465,0.8895670100768024
Varecia_variegata,Saimiri_boliviensis,same-order,8,0.9447190671681484,86.15444896537743,0.9869040279519954,0.9059926959026878
Varecia_variegata,Saimiri_sciureus,same-order,1,0.8707382972488314,73.66857689872982,0.9779296610464155,0.7847283668688531
Varecia_variegata,Saimiri_sciureus,same-order,2,0.8910502860477901,76.85950554902888,0.9796965445827427,0.8171158724364865
Varecia_variegata,Saimiri_sciureus,same-order,3,0.9052509378253295,79.2325729197836,0.9812458820899104,0.8403694600158241
Varecia_variegata,Saimiri_sciureus,same-order,4,0.9229537046251779,82.26125005583776,0.983325331941486,0.8695766202042513
Varecia_variegata,Saimiri_sciureus,same-order,5,0.9267688162247345,82.89103613806498,0.983385466211581,0.8763263150167124
Varecia_variegata,Saimiri_sciureus,same-order,6,0.9361902142756503,84.52169576567921,0.9844291933678214,0.8924790507471655
Varecia_variegata,Saimiri_sciureus,same-order,7,0.9381196626146399,84.8617357974802,0.9845072529315186,0.8959256145236716
Varecia_variegata,Saimiri_sciureus,same-order,8,0.9372204382651407,84.69230988133408,0.9843874101039343,0.8943959269676083
