divergence,depth,replicate,sampling,n_reads,n_origin_spanning,last_iteration,terminal_correct,terminal_total,interior_correct,interior_total,terminal_accuracy,interior_accuracy
0.05,1,0,circular,110,1,2,297,300,15978,16269,0.99,0.9821132214641343
0.05,1,0,linear,111,0,2,287,300,15978,16269,0.9566666666666667,0.9821132214641343
0.05,1,1,circular,110,0,2,278,300,15988,16269,0.9266666666666666,0.9827278873932018
0.05,1,1,linear,111,0,2,278,300,15997,16269,0.9266666666666666,0.9832810867293625
0.05,1,2,circular,110,0,2,288,300,15945,16269,0.96,0.9800848238982113
0.05,1,2,linear,111,0,2,288,300,15946,16269,0.96,0.9801462904911181
0.05,1,3,circular,110,1,2,284,300,15948,16269,0.9466666666666667,0.9802692236769316
0.05,1,3,linear,111,0,2,284,300,15949,16269,0.9466666666666667,0.9803306902698383
0.05,1,4,circular,110,0,2,287,300,15947,16269,0.9566666666666667,0.9802077570840249
0.05,1,4,linear,111,0,2,287,300,15952,16269,0.9566666666666667,0.9805150900485586
0.05,1,5,circular,110,4,3,300,300,15930,16269,1.0,0.97916282500461
0.05,1,5,linear,111,0,3,287,300,15952,16269,0.9566666666666667,0.9805150900485586
0.05,1,6,circular,110,0,2,287,300,16001,16269,0.9566666666666667,0.9835269531009896
0.05,1,6,linear,111,0,2,287,300,16006,16269,0.9566666666666667,0.9838342860655234
0.05,1,7,circular,110,0,2,285,300,15940,16269,0.95,0.9797774909336775
0.05,1,7,linear,111,0,2,285,300,15940,16269,0.95,0.9797774909336775
0.05,1,8,circular,110,0,2,287,300,15966,16269,0.9566666666666667,0.9813756223492531
0.05,1,8,linear,111,0,2,287,300,15972,16269,0.9566666666666667,0.9817444219066938
0.05,1,9,circular,110,1,2,289,300,15957,16269,0.9633333333333334,0.9808224230130924
0.05,1,9,linear,111,0,2,287,300,15959,16269,0.9566666666666667,0.9809453561989059
0.05,2,0,circular,221,1,2,292,300,16122,16269,0.9733333333333334,0.990964410842707
0.05,2,0,linear,221,0,2,284,300,16128,16269,0.9466666666666667,0.9913332104001475
0.05,2,1,circular,221,3,3,300,300,16121,16269,1.0,0.9909029442498002
0.05,2,1,linear,221,0,2,288,300,16132,16269,0.96,0.9915790767717746
0.05,2,2,circular,221,2,2,300,300,16167,16269,1.0,0.9937304075235109
0.05,2,2,linear,221,0,2,292,300,16167,16269,0.9733333333333334,0.9937304075235109
0.05,2,3,circular,221,1,3,298,300,16155,16269,0.9933333333333333,0.9929928084086299
0.05,2,3,linear,221,0,2,296,300,16155,16269,0.9866666666666667,0.9929928084086299
0.05,2,4,circular,221,2,2,299,300,16145,16269,0.9966666666666667,0.9923781424795624
0.05,2,4,linear,221,0,2,289,300,16149,16269,0.9633333333333334,0.9926240088511894
0.05,2,5,circular,221,1,2,299,300,16131,16269,0.9966666666666667,0.9915176101788677
0.05,2,5,linear,221,0,2,298,300,16135,16269,0.9933333333333333,0.9917634765504948
0.05,2,6,circular,221,1,2,290,300,16182,16269,0.9666666666666667,0.9946524064171123
0.05,2,6,linear,221,0,2,289,300,16182,16269,0.9633333333333334,0.9946524064171123
0.05,2,7,circular,221,1,2,296,300,16128,16269,0.9866666666666667,0.9913332104001475
0.05,2,7,linear,221,0,2,288,300,16131,16269,0.96,0.9915176101788677
0.05,2,8,circular,221,2,2,298,300,16153,16269,0.9933333333333333,0.9928698752228164
0.05,2,8,linear,221,0,2,295,300,16154,16269,0.9833333333333333,0.9929313418157232
0.05,2,9,circular,221,2,2,289,300,16175,16269,0.9633333333333334,0.994222140266765
0.05,2,9,linear,221,0,2,287,300,16175,16269,0.9566666666666667,0.994222140266765
0.05,4,0,circular,442,1,2,300,300,16254,16269,1.0,0.9990780011063987
0.05,4,0,linear,442,0,2,299,300,16254,16269,0.9966666666666667,0.9990780011063987
0.05,4,1,circular,442,4,3,297,300,16265,16269,0.99,0.999754133628373
0.05,4,1,linear,442,0,2,296,300,16265,16269,0.9866666666666667,0.999754133628373
0.05,4,2,circular,442,4,3,300,300,16247,16269,1.0,0.9986477349560514
0.05,4,2,linear,442,0,2,296,300,16247,16269,0.9866666666666667,0.9986477349560514
0.05,4,3,circular,442,4,3,300,300,16247,16269,1.0,0.9986477349560514
0.05,4,3,linear,442,0,2,294,300,16247,16269,0.98,0.9986477349560514
0.05,4,4,circular,442,2,3,300,300,16261,16269,1.0,0.9995082672567459
0.05,4,4,linear,442,0,3,299,300,16261,16269,0.9966666666666667,0.9995082672567459
0.05,4,5,circular,442,2,3,299,300,16257,16269,0.9966666666666667,0.999262400885119
0.05,4,5,linear,442,0,2,296,300,16257,16269,0.9866666666666667,0.999262400885119
0.05,4,6,circular,442,5,3,300,300,16254,16269,1.0,0.9990780011063987
0.05,4,6,linear,442,0,2,292,300,16254,16269,0.9733333333333334,0.9990780011063987
0.05,4,7,circular,442,0,2,298,300,16255,16269,0.9933333333333333,0.9991394676993054
0.05,4,7,linear,442,0,2,298,300,16255,16269,0.9933333333333333,0.9991394676993054
0.05,4,8,circular,442,3,2,297,300,16249,16269,0.99,0.9987706681418649
0.05,4,8,linear,442,0,2,286,300,16249,16269,0.9533333333333334,0.9987706681418649
0.05,4,9,circular,442,4,3,300,300,16234,16269,1.0,0.9978486692482635
0.05,4,9,linear,442,0,2,293,300,16234,16269,0.9766666666666667,0.9978486692482635
0.05,8,0,circular,884,6,3,300,300,16269,16269,1.0,1.0
0.05,8,0,linear,884,0,2,296,300,16269,16269,0.9866666666666667,1.0
0.05,8,1,circular,884,7,3,300,300,16269,16269,1.0,1.0
0.05,8,1,linear,884,0,2,298,300,16269,16269,0.9933333333333333,1.0
0.05,8,2,circular,884,9,3,300,300,16266,16269,1.0,0.9998156002212797
0.05,8,2,linear,884,0,2,298,300,16266,16269,0.9933333333333333,0.9998156002212797
0.05,8,3,circular,884,9,3,300,300,16269,16269,1.0,1.0
0.05,8,3,linear,884,0,2,297,300,16269,16269,0.99,1.0
0.05,8,4,circular,884,6,3,300,300,16269,16269,1.0,1.0
0.05,8,4,linear,884,0,2,298,300,16269,16269,0.9933333333333333,1.0
0.05,8,5,circular,884,4,2,300,300,16269,16269,1.0,1.0
0.05,8,5,linear,884,0,2,299,300,16269,16269,0.9966666666666667,1.0
0.05,8,6,circular,884,10,3,300,300,16269,16269,1.0,1.0
0.05,8,6,linear,884,0,2,297,300,16269,16269,0.99,1.0
0.05,8,7,circular,884,2,2,300,300,16269,16269,1.0,1.0
0.05,8,7,linear,884,0,2,291,300,16269,16269,0.97,1.0
0.05,8,8,circular,884,7,3,300,300,16269,16269,1.0,1.0
0.05,8,8,linear,884,0,2,299,300,16269,16269,0.9966666666666667,1.0
0.05,8,9,circular,884,8,2,300,300,16269,16269,1.0,1.0
0.05,8,9,linear,884,0,2,297,300,16269,16269,0.99,1.0
0.1,1,0,circular,110,3,2,263,300,15691,16269,0.8766666666666667,0.9644723092998955
0.1,1,0,linear,111,0,2,263,300,15712,16269,0.8766666666666667,0.9657631077509373
0.1,1,1,circular,110,1,2,282,300,15708,16269,0.94,0.9655172413793104
0.1,1,1,linear,111,0,2,281,300,15709,16269,0.9366666666666666,0.9655787079722171
0.1,1,2,circular,110,0,2,263,300,15628,16269,0.8766666666666667,0.9605999139467699
0.1,1,2,linear,111,0,2,263,300,15631,16269,0.8766666666666667,0.9607843137254902
0.1,1,3,circular,110,0,2,264,300,15570,16269,0.88,0.9570348515581781
0.1,1,3,linear,111,0,2,264,300,15586,16269,0.88,0.9580183170446862
0.1,1,4,circular,110,0,3,263,300,15618,16269,0.8766666666666667,0.9599852480177024
0.1,1,4,linear,111,0,3,263,300,15618,16269,0.8766666666666667,0.9599852480177024
0.1,1,5,circular,110,0,2,277,300,15673,16269,0.9233333333333333,0.9633659106275739
0.1,1,5,linear,111,0,2,277,300,15675,16269,0.9233333333333333,0.9634888438133874
0.1,1,6,circular,110,1,2,282,300,15604,16269,0.94,0.9591247157170079
0.1,1,6,linear,111,0,2,280,300,15608,16269,0.9333333333333333,0.9593705820886348
0.1,1,7,circular,110,0,2,289,300,15658,16269,0.9633333333333334,0.9624439117339726
0.1,1,7,linear,111,0,2,289,300,15663,16269,0.9633333333333334,0.9627512446985064
0.1,1,8,circular,110,0,2,269,300,15688,16269,0.8966666666666666,0.9642879095211753
0.1,1,8,linear,111,0,2,269,300,15688,16269,0.8966666666666666,0.9642879095211753
0.1,1,9,circular,110,1,2,279,300,15689,16269,0.93,0.964349376114082
0.1,1,9,linear,111,0,2,264,300,15715,16269,0.88,0.9659475075296576
0.1,2,0,circular,221,1,2,281,300,16052,16269,0.9366666666666666,0.9866617493392341
0.1,2,0,linear,221,0,2,268,300,16052,16269,0.8933333333333333,0.9866617493392341
0.1,2,1,circular,221,2,3,280,300,16088,16269,0.9333333333333333,0.9888745466838773
0.1,2,1,linear,221,0,2,279,300,16091,16269,0.93,0.9890589464625976
0.1,2,2,circular,221,4,3,299,300,15970,16269,0.9966666666666667,0.9816214887208802
0.1,2,2,linear,221,0,2,290,300,15977,16269,0.9666666666666667,0.9820517548712275
0.1,2,3,circular,221,0,2,296,300,16052,16269,0.9866666666666667,0.9866617493392341
0.1,2,3,linear,221,0,2,296,300,16052,16269,0.9866666666666667,0.9866617493392341
0.1,2,4,circular,221,4,3,299,300,16014,16269,0.9966666666666667,0.9843260188087775
0.1,2,4,linear,221,0,2,287,300,16030,16269,0.9566666666666667,0.9853094842952855
0.1,2,5,circular,221,1,3,297,300,16051,16269,0.99,0.9866002827463274
0.1,2,5,linear,221,0,3,283,300,16051,16269,0.9433333333333334,0.9866002827463274
0.1,2,6,circular,221,2,4,297,300,16008,16269,0.99,0.983957219251337
0.1,2,6,linear,221,0,2,294,300,16020,16269,0.98,0.984694818366218
0.1,2,7,circular,221,4,3,297,300,16006,16269,0.99,0.9838342860655234
0.1,2,7,linear,221,0,3,292,300,16015,16269,0.9733333333333334,0.9843874854016842
0.1,2,8,circular,221,1,3,293,300,16030,16269,0.9766666666666667,0.9853094842952855
0.1,2,8,linear,221,0,2,293,300,16030,16269,0.9766666666666667,0.9853094842952855
0.1,2,9,circular,221,3,3,292,300,16010,16269,0.9733333333333334,0.9840801524371504
0.1,2,9,linear,221,0,2,270,300,16021,16269,0.9,0.9847562849591247
0.1,4,0,circular,442,4,3,294,300,16212,16269,0.98,0.996496404204315
0.1,4,0,linear,442,0,2,292,300,16212,16269,0.9733333333333334,0.996496404204315
0.1,4,1,circular,442,4,3,299,300,16233,16269,0.9966666666666667,0.9977872026553568
0.1,4,1,linear,442,0,2,295,300,16237,16269,0.9833333333333333,0.9980330690269839
0.1,4,2,circular,442,4,3,299,300,16238,16269,0.9966666666666667,0.9980945356198906
0.1,4,2,linear,442,0,2,298,300,16238,16269,0.9933333333333333,0.9980945356198906
0.1,4,3,circular,442,2,3,299,300,16233,16269,0.9966666666666667,0.9977872026553568
0.1,4,3,linear,442,0,2,295,300,16233,16269,0.9833333333333333,0.9977872026553568
0.1,4,4,circular,442,3,2,299,300,16231,16269,0.9966666666666667,0.9976642694695433
0.1,4,4,linear,442,0,2,286,300,16231,16269,0.9533333333333334,0.9976642694695433
0.1,4,5,circular,442,4,3,299,300,16253,16269,0.9966666666666667,0.9990165345134919
0.1,4,5,linear,442,0,3,291,300,16253,16269,0.97,0.9990165345134919
0.1,4,6,circular,442,7,3,299,300,16251,16269,0.9966666666666667,0.9988936013276785
0.1,4,6,linear,442,0,2,297,300,16251,16269,0.99,0.9988936013276785
0.1,4,7,circular,442,4,3,298,300,16241,16269,0.9933333333333333,0.9982789353986109
0.1,4,7,linear,442,0,3,289,300,16241,16269,0.9633333333333334,0.9982789353986109
0.1,4,8,circular,442,5,3,299,300,16263,16269,0.9966666666666667,0.9996312004425595
0.1,4,8,linear,442,0,2,292,300,16263,16269,0.9733333333333334,0.9996312004425595
0.1,4,9,circular,442,4,3,299,300,16233,16269,0.9966666666666667,0.9977872026553568
0.1,4,9,linear,442,0,2,293,300,16233,16269,0.9766666666666667,0.9977872026553568
0.1,8,0,circular,884,16,3,299,300,16269,16269,0.9966666666666667,1.0
0.1,8,0,linear,884,0,2,297,300,16269,16269,0.99,1.0
0.1,8,1,circular,884,4,2,299,300,16268,16269,0.9966666666666667,0.9999385334070933
0.1,8,1,linear,884,0,2,295,300,16268,16269,0.9833333333333333,0.9999385334070933
0.1,8,2,circular,884,6,3,298,300,16269,16269,0.9933333333333333,1.0
0.1,8,2,linear,884,0,2,297,300,16269,16269,0.99,1.0
0.1,8,3,circular,884,9,3,299,300,16269,16269,0.9966666666666667,1.0
0.1,8,3,linear,884,0,2,298,300,16269,16269,0.9933333333333333,1.0
0.1,8,4,circular,884,9,3,299,300,16269,16269,0.9966666666666667,1.0
0.1,8,4,linear,884,0,2,297,300,16269,16269,0.99,1.0
0.1,8,5,circular,884,7,3,299,300,16269,16269,0.9966666666666667,1.0
0.1,8,5,linear,884,0,2,298,300,16269,16269,0.9933333333333333,1.0
0.1,8,6,circular,884,10,3,299,300,16269,16269,0.9966666666666667,1.0
0.1,8,6,linear,884,0,2,298,300,16269,16269,0.9933333333333333,1.0
0.1,8,7,circular,884,13,3,299,300,16269,16269,0.9966666666666667,1.0
0.1,8,7,linear,884,0,2,292,300,16269,16269,0.9733333333333334,1.0
0.1,8,8,circular,884,7,3,289,300,16269,16269,0.9633333333333334,1.0
0.1,8,8,linear,884,0,2,288,300,16269,16269,0.96,1.0
0.1,8,9,circular,884,10,3,299,300,16267,16269,0.9966666666666667,0.9998770668141865
0.1,8,9,linear,884,0,2,291,300,16267,16269,0.97,0.9998770668141865
0.2,1,0,circular,110,1,5,293,300,14439,16269,0.9766666666666667,0.887516134980638
0.2,1,0,linear,111,0,5,268,300,14439,16269,0.8933333333333333,0.887516134980638
0.2,1,1,circular,110,1,5,271,300,14400,16269,0.9033333333333333,0.8851189378572746
0.2,1,1,linear,111,0,5,246,300,14426,16269,0.82,0.8867170692728502
0.2,1,2,circular,110,1,5,243,300,14658,16269,0.81,0.9009773188272174
0.2,1,2,linear,111,0,5,243,300,14665,16269,0.81,0.9014075849775647
0.2,1,3,circular,110,1,4,268,300,14219,16269,0.8933333333333333,0.8739934845411519
0.2,1,3,linear,111,0,4,243,300,14269,16269,0.81,0.8770668141864897
0.2,1,4,circular,110,0,4,243,300,14353,16269,0.81,0.8822300079906571
0.2,1,4,linear,111,0,4,243,300,14358,16269,0.81,0.8825373409551909
0.2,1,5,circular,110,1,4,258,300,14445,16269,0.86,0.8878849345380786
0.2,1,5,linear,111,0,4,258,300,14457,16269,0.86,0.8886225336529596
0.2,1,6,circular,110,0,5,273,300,14481,16269,0.91,0.8900977318827218
0.2,1,6,linear,111,0,5,273,300,14481,16269,0.91,0.8900977318827218
0.2,1,7,circular,110,1,5,272,300,14543,16269,0.9066666666666666,0.8939086606429406
0.2,1,7,linear,111,0,5,257,300,14582,16269,0.8566666666666667,0.896305857766304
0.2,1,8,circular,110,0,4,256,300,14438,16269,0.8533333333333334,0.8874546683877312
0.2,1,8,linear,111,0,4,256,300,14438,16269,0.8533333333333334,0.8874546683877312
0.2,1,9,circular,110,2,4,272,300,14441,16269,0.9066666666666666,0.8876390681664516
0.2,1,9,linear,111,0,4,272,300,14465,16269,0.9066666666666666,0.8891142663962136
0.2,2,0,circular,221,1,5,270,300,15361,16269,0.9,0.9441883336406663
0.2,2,0,linear,221,0,5,270,300,15365,16269,0.9,0.9444342000122933
0.2,2,1,circular,221,1,6,295,300,15195,16269,0.9833333333333333,0.933984879218145
0.2,2,1,linear,221,0,6,287,300,15195,16269,0.9566666666666667,0.933984879218145
0.2,2,2,circular,221,1,5,295,300,15423,16269,0.9833333333333333,0.9479992624008852
0.2,2,2,linear,221,0,5,295,300,15423,16269,0.9833333333333333,0.9479992624008852
0.2,2,3,circular,221,3,5,300,300,15428,16269,1.0,0.948306595365419
0.2,2,3,linear,221,0,5,280,300,15428,16269,0.9333333333333333,0.948306595365419
0.2,2,4,circular,221,2,6,271,300,15524,16269,0.9033333333333333,0.9542073882844674
0.2,2,4,linear,221,0,6,269,300,15548,16269,0.8966666666666666,0.9556825865142295
0.2,2,5,circular,221,3,5,300,300,15213,16269,1.0,0.9350912778904665
0.2,2,5,linear,221,0,5,274,300,15239,16269,0.9133333333333333,0.9366894093060422
0.2,2,6,circular,221,2,5,300,300,15288,16269,1.0,0.9397012723584731
0.2,2,6,linear,221,0,5,291,300,15291,16269,0.97,0.9398856721371934
0.2,2,7,circular,221,6,6,300,300,15373,16269,1.0,0.9449259327555474
0.2,2,7,linear,221,0,5,282,300,15436,16269,0.94,0.9487983281086729
0.2,2,8,circular,221,1,6,287,300,15536,16269,0.9566666666666667,0.9549449873993484
0.2,2,8,linear,221,0,6,287,300,15536,16269,0.9566666666666667,0.9549449873993484
0.2,2,9,circular,221,4,5,300,300,15322,16269,1.0,0.9417911365173028
0.2,2,9,linear,221,0,5,273,300,15333,16269,0.91,0.9424672690392771
0.2,4,0,circular,442,3,6,300,300,16125,16269,1.0,0.9911488106214272
0.2,4,0,linear,442,0,6,297,300,16127,16269,0.99,0.9912717438072408
0.2,4,1,circular,442,4,5,300,300,16141,16269,1.0,0.9921322761079353
0.2,4,1,linear,442,0,5,288,300,16141,16269,0.96,0.9921322761079353
0.2,4,2,circular,442,2,6,288,300,16102,16269,0.96,0.9897350789845719
0.2,4,2,linear,442,0,6,287,300,16102,16269,0.9566666666666667,0.9897350789845719
0.2,4,3,circular,442,1,6,287,300,16175,16269,0.9566666666666667,0.994222140266765
0.2,4,3,linear,442,0,6,286,300,16175,16269,0.9533333333333334,0.994222140266765
0.2,4,4,circular,442,2,6,291,300,16218,16269,0.97,0.9968652037617555
0.2,4,4,linear,442,0,6,291,300,16218,16269,0.97,0.9968652037617555
0.2,4,5,circular,442,9,5,300,300,16168,16269,1.0,0.9937918741164177
0.2,4,5,linear,442,0,5,256,300,16173,16269,0.8533333333333334,0.9940992070809515
0.2,4,6,circular,442,3,5,300,300,16046,16269,1.0,0.9862929497817936
0.2,4,6,linear,442,0,5,288,300,16046,16269,0.96,0.9862929497817936
0.2,4,7,circular,442,3,6,300,300,16209,16269,1.0,0.9963120044255946
0.2,4,7,linear,442,0,6,289,300,16209,16269,0.9633333333333334,0.9963120044255946
0.2,4,8,circular,442,1,6,295,300,16144,16269,0.9833333333333333,0.9923166758866556
0.2,4,8,linear,442,0,6,293,300,16144,16269,0.9766666666666667,0.9923166758866556
0.2,4,9,circular,442,4,6,300,300,16099,16269,1.0,0.9895506792058516
0.2,4,9,linear,442,0,6,288,300,16099,16269,0.96,0.9895506792058516
0.2,8,0,circular,884,7,4,300,300,16259,16269,1.0,0.9993853340709324
0.2,8,0,linear,884,0,4,295,300,16259,16269,0.9833333333333333,0.9993853340709324
0.2,8,1,circular,884,8,6,300,300,16268,16269,1.0,0.9999385334070933
0.2,8,1,linear,884,0,6,300,300,16268,16269,1.0,0.9999385334070933
0.2,8,2,circular,884,12,4,300,300,16268,16269,1.0,0.9999385334070933
0.2,8,2,linear,884,0,4,295,300,16268,16269,0.9833333333333333,0.9999385334070933
0.2,8,3,circular,884,4,4,290,300,16268,16269,0.9666666666666667,0.9999385334070933
0.2,8,3,linear,884,0,4,285,300,16268,16269,0.95,0.9999385334070933
0.2,8,4,circular,884,6,5,300,300,16268,16269,1.0,0.9999385334070933
0.2,8,4,linear,884,0,5,294,300,16268,16269,0.98,0.9999385334070933
0.2,8,5,circular,884,8,4,300,300,16265,16269,1.0,0.999754133628373
0.2,8,5,linear,884,0,4,295,300,16265,16269,0.9833333333333333,0.999754133628373
0.2,8,6,circular,884,14,6,300,300,16268,16269,1.0,0.9999385334070933
0.2,8,6,linear,884,0,6,298,300,16268,16269,0.9933333333333333,0.9999385334070933
0.2,8,7,circular,884,12,5,300,300,16268,16269,1.0,0.9999385334070933
0.2,8,7,linear,884,0,5,287,300,16268,16269,0.9566666666666667,0.9999385334070933
0.2,8,8,circular,884,13,5,300,300,16268,16269,1.0,0.9999385334070933
0.2,8,8,linear,884,0,5,298,300,16268,16269,0.9933333333333333,0.9999385334070933
0.2,8,9,circular,884,10,6,300,300,16268,16269,1.0,0.9999385334070933
0.2,8,9,linear,884,0,6,295,300,16268,16269,0.9833333333333333,0.9999385334070933
