reference,target,divergence,depth,replicate,iteration,n_reads,n_placed,n_unplaced,n_contigs,n_contigs_anchored,theta_len,identity_pct,recall,precision,f1,c_theta,w_theta,u_t
Macaca_silenus,Macaca_tonkeana,same-genus,1,0,1,111,111,0,16,0,16555,96.57670711827568,0.9995001249687578,0.9664088931851136,0.9826760044231478,15996,556,8
Macaca_silenus,Macaca_tonkeana,same-genus,1,0,2,111,111,0,16,0,16555,96.57670711827568,0.9995001249687578,0.9664088931851136,0.9826760044231478,15996,556,8
Macaca_silenus,Macaca_tonkeana,same-genus,2,2,1,221,221,0,0,0,16558,98.76811594202898,0.9998777356645067,0.9878004589926319,0.993802406124681,16356,202,2
Macaca_silenus,Macaca_tonkeana,same-genus,2,2,2,221,221,0,0,0,16558,98.76811594202898,0.9998777356645067,0.9878004589926319,0.993802406124681,16356,202,2
Macaca_silenus,Macaca_tonkeana,same-genus,2,1,1,221,221,0,5,0,16559,98.93732640985388,0.9998169503935567,0.9896720420366009,0.9947186304862502,16386,171,3
Macaca_silenus,Macaca_tonkeana,same-genus,2,1,2,221,221,0,5,0,16559,98.93732640985388,0.9998169503935567,0.9896720420366009,0.9947186304862502,16386,171,3
Macaca_silenus,Macaca_tonkeana,same-genus,2,0,1,221,221,0,0,0,16551,98.95544016423138,0.999329268292683,0.9903317420992205,0.9948101611581536,16389,160,11
Macaca_silenus,Macaca_tonkeana,same-genus,2,0,2,221,221,0,0,0,16551,98.95544016423138,0.999329268292683,0.9903317420992205,0.9948101611581536,16389,160,11
Macaca_silenus,Macaca_tonkeana,same-genus,3,2,1,332,332,0,0,0,16560,99.7463768115942,1.0,0.9974637681159421,0.9987302738980591,16518,42,0
Macaca_silenus,Macaca_tonkeana,same-genus,3,2,2,332,332,0,0,0,16560,99.7463768115942,1.0,0.9974637681159421,0.9987302738980591,16518,42,0
Macaca_silenus,Macaca_tonkeana,same-genus,3,0,1,332,332,0,0,0,16559,99.35390374977356,0.9998784637822071,0.9937190481942264,0.9967892409280912,16454,104,2
Macaca_silenus,Macaca_tonkeana,same-genus,3,0,2,332,332,0,0,0,16559,99.35390374977356,0.9998784637822071,0.9937190481942264,0.9967892409280912,16454,104,2
Macaca_silenus,Macaca_tonkeana,same-genus,1,2,1,111,111,0,6,0,16559,97.28995654273298,0.9994419642857143,0.9738988580750407,0.9865050950151474,16119,432,9
Macaca_silenus,Macaca_tonkeana,same-genus,1,2,2,111,111,0,6,0,16557,97.30170228178196,0.9994419642857143,0.9738988580750407,0.9865050950151474,16119,432,9
Macaca_silenus,Macaca_tonkeana,same-genus,1,2,3,111,111,0,6,0,16557,97.30170228178196,0.9994419642857143,0.9738988580750407,0.9865050950151474,16119,432,9
Macaca_silenus,Macaca_tonkeana,same-genus,4,2,1,442,442,0,0,0,16553,99.79469838777851,0.9995161778046567,0.9984896085065249,0.9990026294314989,16527,25,8
Macaca_silenus,Macaca_tonkeana,same-genus,4,2,2,442,442,0,0,0,16561,99.84904293219009,1.0,0.9985507246376811,0.9992748368382885,16536,24,0
Macaca_silenus,Macaca_tonkeana,same-genus,4,2,3,442,442,0,0,0,16561,99.84904293219009,1.0,0.9985507246376811,0.9992748368382885,16536,24,0
Macaca_silenus,Macaca_tonkeana,same-genus,4,1,1,442,442,0,0,0,16562,99.83697621060259,1.0,0.9984903381642513,0.9992445988820065,16535,25,0
Macaca_silenus,Macaca_tonkeana,same-genus,4,1,2,442,442,0,0,0,16560,99.84903381642512,1.0,0.9984903381642513,0.9992445988820065,16535,25,0
Macaca_silenus,Macaca_tonkeana,same-genus,4,1,3,442,442,0,0,0,16560,99.84903381642512,1.0,0.9984903381642513,0.9992445988820065,16535,25,0
Macaca_silenus,Macaca_tonkeana,same-genus,3,1,1,332,332,0,0,0,16559,99.4686311213091,0.9998786039453718,0.9948665297741273,0.9973662700935427,16473,85,2
Macaca_silenus,Macaca_tonkeana,same-genus,3,1,2,332,332,0,0,0,16559,99.4807076867339,0.999878618680585,0.9949873173088537,0.9974269713939761,16475,83,2
Macaca_silenus,Macaca_tonkeana,same-genus,3,1,3,332,332,0,0,0,16559,99.4807076867339,0.999878618680585,0.9949873173088537,0.9974269713939761,16475,83,2
Macaca_silenus,Macaca_tonkeana,same-genus,4,0,1,442,442,0,0,0,16563,99.71019742800218,1.0,0.9972826086956522,0.998639455782313,16515,45,0
Macaca_silenus,Macaca_tonkeana,same-genus,4,0,2,442,442,0,0,0,16561,99.72223899522976,1.0,0.9972826086956522,0.998639455782313,16515,45,0
Macaca_silenus,Macaca_tonkeana,same-genus,4,0,3,442,442,0,0,0,16561,99.72223899522976,1.0,0.9972826086956522,0.998639455782313,16515,45,0
Macaca_silenus,Macaca_tonkeana,same-genus,5,0,1,552,552,0,0,0,16554,99.88526570048309,0.9996373965069196,0.9992146913132778,0.9994259992145252,16541,13,6
Macaca_silenus,Macaca_tonkeana,same-genus,5,0,2,552,552,0,0,0,16555,99.88526570048309,0.9996978121600387,0.999154334038055,0.9994259992145254,16541,14,5
Macaca_silenus,Macaca_tonkeana,same-genus,5,0,3,552,552,0,0,0,16555,99.88526570048309,0.9996978121600387,0.999154334038055,0.9994259992145254,16541,14,5
Macaca_silenus,Macaca_tonkeana,same-genus,5,1,1,552,552,0,0,0,16562,99.87320371935756,1.0,0.998852657004831,0.9994259992145254,16541,19,0
Macaca_silenus,Macaca_tonkeana,same-genus,5,1,2,552,552,0,0,0,16560,99.88526570048309,1.0,0.998852657004831,0.9994259992145254,16541,19,0
Macaca_silenus,Macaca_tonkeana,same-genus,5,1,3,552,552,0,0,0,16560,99.88526570048309,1.0,0.998852657004831,0.9994259992145254,16541,19,0
Macaca_silenus,Macaca_tonkeana,same-genus,1,1,1,111,111,0,8,0,16561,96.93932991246604,0.999750965010584,0.9699202705967626,0.984609724691888,16058,498,4
Macaca_silenus,Macaca_tonkeana,same-genus,1,1,2,111,111,0,8,0,16561,96.95140356172654,0.9997509960159362,0.9700410727228799,0.9846719803801348,16060,496,4
Macaca_silenus,Macaca_tonkeana,same-genus,1,1,3,111,111,0,8,0,16561,96.95744038635678,0.9997510115157174,0.9701014737859386,0.9847031053615769,16061,495,4
Macaca_silenus,Macaca_tonkeana,same-genus,1,1,4,111,111,0,8,0,16561,96.95744038635678,0.9997510115157174,0.9701014737859386,0.9847031053615769,16061,495,4
Macaca_silenus,Macaca_tonkeana,same-genus,5,2,1,552,552,0,0,0,16560,99.90942028985508,1.0,0.9990942028985508,0.9995468962392388,16545,15,0
Macaca_silenus,Macaca_tonkeana,same-genus,5,2,2,552,552,0,0,0,16560,99.90942028985508,1.0,0.9990942028985508,0.9995468962392388,16545,15,0
Macaca_silenus,Macaca_tonkeana,same-genus,6,0,1,663,663,0,0,0,16560,99.90338164251207,1.0,0.9990338164251208,0.999516674722088,16544,16,0
Macaca_silenus,Macaca_tonkeana,same-genus,6,0,2,663,663,0,0,0,16560,99.90338164251207,1.0,0.9990338164251208,0.999516674722088,16544,16,0
Macaca_silenus,Macaca_tonkeana,same-genus,6,1,1,663,663,0,0,0,16560,99.93961352657004,1.0,0.9993961352657005,0.9996979764421625,16550,10,0
Macaca_silenus,Macaca_tonkeana,same-genus,6,1,2,663,663,0,0,0,16560,99.93961352657004,1.0,0.9993961352657005,0.9996979764421625,16550,10,0
Macaca_tonkeana,Macaca_silenus,same-genus,1,2,1,111,111,0,11,0,16545,96.61047670835599,0.9996249062265566,0.9670396129422437,0.9830623097968092,15990,545,6
Macaca_tonkeana,Macaca_silenus,same-genus,1,2,2,111,111,0,11,0,16545,96.61047670835599,0.9996249062265566,0.9670396129422437,0.9830623097968092,15990,545,6
Macaca_tonkeana,Macaca_silenus,same-genus,1,0,1,111,111,0,9,0,16553,96.62296864616685,1.0,0.9669306571549483,0.9831873367143077,15994,547,0
Macaca_tonkeana,Macaca_silenus,same-genus,1,0,2,111,111,0,9,0,16553,96.62296864616685,1.0,0.9669306571549483,0.9831873367143077,15994,547,0
Macaca_tonkeana,Macaca_silenus,same-genus,1,1,1,111,111,0,8,0,16557,97.01086956521739,0.9998132935026139,0.9713992018381908,0.9854014598540146,16065,473,3
Macaca_tonkeana,Macaca_silenus,same-genus,1,1,2,111,111,0,8,0,16557,97.01086956521739,0.9998132935026139,0.9713992018381908,0.9854014598540146,16065,473,3
Macaca_silenus,Macaca_tonkeana,same-genus,7,2,1,773,773,0,0,0,16560,99.95169082125604,1.0,0.9995169082125603,0.9997583957477651,16552,8,0
Macaca_silenus,Macaca_tonkeana,same-genus,7,2,2,773,773,0,0,0,16560,99.95169082125604,1.0,0.9995169082125603,0.9997583957477651,16552,8,0
Macaca_silenus,Macaca_tonkeana,same-genus,7,0,1,773,773,0,0,0,16560,99.95169082125604,1.0,0.9995169082125603,0.9997583957477651,16552,8,0
Macaca_silenus,Macaca_tonkeana,same-genus,7,0,2,773,773,0,0,0,16560,99.95169082125604,1.0,0.9995169082125603,0.9997583957477651,16552,8,0
Macaca_tonkeana,Macaca_silenus,same-genus,2,0,1,221,221,0,2,0,16555,98.90083343398962,0.9998168386348373,0.9902043777965897,0.9949873925327337,16376,162,3
Macaca_tonkeana,Macaca_silenus,same-genus,2,0,2,221,221,0,2,0,16555,98.90083343398962,0.9998168386348373,0.9902043777965897,0.9949873925327337,16376,162,3
Macaca_silenus,Macaca_tonkeana,same-genus,7,1,1,773,773,0,0,0,16560,99.90942028985508,1.0,0.9990942028985508,0.9995468962392388,16545,15,0
Macaca_silenus,Macaca_tonkeana,same-genus,7,1,2,773,773,0,0,0,16560,99.90942028985508,1.0,0.9990942028985508,0.9995468962392388,16545,15,0
Macaca_silenus,Macaca_tonkeana,same-genus,8,0,1,884,884,0,0,0,16558,99.90338164251207,0.9998791248640154,0.9991544872569151,0.9995166747220879,16544,14,2
Macaca_silenus,Macaca_tonkeana,same-genus,8,0,2,884,884,0,0,0,16558,99.90338164251207,0.9998791248640154,0.9991544872569151,0.9995166747220879,16544,14,2
Macaca_tonkeana,Macaca_silenus,same-genus,2,1,1,221,221,0,0,0,16540,99.0387521915241,0.9999389611182323,0.990447400241838,0.9951705494639006,16382,158,1
Macaca_tonkeana,Macaca_silenus,same-genus,2,1,2,221,221,0,0,0,16540,99.0387521915241,0.9999389611182323,0.990447400241838,0.9951705494639006,16382,158,1
Macaca_silenus,Macaca_tonkeana,same-genus,8,1,1,884,884,0,0,0,16560,99.95169082125604,1.0,0.9995169082125603,0.9997583957477651,16552,8,0
Macaca_silenus,Macaca_tonkeana,same-genus,8,1,2,884,884,0,0,0,16560,99.95169082125604,1.0,0.9995169082125603,0.9997583957477651,16552,8,0
Macaca_silenus,Macaca_tonkeana,same-genus,8,2,1,884,884,0,0,0,16560,99.95169082125604,1.0,0.9995169082125603,0.9997583957477651,16552,8,0
Macaca_silenus,Macaca_tonkeana,same-genus,8,2,2,884,884,0,0,0,16560,99.95169082125604,1.0,0.9995169082125603,0.9997583957477651,16552,8,0
Macaca_silenus,Macaca_tonkeana,same-genus,6,2,1,663,663,0,0,0,16552,99.8731884057971,0.9995165286758929,0.9992145964233929,0.9993655397444031,16539,13,8
Macaca_silenus,Macaca_tonkeana,same-genus,6,2,2,663,663,0,0,0,16560,99.92149758454106,1.0,0.9992149758454106,0.9996073337964781,16547,13,0
Macaca_silenus,Macaca_tonkeana,same-genus,6,2,3,663,663,0,0,0,16560,99.92149758454106,1.0,0.9992149758454106,0.9996073337964781,16547,13,0
Macaca_tonkeana,Macaca_silenus,same-genus,3,1,1,331,331,0,0,0,16541,99.77631340305906,1.0,0.9977631340305907,0.9988803147223484,16504,37,0
Macaca_tonkeana,Macaca_silenus,same-genus,3,1,2,331,331,0,0,0,16541,99.77631340305906,1.0,0.9977631340305907,0.9988803147223484,16504,37,0
Macaca_tonkeana,Macaca_silenus,same-genus,3,0,1,331,331,0,0,0,16543,99.7158919180318,1.0,0.9972794873345021,0.9986378908496534,16496,45,0
Macaca_tonkeana,Macaca_silenus,same-genus,3,0,2,331,331,0,0,0,16543,99.7158919180318,1.0,0.9972794873345021,0.9986378908496534,16496,45,0
Macaca_tonkeana,Macaca_silenus,same-genus,2,2,1,221,221,0,0,0,16550,98.61631419939577,1.0,0.986699715857566,0.993305337471852,16321,220,0
Macaca_tonkeana,Macaca_silenus,same-genus,2,2,2,221,221,0,0,0,16544,98.66416827852998,1.0,0.9868206275315882,0.9933666017526777,16323,218,0
Macaca_tonkeana,Macaca_silenus,same-genus,2,2,3,221,221,0,0,0,16544,98.66416827852998,1.0,0.9868206275315882,0.9933666017526777,16323,218,0
Macaca_tonkeana,Macaca_silenus,same-genus,4,2,1,442,442,0,0,0,16549,99.66769379493687,0.9998787731846285,0.9974000846484068,0.9986378908496534,16496,43,2
Macaca_tonkeana,Macaca_silenus,same-genus,4,2,2,442,442,0,0,0,16549,99.66769379493687,0.9998787731846285,0.9974000846484068,0.9986378908496534,16496,43,2
Macaca_tonkeana,Macaca_silenus,same-genus,4,1,1,442,442,0,0,0,16541,99.84886040747234,1.0,0.9984886040747234,0.9992437305260611,16516,25,0
Macaca_tonkeana,Macaca_silenus,same-genus,4,1,2,442,442,0,0,0,16541,99.84886040747234,1.0,0.9984886040747234,0.9992437305260611,16516,25,0
Macaca_tonkeana,Macaca_silenus,same-genus,3,2,1,331,331,0,0,0,16538,99.60103971468294,0.9996966387574323,0.9964320270924044,0.9980616633351505,16477,59,5
Macaca_tonkeana,Macaca_silenus,same-genus,3,2,2,331,331,0,0,0,16536,99.61308264312919,0.9996966387574323,0.9964320270924044,0.9980616633351505,16477,59,5
Macaca_tonkeana,Macaca_silenus,same-genus,3,2,3,331,331,0,0,0,16536,99.61308264312919,0.9996966387574323,0.9964320270924044,0.9980616633351505,16477,59,5
Macaca_tonkeana,Macaca_silenus,same-genus,5,2,1,552,552,0,0,0,16543,99.80051985734147,1.0,0.998125869052657,0.9990620556110255,16510,31,0
Macaca_tonkeana,Macaca_silenus,same-genus,5,2,2,552,552,0,0,0,16543,99.80051985734147,1.0,0.998125869052657,0.9990620556110255,16510,31,0
Macaca_tonkeana,Macaca_silenus,same-genus,4,0,1,442,442,0,0,0,16544,99.78844294003868,1.0,0.998065413215646,0.9990317700453858,16509,32,0
Macaca_tonkeana,Macaca_silenus,same-genus,4,0,2,442,442,0,0,0,16542,99.80050779833152,1.0,0.998065413215646,0.9990317700453858,16509,32,0
Macaca_tonkeana,Macaca_silenus,same-genus,4,0,3,442,442,0,0,0,16542,99.80050779833152,1.0,0.998065413215646,0.9990317700453858,16509,32,0
Macaca_tonkeana,Macaca_silenus,same-genus,6,2,1,662,662,0,0,0,16541,99.93954416298894,1.0,0.9993954416298894,0.9996976294146105,16531,10,0
Macaca_tonkeana,Macaca_silenus,same-genus,6,2,2,662,662,0,0,0,16541,99.93954416298894,1.0,0.9993954416298894,0.9996976294146105,16531,10,0
Macaca_tonkeana,Macaca_silenus,same-genus,6,1,1,662,662,0,0,0,16547,99.88517556052457,1.0,0.9992140741188562,0.9996068825788503,16528,13,0
Macaca_tonkeana,Macaca_silenus,same-genus,6,1,2,662,662,0,0,0,16547,99.88517556052457,1.0,0.9992140741188562,0.9996068825788503,16528,13,0
Macaca_tonkeana,Macaca_silenus,same-genus,7,0,1,772,772,0,0,0,16539,99.93954416298894,0.9998790298191496,0.9995162948183083,0.9996976294146105,16531,8,2
Macaca_tonkeana,Macaca_silenus,same-genus,7,0,2,772,772,0,0,0,16539,99.93954416298894,0.9998790298191496,0.9995162948183083,0.9996976294146105,16531,8,2
Macaca_tonkeana,Macaca_silenus,same-genus,7,1,1,772,772,0,0,0,16541,99.95163533039116,1.0,0.9995163533039115,0.9997581181592792,16533,8,0
Macaca_tonkeana,Macaca_silenus,same-genus,7,1,2,772,772,0,0,0,16541,99.95163533039116,1.0,0.9995163533039115,0.9997581181592792,16533,8,0
Macaca_tonkeana,Macaca_silenus,same-genus,5,1,1,552,552,0,0,0,16541,99.81259823479628,0.9999394379844961,0.9982466747279323,0.9990923393440639,16511,29,1
Macaca_tonkeana,Macaca_silenus,same-genus,5,1,2,552,552,0,0,0,16541,99.83073388949342,0.9999394489857705,0.9984280532043531,0.9991831795492361,16514,26,1
Macaca_tonkeana,Macaca_silenus,same-genus,5,1,3,552,552,0,0,0,16541,99.83073388949342,0.9999394489857705,0.9984280532043531,0.9991831795492361,16514,26,1
Macaca_tonkeana,Macaca_silenus,same-genus,5,0,1,552,552,0,0,0,16543,99.84283382699631,1.0,0.9985490599117345,0.9992740032669853,16517,24,0
Macaca_tonkeana,Macaca_silenus,same-genus,5,0,2,552,552,0,0,0,16541,99.85490599117345,1.0,0.9985490599117345,0.9992740032669853,16517,24,0
Macaca_tonkeana,Macaca_silenus,same-genus,5,0,3,552,552,0,0,0,16541,99.85490599117345,1.0,0.9985490599117345,0.9992740032669853,16517,24,0
Macaca_tonkeana,Macaca_silenus,same-genus,6,0,1,662,662,0,0,0,16541,99.93349857928783,1.0,0.9993349857928783,0.9996673822986908,16530,11,0
Macaca_tonkeana,Macaca_silenus,same-genus,6,0,2,662,662,0,0,0,16541,99.93954416298894,1.0,0.9993954416298894,0.9996976294146105,16531,10,0
Macaca_tonkeana,Macaca_silenus,same-genus,6,0,3,662,662,0,0,0,16541,99.93954416298894,1.0,0.9993954416298894,0.9996976294146105,16531,10,0
Macaca_tonkeana,Macaca_silenus,same-genus,7,2,1,772,772,0,0,0,16541,99.95163533039116,1.0,0.9995163533039115,0.9997581181592792,16533,8,0
Macaca_tonkeana,Macaca_silenus,same-genus,7,2,2,772,772,0,0,0,16541,99.95163533039116,1.0,0.9995163533039115,0.9997581181592792,16533,8,0
Macaca_tonkeana,Macaca_silenus,same-genus,8,1,1,883,883,0,0,0,16541,99.9093162444834,1.0,0.999093162444834,0.9995463755405691,16526,15,0
Macaca_tonkeana,Macaca_silenus,same-genus,8,1,2,883,883,0,0,0,16541,99.9093162444834,1.0,0.999093162444834,0.9995463755405691,16526,15,0
Macaca_tonkeana,Macaca_silenus,same-genus,8,0,1,883,883,0,0,0,16543,99.93955147192166,1.0,0.9995163533039115,0.9997581181592792,16533,8,0
Macaca_tonkeana,Macaca_silenus,same-genus,8,0,2,883,883,0,0,0,16541,99.95163533039116,1.0,0.9995163533039115,0.9997581181592792,16533,8,0
Macaca_tonkeana,Macaca_silenus,same-genus,8,0,3,883,883,0,0,0,16541,99.95163533039116,1.0,0.9995163533039115,0.9997581181592792,16533,8,0
Macaca_tonkeana,Macaca_silenus,same-genus,8,2,1,883,883,0,0,0,16543,99.927461766306,1.0,0.9993954416298894,0.9996976294146105,16531,10,0
Macaca_tonkeana,Macaca_silenus,same-genus,8,2,2,883,883,0,0,0,16541,99.93954416298894,1.0,0.9993954416298894,0.9996976294146105,16531,10,0
Macaca_tonkeana,Macaca_silenus,same-genus,8,2,3,883,883,0,0,0,16541,99.93954416298894,1.0,0.9993954416298894,0.9996976294146105,16531,10,0
