reference,target,divergence,identity_pct,recall,precision,f1,c_theta,w_theta,u_t
Homo_sapiens,Homo_sapiens,self,100.0,1.0,1.0,1.0,16569,0,0
Homo_sapiens,Gorilla_gorilla,same-family,83.36460654391931,0.967011290980819,0.8953334592858493,0.9297930087309114,14217,1662,485
Homo_sapiens,Saimiri_boliviensis,same-order,70.88997327756478,0.9497976338729763,0.7710729179830659,0.8511543558624538,12203,3623,645
Homo_sapiens,Saimiri_sciureus,same-order,70.9093020555104,0.9492421298095608,0.7718854686808672,0.851425782611727,12212,3609,653
Homo_sapiens,Aotus_azarai,same-order,70.82441423199306,0.944744559345578,0.7729023296925311,0.8502274542487065,12242,3597,716
Homo_sapiens,Varecia_variegata,same-order,67.50802862133078,0.9103479714329129,0.7590750712701932,0.8278578090993886,11982,3803,1180
Gorilla_gorilla,Homo_sapiens,same-family,83.36460654391931,0.9537130207285168,0.8953334592858493,0.9236016371077763,14217,1662,690
Gorilla_gorilla,Gorilla_gorilla,self,100.0,1.0,1.0,1.0,16364,0,0
Gorilla_gorilla,Saimiri_boliviensis,same-order,74.11870503597122,0.9750768988090543,0.7652739090064995,0.8575293056807934,12363,3792,316
Gorilla_gorilla,Saimiri_sciureus,same-order,74.08317353787153,0.9744620477654292,0.7655108359133127,0.8574400943232652,12363,3787,324
Gorilla_gorilla,Aotus_azarai,same-order,74.4955223880597,0.9699937810945274,0.7717236687488404,0.859573588674956,12478,3691,386
Gorilla_gorilla,Varecia_variegata,same-order,70.74218069982011,0.9334609494640123,0.7573931411530815,0.8362601179860063,12191,3905,869
Saimiri_boliviensis,Homo_sapiens,same-order,70.88997327756478,0.9426077552912097,0.7710729179830659,0.8482552481579313,12203,3623,743
Saimiri_boliviensis,Gorilla_gorilla,same-order,74.11870503597122,0.9833757556474706,0.7652739090064995,0.8607233612977339,12363,3792,209
Saimiri_boliviensis,Saimiri_boliviensis,self,100.0,1.0,1.0,1.0,16471,0,0
Saimiri_boliviensis,Saimiri_sciureus,same-genus,99.87253414264036,0.9997569571029287,0.9990285367334548,0.9993926141885325,16454,16,4
Saimiri_boliviensis,Aotus_azarai,same-order,82.32250300842358,0.9892270985467428,0.8339631842009021,0.9049839600489468,13682,2724,149
Saimiri_boliviensis,Varecia_variegata,same-order,70.88842495940617,0.9405247364776487,0.7549407114624506,0.8375757991024015,12224,3968,773
Saimiri_sciureus,Homo_sapiens,same-order,70.9093020555104,0.942283950617284,0.7718854686808672,0.8486154059970118,12212,3609,748
Saimiri_sciureus,Gorilla_gorilla,same-order,74.08317353787153,0.982984813548541,0.7655108359133127,0.8607233612977337,12363,3787,214
Saimiri_sciureus,Saimiri_boliviensis,same-genus,99.87253414264036,0.9999392281981161,0.9990285367334548,0.9994836750189826,16454,16,1
Saimiri_sciureus,Saimiri_sciureus,self,100.0,1.0,1.0,1.0,16474,0,0
Saimiri_sciureus,Aotus_azarai,same-order,82.31755008723904,0.9893701641478053,0.8338615309605071,0.9049839600489465,13682,2726,147
Saimiri_sciureus,Varecia_variegata,same-order,70.68905616676318,0.9387880652107043,0.7550250479312264,0.8369382648339218,12208,3961,796
Aotus_azarai,Homo_sapiens,same-order,70.82441423199306,0.9437249460376195,0.7729023296925311,0.8498143070355073,12242,3597,730
Aotus_azarai,Gorilla_gorilla,same-order,74.4955223880597,0.984612956679555,0.7717236687488404,0.8652659316274877,12478,3691,195
Aotus_azarai,Saimiri_boliviensis,same-order,82.32250300842358,0.9952716956426857,0.8339631842009021,0.90750505753988,13682,2724,65
Aotus_azarai,Saimiri_sciureus,same-order,82.31755008723904,0.9951993017166133,0.8338615309605071,0.9074147764955565,13682,2726,66
Aotus_azarai,Aotus_azarai,self,100.0,1.0,1.0,1.0,16555,0,0
Aotus_azarai,Varecia_variegata,same-order,71.79590893331792,0.9430024286581664,0.7663130627852474,0.8455256890098674,12425,3789,751
Varecia_variegata,Homo_sapiens,same-order,67.50802862133078,0.9385868713770954,0.7590750712701932,0.8393401281916569,11982,3803,784
Varecia_variegata,Gorilla_gorilla,same-order,70.74218069982011,0.9784894453808491,0.7573931411530815,0.8538609700577833,12191,3905,268
Varecia_variegata,Saimiri_boliviensis,same-order,70.88842495940617,0.9776853555146765,0.7549407114624506,0.8519951211012371,12224,3968,279
Varecia_variegata,Saimiri_sciureus,same-order,70.68905616676318,0.9756253496363781,0.7550250479312264,0.8512656021197964,12208,3961,305
Varecia_variegata,Aotus_azarai,same-order,71.79590893331792,0.9732884223719255,0.7663130627852474,0.857487922705314,12425,3789,341
Varecia_variegata,Varecia_variegata,self,100.0,1.0,1.0,1.0,16965,0,0
