reference,target,divergence,depth,replicate,n_reads,theta_len,n_ambiguous,runtime_s,error,identity_pct,recall,precision,f1,c_theta,w_theta,u_t
Macaca_silenus,Macaca_tonkeana,same-genus,1,2,111,16555,5047,19.533552169799805,,69.23771132904157,0.9942975635044065,0.6977082575481993,0.8200085506626763,11508,4986,66
Macaca_silenus,Macaca_tonkeana,same-genus,1,0,111,16556,6204,20.566112995147705,,61.72927847346452,0.9797463562369866,0.6333047840450263,0.7693222354340072,10352,5994,214
Macaca_silenus,Macaca_tonkeana,same-genus,1,1,111,16561,6071,21.391286611557007,,61.00255873458944,0.9429213483146067,0.658712715855573,0.7756007393715343,10490,5435,635
Macaca_silenus,Macaca_tonkeana,same-genus,2,2,221,16561,2243,42.486145973205566,,86.34664093595465,0.9985354627240394,0.8657113489328254,0.927391670444977,14318,2221,21
Macaca_silenus,Macaca_tonkeana,same-genus,2,0,221,16556,1752,43.440852642059326,,88.98773743688386,0.9946251007793604,0.8983009708737864,0.9440122433363092,14804,1676,80
Macaca_silenus,Macaca_tonkeana,same-genus,2,1,221,16557,2123,43.61694383621216,,86.96752425137073,0.9972364239325687,0.8737288135593221,0.9314060785958573,14434,2086,40
Macaca_silenus,Macaca_tonkeana,same-genus,3,2,332,16560,486,60.84158444404602,,96.61597643805975,0.9952324933440654,0.9751865558454165,0.9851075565361279,16074,409,77
Macaca_silenus,Macaca_tonkeana,same-genus,3,0,332,16561,1064,61.59155631065369,,93.28236922891712,0.9966557334876841,0.9387569663193603,0.9668403156876813,15497,1011,52
Macaca_silenus,Macaca_tonkeana,same-genus,3,1,332,16555,850,63.038368701934814,,94.54578291493588,0.9964469259564749,0.9515874939408628,0.9735006973500697,15705,799,56
Macaca_silenus,Macaca_tonkeana,same-genus,4,2,442,16558,273,76.97368240356445,,98.04334738109573,0.9968170410724123,0.9864913981100073,0.9916273405388949,16285,223,52
Macaca_silenus,Macaca_tonkeana,same-genus,4,0,442,16561,483,78.75938177108765,,96.61098425669992,0.9949873135713844,0.9756659991504338,0.9852319382315092,16078,401,81
Macaca_silenus,Macaca_tonkeana,same-genus,4,1,442,16563,157,79.28325653076172,,98.5641333733854,0.995026686074721,0.9956305376866125,0.9953285202936358,16406,72,82
Macaca_silenus,Macaca_tonkeana,same-genus,5,2,552,16551,161,94.78469824790955,,98.40297790585976,0.9936344346771749,0.9960498328775448,0.9948406676783004,16390,65,105
Macaca_silenus,Macaca_tonkeana,same-genus,5,0,552,16546,76,97.5178337097168,,99.35444947209653,0.9982421046250833,0.9961889782832255,0.9972144846796658,16468,63,29
Macaca_silenus,Macaca_tonkeana,same-genus,5,1,552,16553,192,97.51750111579895,,98.3233173076923,0.9947106031128404,0.993200995568506,0.9939552261474439,16361,112,87
Macaca_silenus,Macaca_tonkeana,same-genus,6,1,663,16560,26,106.04680013656616,,99.7887621461766,0.9994559632472949,0.9989728717298049,0.999214359098326,16534,17,9
Macaca_silenus,Macaca_tonkeana,same-genus,6,2,663,16560,62,105.62865877151489,,99.43346190935391,0.9980641258318209,0.9981848983543078,0.9981245084397119,16498,30,32
Macaca_silenus,Macaca_tonkeana,same-genus,6,0,663,16554,68,107.59735751152039,,99.36113789778206,0.9977003146937787,0.9978210870354679,0.9977606972099498,16486,36,38
Macaca_silenus,Macaca_tonkeana,same-genus,7,2,773,16560,49,118.59521007537842,,99.40995845625865,0.9970410628019324,1.0,0.9985183393305312,16511,0,49
Macaca_silenus,Macaca_tonkeana,same-genus,7,1,773,16560,74,120.74279356002808,,99.11025610195985,0.9955314009661835,1.0,0.9977606972099498,16486,0,74
Macaca_silenus,Macaca_tonkeana,same-genus,7,0,773,16571,28,124.99083399772644,,99.72871955630576,0.9989734299516908,1.0,0.999486451379029,16543,0,17
Macaca_tonkeana,Macaca_silenus,same-genus,1,0,111,16551,6084,20.563719987869263,,62.061806750103806,0.9714046977996472,0.644551222817717,0.7749222337431492,10463,5770,308
Macaca_tonkeana,Macaca_silenus,same-genus,1,2,111,16546,6128,18.89990258216858,,60.94179584673881,0.9499407312847634,0.6514507253626813,0.7728773322452613,10418,5574,549
Macaca_tonkeana,Macaca_silenus,same-genus,1,1,111,16557,5545,19.75403094291687,,65.64921902945034,0.9806750378484281,0.6745895613820142,0.7993321961310927,11012,5312,217
Macaca_silenus,Macaca_tonkeana,same-genus,8,2,884,16560,22,143.16289377212524,,99.74668275030157,0.9987921246527358,0.9998790810157194,0.9993353072693214,16538,2,20
Macaca_silenus,Macaca_tonkeana,same-genus,8,0,884,16558,65,148.69892406463623,,99.34943678091682,0.9973996129656507,0.9985469516255979,0.9979729525307839,16493,24,43
Macaca_silenus,Macaca_tonkeana,same-genus,8,1,884,16560,20,150.12872219085693,,99.75874547647769,0.998792270531401,1.0,0.9993957703927493,16540,0,20
Macaca_tonkeana,Macaca_silenus,same-genus,2,1,221,16540,1922,40.227784395217896,,87.42822966507177,0.9878361940802811,0.8934661695495385,0.9382842838345261,14618,1743,180
Macaca_tonkeana,Macaca_silenus,same-genus,2,2,221,16542,2466,40.14973568916321,,84.58626284478096,0.993015873015873,0.8561002311154361,0.9194891726818435,14076,2366,99
Macaca_tonkeana,Macaca_silenus,same-genus,2,0,221,16563,2084,42.68448543548584,,86.89833153282919,0.9932089449855948,0.8806106313100596,0.9335267569310122,14479,1963,99
Macaca_tonkeana,Macaca_silenus,same-genus,3,2,331,16536,621,52.65708255767822,,95.89082364282702,0.9961817726589884,0.9657160194174758,0.9807123490263742,15915,565,61
Macaca_tonkeana,Macaca_silenus,same-genus,3,0,331,16545,580,61.142688512802124,,95.70769138540855,0.9915533196695857,0.9731789088692472,0.9822801944256444,15965,440,136
Macaca_tonkeana,Macaca_silenus,same-genus,3,1,331,16541,334,61.99987077713013,,97.67960462873674,0.9968630827900111,0.982838083687083,0.9898009038719922,16207,283,51
Macaca_tonkeana,Macaca_silenus,same-genus,4,2,442,16548,289,69.34038233757019,,98.08759652509653,0.998280837477743,0.98461817961606,0.9914024390243903,16259,254,28
Macaca_tonkeana,Macaca_silenus,same-genus,4,1,442,16546,218,71.98443961143494,,98.43260188087774,0.9974343310934637,0.9896357354991212,0.9935197298366242,16328,171,42
Macaca_tonkeana,Macaca_silenus,same-genus,4,0,442,16544,202,73.46815824508667,,98.76088007736944,1.0,0.9877879209237652,0.9938564476885645,16339,202,0
Macaca_tonkeana,Macaca_silenus,same-genus,5,1,552,16541,161,86.84289598464966,,98.66875489428348,0.9963503649635036,0.9938717310842788,0.9951095045715501,16380,101,60
Macaca_tonkeana,Macaca_silenus,same-genus,5,2,552,16541,235,89.29935765266418,,97.58812615955473,0.9898021124195703,0.9959078971477432,0.9928456175602034,16306,67,168
Macaca_tonkeana,Macaca_silenus,same-genus,5,0,552,16541,177,99.47169017791748,,98.74487086652185,0.9981091796279353,0.9911568746214415,0.9946208782859748,16364,146,31
Macaca_tonkeana,Macaca_silenus,same-genus,6,2,662,16541,163,103.30468702316284,,98.06011256136989,0.9902654332184534,0.9998778998778999,0.9950484522616119,16378,2,161
Macaca_tonkeana,Macaca_silenus,same-genus,6,1,662,16547,123,110.91063451766968,,99.08898944193062,0.9982980792608801,0.9946103070308242,0.9964507811315031,16424,89,28
Macaca_tonkeana,Macaca_silenus,same-genus,6,0,662,16539,45,113.62680745124817,,99.59543505826943,0.9986679583434246,0.9984865911980144,0.9985772665354926,16494,25,22
Macaca_tonkeana,Macaca_silenus,same-genus,7,0,772,16539,39,122.22142767906189,,99.51749095295537,0.9975213106825463,1.0,0.9987591174601254,16500,0,41
Macaca_tonkeana,Macaca_silenus,same-genus,7,2,772,16541,66,123.13020062446594,,99.26492739651744,0.9966124251406449,0.9993933879284198,0.9980009692270414,16475,10,56
Macaca_tonkeana,Macaca_silenus,same-genus,7,1,772,16545,30,131.73154664039612,,99.6620602256955,0.9984281482377123,1.0,0.9992134559535333,16515,0,26
Macaca_tonkeana,Macaca_silenus,same-genus,8,2,883,16541,74,110.98625421524048,,99.10923863978333,0.9955262680611813,1.0,0.9977581192438197,16467,0,74
Macaca_tonkeana,Macaca_silenus,same-genus,8,0,883,16549,16,118.98521590232849,,99.90331742099221,1.0,0.9995163533039115,0.9997581181592792,16533,8,0
Macaca_tonkeana,Macaca_silenus,same-genus,8,1,883,16541,93,114.89636969566345,,98.9174885734905,0.9947384336256426,0.9996353470280783,0.9971808784746431,16448,6,87
