baseline,reference,target,divergence,length_condition,replicate,depth,n_reads,mean_read_len,identity_pct,recall,precision,f1,c_theta,w_theta,u_t
ieee_access,Saimiri_boliviensis,Saimiri_sciureus,same-genus,50,1,4.0,1318,50.0,100.0,1.0,1.0,1.0,16474,0,0
ieee_access,Saimiri_boliviensis,Saimiri_sciureus,same-genus,50,0,4.0,1318,50.0,99.99392982882117,0.9999392982882117,1.0,0.9999696482229034,16473,0,1
ieee_access,Saimiri_boliviensis,Saimiri_sciureus,same-genus,50,2,4.0,1318,50.0,100.0,1.0,1.0,1.0,16474,0,0
ieee_access,Saimiri_boliviensis,Saimiri_sciureus,same-genus,75,0,4.0,879,75.0,100.0,1.0,1.0,1.0,16474,0,0
ieee_access,Saimiri_boliviensis,Saimiri_sciureus,same-genus,75,1,4.0,879,75.0,100.0,1.0,1.0,1.0,16474,0,0
ieee_access,Saimiri_boliviensis,Saimiri_sciureus,same-genus,75,2,4.0,879,75.0,100.0,1.0,1.0,1.0,16474,0,0
ieee_access,Saimiri_boliviensis,Saimiri_sciureus,same-genus,100,0,4.0,659,100.0,100.0,1.0,1.0,1.0,16474,0,0
ieee_access,Saimiri_boliviensis,Saimiri_sciureus,same-genus,100,1,4.0,659,100.0,99.99392982882117,1.0,0.9999392982882117,0.9999696482229034,16473,1,0
ieee_access,Saimiri_boliviensis,Saimiri_sciureus,same-genus,100,2,4.0,659,100.0,100.0,1.0,1.0,1.0,16474,0,0
ieee_access,Saimiri_boliviensis,Saimiri_sciureus,same-genus,150,0,4.0,440,150.0,100.0,1.0,1.0,1.0,16474,0,0
ieee_access,Saimiri_boliviensis,Saimiri_sciureus,same-genus,150,1,4.0,440,150.0,100.0,1.0,1.0,1.0,16474,0,0
ieee_access,Saimiri_boliviensis,Saimiri_sciureus,same-genus,150,2,4.0,440,150.0,99.99392982882117,1.0,0.9999392982882117,0.9999696482229034,16473,1,0
ieee_access,Saimiri_boliviensis,Saimiri_sciureus,same-genus,250,0,4.0,264,250.0,100.0,1.0,1.0,1.0,16474,0,0
ieee_access,Saimiri_boliviensis,Saimiri_sciureus,same-genus,250,1,4.0,264,250.0,99.98179059180576,0.9999392946032902,0.9999392946032902,0.9999392946032902,16472,1,1
ieee_access,Saimiri_boliviensis,Saimiri_sciureus,same-genus,250,2,4.0,264,250.0,100.0,1.0,1.0,1.0,16474,0,0
ieee_access,Saimiri_boliviensis,Saimiri_sciureus,same-genus,300,0,4.0,220,300.0,99.98786039453718,0.9999392982882117,1.0,0.9999696482229034,16473,0,1
ieee_access,Saimiri_boliviensis,Saimiri_sciureus,same-genus,300,1,4.0,220,300.0,99.99392982882117,1.0,0.9999392982882117,0.9999696482229034,16473,1,0
ieee_access,Saimiri_boliviensis,Saimiri_sciureus,same-genus,300,2,4.0,220,300.0,99.98786039453718,1.0,0.9999392982882117,0.9999696482229034,16473,1,0
ieee_access,Saimiri_boliviensis,Saimiri_sciureus,same-genus,variable,0,4.0,503,131.0755467196819,100.0,1.0,1.0,1.0,16474,0,0
ieee_access,Saimiri_boliviensis,Saimiri_sciureus,same-genus,variable,1,4.0,500,131.912,99.98786039453718,0.9999392982882117,1.0,0.9999696482229034,16473,0,1
ieee_access,Saimiri_boliviensis,Saimiri_sciureus,same-genus,variable,2,4.0,505,130.56435643564356,99.99392982882117,0.9999392982882117,1.0,0.9999696482229034,16473,0,1
ieee_access,Homo_sapiens,Gorilla_gorilla,same-family,50,1,4.0,1310,50.0,92.88481859809792,0.9706152996748666,0.9960339943342776,0.9831603802895669,15822,63,479
ieee_access,Homo_sapiens,Gorilla_gorilla,same-family,50,0,4.0,1310,50.0,92.97833617096225,0.9705828277256848,0.9970410475950642,0.9836340486320301,15837,47,480
ieee_access,Homo_sapiens,Gorilla_gorilla,same-family,75,0,4.0,873,75.0,92.85504608700758,0.9705449189985272,0.9957189624779652,0.9829707893101305,15816,68,480
ieee_access,Homo_sapiens,Gorilla_gorilla,same-family,50,2,4.0,1310,50.0,92.80850064576728,0.9705918467583498,0.9952156122127793,0.9827495104590807,15809,76,479
ieee_access,Homo_sapiens,Gorilla_gorilla,same-family,75,1,4.0,873,75.0,92.87936601115351,0.9704367026496565,0.9962221382697394,0.9831603802895669,15822,60,482
ieee_access,Homo_sapiens,Gorilla_gorilla,same-family,75,2,4.0,873,75.0,92.87265895614395,0.9704312618857739,0.9960332451832263,0.9830655936363918,15819,63,482
ieee_access,Homo_sapiens,Gorilla_gorilla,same-family,100,0,4.0,655,100.0,93.21415970833823,0.9706692792847957,0.9979225684608121,0.9841072758877575,15852,33,479
ieee_access,Homo_sapiens,Gorilla_gorilla,same-family,100,1,4.0,655,100.0,92.72545796148427,0.970562930186824,0.9942083726786276,0.9822433684734272,15793,92,479
ieee_access,Homo_sapiens,Gorilla_gorilla,same-family,100,2,4.0,655,100.0,92.75234741784037,0.9705846229427659,0.9949638023292414,0.9826230221641953,15805,80,479
ieee_access,Homo_sapiens,Gorilla_gorilla,same-family,150,0,4.0,437,150.0,93.06477185976863,0.9706620934648129,0.9976707585772742,0.9839811250465665,15848,37,479
ieee_access,Homo_sapiens,Gorilla_gorilla,same-family,150,1,4.0,437,150.0,92.97205260685767,0.9705792215752375,0.9969151347267691,0.9835709183515017,15835,49,480
ieee_access,Homo_sapiens,Gorilla_gorilla,same-family,150,2,4.0,437,150.0,93.08907286712466,0.9706728708749158,0.9980484734025811,0.9841703395617357,15854,31,479
ieee_access,Homo_sapiens,Gorilla_gorilla,same-family,250,0,4.0,262,250.0,93.18035095956336,0.9707141110295916,0.9994963802329242,0.9848950094600044,15877,8,479
ieee_access,Homo_sapiens,Gorilla_gorilla,same-family,250,1,4.0,262,250.0,93.08761186999529,0.9705340699815838,0.9953412238730799,0.982781127618574,15810,74,480
ieee_access,Homo_sapiens,Gorilla_gorilla,same-family,250,2,4.0,262,250.0,92.835347963854,0.9705539537451691,0.9960337446487031,0.9831287867018798,15821,63,480
ieee_access,Homo_sapiens,Gorilla_gorilla,same-family,300,0,4.0,219,300.0,93.58588540744674,0.9706836403696677,0.998426188227888,0.9843594836146972,15860,25,479
ieee_access,Homo_sapiens,Gorilla_gorilla,same-family,300,1,4.0,219,300.0,92.9359305327388,0.970469305232202,0.9973554967888175,0.9837287293503912,15840,42,482
ieee_access,Homo_sapiens,Gorilla_gorilla,same-family,300,2,4.0,219,300.0,94.1037037037037,0.9707194816309065,0.9996852376455776,0.9849894554025556,15880,5,479
ieee_access,Homo_sapiens,Gorilla_gorilla,same-family,variable,0,4.0,496,132.01209677419354,92.97452752670502,0.9706495098039216,0.9972300912810828,0.983760285669927,15841,44,479
ieee_access,Homo_sapiens,Gorilla_gorilla,same-family,variable,1,4.0,502,130.58764940239044,93.185159052155,0.9706620934648129,0.9976707585772742,0.9839811250465665,15848,37,479
ieee_access,Homo_sapiens,Gorilla_gorilla,same-family,variable,2,4.0,496,132.21370967741936,93.53468617272299,0.970617042115573,0.998237219843868,0.9842333954065797,15856,28,480
ieee_access,Homo_sapiens,Varecia_variegata,same-order,50,0,4.0,1358,50.0,77.92068595927117,0.9238228999464955,0.8728042461771768,0.8975891870816817,13813,2013,1139
ieee_access,Homo_sapiens,Varecia_variegata,same-order,50,1,4.0,1358,50.0,78.63551718300322,0.925852102850309,0.8792352829831536,0.9019417475728156,13935,1914,1116
ieee_access,Homo_sapiens,Varecia_variegata,same-order,75,0,4.0,905,75.0,78.51053017898481,0.9258889332800639,0.8771763815291446,0.9008746355685131,13905,1947,1113
ieee_access,Homo_sapiens,Varecia_variegata,same-order,50,2,4.0,1358,50.0,79.19936762464006,0.9263637564390437,0.8849842271293376,0.9052013422818792,14027,1823,1115
ieee_access,Homo_sapiens,Varecia_variegata,same-order,75,1,4.0,905,75.0,79.01422764227642,0.9268211920529801,0.8824085750315258,0.9040697674418604,13995,1865,1105
ieee_access,Homo_sapiens,Varecia_variegata,same-order,75,2,4.0,905,75.0,78.51291033391718,0.9264617641176078,0.8760559828520994,0.9005540974044911,13896,1966,1103
ieee_access,Homo_sapiens,Varecia_variegata,same-order,100,0,4.0,679,100.0,78.97056330866151,0.9271026797559034,0.8809403756460356,0.9034322280395579,13977,1889,1099
ieee_access,Homo_sapiens,Varecia_variegata,same-order,100,1,4.0,679,100.0,79.04638156036383,0.9267452642734137,0.8822750488681506,0.9039635623606939,13992,1867,1106
ieee_access,Homo_sapiens,Varecia_variegata,same-order,150,0,4.0,453,150.0,79.07673183410554,0.928111943762849,0.8812417354070903,0.9040697674418605,13995,1886,1084
ieee_access,Homo_sapiens,Varecia_variegata,same-order,100,2,4.0,679,100.0,78.53069060929471,0.9262071262071262,0.8770259191524248,0.9009458408914227,13907,1950,1108
ieee_access,Homo_sapiens,Varecia_variegata,same-order,150,1,4.0,453,150.0,79.9570305874371,0.9291110965113987,0.8902178018380964,0.90924872215257,14142,1744,1079
ieee_access,Homo_sapiens,Varecia_variegata,same-order,150,2,4.0,453,150.0,78.7777714964102,0.9272073990285448,0.8780165080965283,0.9019417475728155,13935,1936,1094
ieee_access,Homo_sapiens,Varecia_variegata,same-order,250,0,4.0,272,250.0,78.73387644263408,0.9284808859830542,0.8756685333165545,0.9013017291626191,13917,1976,1072
ieee_access,Homo_sapiens,Varecia_variegata,same-order,250,1,4.0,272,250.0,79.04083248501301,0.928514483125166,0.8796022405437725,0.9033967874341489,13976,1913,1076
ieee_access,Homo_sapiens,Varecia_variegata,same-order,250,2,4.0,272,250.0,79.33627317955676,0.9286612401561776,0.8833008119846415,0.9054132524679012,14033,1854,1078
ieee_access,Homo_sapiens,Varecia_variegata,same-order,300,0,4.0,227,300.0,73.92533936651584,0.9238054848741871,0.8226852143261786,0.8703179623772266,13070,2817,1078
ieee_access,Homo_sapiens,Varecia_variegata,same-order,300,1,4.0,227,300.0,79.58363975787746,0.9295625743359324,0.884835524246808,0.906647762059743,14068,1831,1066
ieee_access,Homo_sapiens,Varecia_variegata,same-order,300,2,4.0,227,300.0,78.40606781004132,0.9282937943975338,0.8714690154136521,0.8989843268325923,13852,2043,1070
ieee_access,Homo_sapiens,Varecia_variegata,same-order,variable,0,4.0,523,130.02868068833652,80.5992085924251,0.9297685034235409,0.8974068479355488,0.9133010921436121,14258,1630,1077
ieee_access,Homo_sapiens,Varecia_variegata,same-order,variable,1,4.0,514,132.07198443579767,79.41991293040086,0.9283589980834049,0.884516088407531,0.9059073906874758,14047,1834,1084
ojemb,Saimiri_boliviensis,Saimiri_sciureus,same-genus,50,0,4.0,1318,50.0,99.99392982882117,0.9999392982882117,1.0,0.9999696482229034,16473,0,1
ieee_access,Homo_sapiens,Varecia_variegata,same-order,variable,2,4.0,509,133.53241650294694,80.42175486205338,0.9294955567171981,0.8954425280120861,0.912151330554665,14225,1661,1079
ojemb,Saimiri_boliviensis,Saimiri_sciureus,same-genus,50,1,4.0,1318,50.0,100.0,1.0,1.0,1.0,16474,0,0
ojemb,Saimiri_boliviensis,Saimiri_sciureus,same-genus,50,2,4.0,1318,50.0,100.0,1.0,1.0,1.0,16474,0,0
ojemb,Saimiri_boliviensis,Saimiri_sciureus,same-genus,75,0,4.0,879,75.0,100.0,1.0,1.0,1.0,16474,0,0
ojemb,Saimiri_boliviensis,Saimiri_sciureus,same-genus,75,1,4.0,879,75.0,100.0,1.0,1.0,1.0,16474,0,0
ojemb,Saimiri_boliviensis,Saimiri_sciureus,same-genus,75,2,4.0,879,75.0,100.0,1.0,1.0,1.0,16474,0,0
ojemb,Saimiri_boliviensis,Saimiri_sciureus,same-genus,100,0,4.0,659,100.0,100.0,1.0,1.0,1.0,16474,0,0
ojemb,Saimiri_boliviensis,Saimiri_sciureus,same-genus,100,1,4.0,659,100.0,99.99392982882117,1.0,0.9999392982882117,0.9999696482229034,16473,1,0
ojemb,Saimiri_boliviensis,Saimiri_sciureus,same-genus,100,2,4.0,659,100.0,100.0,1.0,1.0,1.0,16474,0,0
ojemb,Saimiri_boliviensis,Saimiri_sciureus,same-genus,150,0,4.0,440,150.0,100.0,1.0,1.0,1.0,16474,0,0
ojemb,Saimiri_boliviensis,Saimiri_sciureus,same-genus,150,1,4.0,440,150.0,100.0,1.0,1.0,1.0,16474,0,0
ojemb,Saimiri_boliviensis,Saimiri_sciureus,same-genus,150,2,4.0,440,150.0,99.99392982882117,1.0,0.9999392982882117,0.9999696482229034,16473,1,0
ojemb,Saimiri_boliviensis,Saimiri_sciureus,same-genus,250,0,4.0,264,250.0,100.0,1.0,1.0,1.0,16474,0,0
ojemb,Saimiri_boliviensis,Saimiri_sciureus,same-genus,250,1,4.0,264,250.0,99.98179059180576,0.9999392946032902,0.9999392946032902,0.9999392946032902,16472,1,1
ojemb,Saimiri_boliviensis,Saimiri_sciureus,same-genus,250,2,4.0,264,250.0,100.0,1.0,1.0,1.0,16474,0,0
ojemb,Saimiri_boliviensis,Saimiri_sciureus,same-genus,300,0,4.0,220,300.0,99.98786039453718,0.9999392982882117,1.0,0.9999696482229034,16473,0,1
ojemb,Saimiri_boliviensis,Saimiri_sciureus,same-genus,300,1,4.0,220,300.0,99.99392982882117,1.0,0.9999392982882117,0.9999696482229034,16473,1,0
ojemb,Saimiri_boliviensis,Saimiri_sciureus,same-genus,300,2,4.0,220,300.0,99.98786039453718,1.0,0.9999392982882117,0.9999696482229034,16473,1,0
ojemb,Saimiri_boliviensis,Saimiri_sciureus,same-genus,variable,0,4.0,503,131.0755467196819,100.0,1.0,1.0,1.0,16474,0,0
ojemb,Saimiri_boliviensis,Saimiri_sciureus,same-genus,variable,1,4.0,500,131.912,99.98786039453718,0.9999392982882117,1.0,0.9999696482229034,16473,0,1
ojemb,Saimiri_boliviensis,Saimiri_sciureus,same-genus,variable,2,4.0,505,130.56435643564356,99.99392982882117,0.9999392982882117,1.0,0.9999696482229034,16473,0,1
ojemb,Homo_sapiens,Gorilla_gorilla,same-family,50,0,4.0,1310,50.0,92.97833617096225,0.9705828277256848,0.9970410475950642,0.9836340486320301,15837,47,480
ojemb,Homo_sapiens,Gorilla_gorilla,same-family,50,1,4.0,1310,50.0,92.88481859809792,0.9706152996748666,0.9960339943342776,0.9831603802895669,15822,63,479
ojemb,Homo_sapiens,Gorilla_gorilla,same-family,75,0,4.0,873,75.0,92.85504608700758,0.9705449189985272,0.9957189624779652,0.9829707893101305,15816,68,480
ojemb,Homo_sapiens,Gorilla_gorilla,same-family,50,2,4.0,1310,50.0,92.80850064576728,0.9705918467583498,0.9952156122127793,0.9827495104590807,15809,76,479
ojemb,Homo_sapiens,Gorilla_gorilla,same-family,75,1,4.0,873,75.0,92.87936601115351,0.9704367026496565,0.9962221382697394,0.9831603802895669,15822,60,482
ojemb,Homo_sapiens,Gorilla_gorilla,same-family,75,2,4.0,873,75.0,92.921757518797,0.9704312618857739,0.9960332451832263,0.9830655936363918,15819,63,482
ojemb,Homo_sapiens,Gorilla_gorilla,same-family,100,0,4.0,655,100.0,93.21415970833823,0.9706692792847957,0.9979225684608121,0.9841072758877575,15852,33,479
ojemb,Homo_sapiens,Gorilla_gorilla,same-family,100,1,4.0,655,100.0,92.9,0.970562930186824,0.9942083726786276,0.9822433684734272,15793,92,479
ojemb,Homo_sapiens,Gorilla_gorilla,same-family,100,2,4.0,655,100.0,92.75821596244131,0.9705864292293521,0.9950267548001259,0.9826546471868199,15806,79,479
ojemb,Homo_sapiens,Gorilla_gorilla,same-family,150,0,4.0,437,150.0,93.06477185976863,0.9706620934648129,0.9976707585772742,0.9839811250465665,15848,37,479
ojemb,Homo_sapiens,Gorilla_gorilla,same-family,150,1,4.0,437,150.0,92.97205260685767,0.9705792215752375,0.9969151347267691,0.9835709183515017,15835,49,480
ojemb,Homo_sapiens,Gorilla_gorilla,same-family,150,2,4.0,437,150.0,93.37416808999352,0.9706728708749158,0.9980484734025811,0.9841703395617357,15854,31,479
ojemb,Homo_sapiens,Gorilla_gorilla,same-family,250,0,4.0,262,250.0,93.18035095956336,0.9707141110295916,0.9994963802329242,0.9848950094600044,15877,8,479
ojemb,Homo_sapiens,Gorilla_gorilla,same-family,250,2,4.0,262,250.0,92.835347963854,0.9705539537451691,0.9960337446487031,0.9831287867018798,15821,63,480
ojemb,Homo_sapiens,Gorilla_gorilla,same-family,250,1,4.0,262,250.0,93.08761186999529,0.9705340699815838,0.9953412238730799,0.982781127618574,15810,74,480
ojemb,Homo_sapiens,Gorilla_gorilla,same-family,300,0,4.0,219,300.0,93.58588540744674,0.9706836403696677,0.998426188227888,0.9843594836146972,15860,25,479
ojemb,Homo_sapiens,Gorilla_gorilla,same-family,300,1,4.0,219,300.0,92.9359305327388,0.970469305232202,0.9973554967888175,0.9837287293503912,15840,42,482
ojemb,Homo_sapiens,Gorilla_gorilla,same-family,300,2,4.0,219,300.0,94.1037037037037,0.9707194816309065,0.9996852376455776,0.9849894554025556,15880,5,479
ojemb,Homo_sapiens,Gorilla_gorilla,same-family,variable,0,4.0,496,132.01209677419354,92.97452752670502,0.9706495098039216,0.9972300912810828,0.983760285669927,15841,44,479
ojemb,Homo_sapiens,Gorilla_gorilla,same-family,variable,1,4.0,502,130.58764940239044,93.185159052155,0.9706620934648129,0.9976707585772742,0.9839811250465665,15848,37,479
ojemb,Homo_sapiens,Gorilla_gorilla,same-family,variable,2,4.0,496,132.21370967741936,93.53468617272299,0.970617042115573,0.998237219843868,0.9842333954065797,15856,28,480
ojemb,Homo_sapiens,Varecia_variegata,same-order,50,0,4.0,1358,50.0,77.92068595927117,0.9238228999464955,0.8728042461771768,0.8975891870816817,13813,2013,1139
ojemb,Homo_sapiens,Varecia_variegata,same-order,50,1,4.0,1358,50.0,78.63551718300322,0.925852102850309,0.8792352829831536,0.9019417475728156,13935,1914,1116
ojemb,Homo_sapiens,Varecia_variegata,same-order,50,2,4.0,1358,50.0,79.19936762464006,0.9263637564390437,0.8849842271293376,0.9052013422818792,14027,1823,1115
ojemb,Homo_sapiens,Varecia_variegata,same-order,75,0,4.0,905,75.0,78.51053017898481,0.9258889332800639,0.8771763815291446,0.9008746355685131,13905,1947,1113
ojemb,Homo_sapiens,Varecia_variegata,same-order,75,1,4.0,905,75.0,79.01422764227642,0.9268211920529801,0.8824085750315258,0.9040697674418604,13995,1865,1105
ojemb,Homo_sapiens,Varecia_variegata,same-order,75,2,4.0,905,75.0,78.51291033391718,0.9264617641176078,0.8760559828520994,0.9005540974044911,13896,1966,1103
ojemb,Homo_sapiens,Varecia_variegata,same-order,100,0,4.0,679,100.0,78.97056330866151,0.9271026797559034,0.8809403756460356,0.9034322280395579,13977,1889,1099
ojemb,Homo_sapiens,Varecia_variegata,same-order,100,1,4.0,679,100.0,79.04638156036383,0.9267452642734137,0.8822750488681506,0.9039635623606939,13992,1867,1106
ojemb,Homo_sapiens,Varecia_variegata,same-order,100,2,4.0,679,100.0,78.53069060929471,0.9262071262071262,0.8770259191524248,0.9009458408914227,13907,1950,1108
ojemb,Homo_sapiens,Varecia_variegata,same-order,150,0,4.0,453,150.0,79.07673183410554,0.928111943762849,0.8812417354070903,0.9040697674418605,13995,1886,1084
ojemb,Homo_sapiens,Varecia_variegata,same-order,150,1,4.0,453,150.0,79.9570305874371,0.9291110965113987,0.8902178018380964,0.90924872215257,14142,1744,1079
ojemb,Homo_sapiens,Varecia_variegata,same-order,150,2,4.0,453,150.0,78.76201243640475,0.9271977107872497,0.8778904920924957,0.901870671240857,13933,1938,1094
ojemb,Homo_sapiens,Varecia_variegata,same-order,250,0,4.0,272,250.0,78.73387644263408,0.9284808859830542,0.8756685333165545,0.9013017291626191,13917,1976,1072
ojemb,Homo_sapiens,Varecia_variegata,same-order,250,1,4.0,272,250.0,79.04083248501301,0.928514483125166,0.8796022405437725,0.9033967874341489,13976,1913,1076
ojemb,Homo_sapiens,Varecia_variegata,same-order,250,2,4.0,272,250.0,79.33627317955676,0.9286612401561776,0.8833008119846415,0.9054132524679012,14033,1854,1078
ojemb,Homo_sapiens,Varecia_variegata,same-order,300,0,4.0,227,300.0,73.92533936651584,0.9238054848741871,0.8226852143261786,0.8703179623772266,13070,2817,1078
ojemb,Homo_sapiens,Varecia_variegata,same-order,300,1,4.0,227,300.0,79.58363975787746,0.9295625743359324,0.884835524246808,0.906647762059743,14068,1831,1066
ojemb,Homo_sapiens,Varecia_variegata,same-order,300,2,4.0,227,300.0,78.40606781004132,0.9282937943975338,0.8714690154136521,0.8989843268325923,13852,2043,1070
ojemb,Homo_sapiens,Varecia_variegata,same-order,variable,0,4.0,523,130.02868068833652,80.5992085924251,0.9297685034235409,0.8974068479355488,0.9133010921436121,14258,1630,1077
ojemb,Homo_sapiens,Varecia_variegata,same-order,variable,1,4.0,514,132.07198443579767,79.41991293040086,0.9283589980834049,0.884516088407531,0.9059073906874758,14047,1834,1084
ojemb,Homo_sapiens,Varecia_variegata,same-order,variable,2,4.0,509,133.53241650294694,80.42175486205338,0.9294955567171981,0.8954425280120861,0.912151330554665,14225,1661,1079
ecticon,Saimiri_boliviensis,Saimiri_sciureus,same-genus,50,0,4.0,1318,50.0,99.97571931528469,0.9998178838098707,0.9999392872321049,0.9998785818358427,16470,1,3
ecticon,Saimiri_boliviensis,Saimiri_sciureus,same-genus,50,1,4.0,1318,50.0,99.98178948646351,0.9998178948646352,1.0,0.9999089391409925,16471,0,3
ecticon,Saimiri_boliviensis,Saimiri_sciureus,same-genus,50,2,4.0,1318,50.0,99.98178948646351,0.9998178948646352,1.0,0.9999089391409925,16471,0,3
ecticon,Saimiri_boliviensis,Saimiri_sciureus,same-genus,75,0,4.0,879,75.0,99.98178948646351,0.9998178948646352,1.0,0.9999089391409925,16471,0,3
ecticon,Saimiri_boliviensis,Saimiri_sciureus,same-genus,75,1,4.0,879,75.0,99.98178948646351,0.9998178948646352,1.0,0.9999089391409925,16471,0,3
ecticon,Saimiri_boliviensis,Saimiri_sciureus,same-genus,75,2,4.0,879,75.0,99.98178948646351,0.9998178948646352,1.0,0.9999089391409925,16471,0,3
ecticon,Saimiri_boliviensis,Saimiri_sciureus,same-genus,100,0,4.0,659,100.0,99.96357897292704,0.9998178616963147,0.9998178616963147,0.9998178616963147,16468,3,3
ecticon,Saimiri_boliviensis,Saimiri_sciureus,same-genus,100,1,4.0,659,100.0,99.97571931528469,0.9998178838098707,0.9999392872321049,0.9998785818358427,16470,1,3
ecticon,Saimiri_boliviensis,Saimiri_sciureus,same-genus,100,2,4.0,659,100.0,99.98178948646351,0.9998178948646352,1.0,0.9999089391409925,16471,0,3
ecticon,Saimiri_boliviensis,Saimiri_sciureus,same-genus,150,0,4.0,440,150.0,99.98178948646351,0.9998178948646352,1.0,0.9999089391409925,16471,0,3
ecticon,Saimiri_boliviensis,Saimiri_sciureus,same-genus,150,1,4.0,440,150.0,99.98178948646351,0.9998178948646352,1.0,0.9999089391409925,16471,0,3
ecticon,Saimiri_boliviensis,Saimiri_sciureus,same-genus,150,2,4.0,440,150.0,99.97571931528469,0.9998178838098707,0.9999392872321049,0.9998785818358427,16470,1,3
ecticon,Saimiri_boliviensis,Saimiri_sciureus,same-genus,250,0,4.0,264,250.0,99.98785965764235,0.9998785965764234,1.0,0.9999392946032902,16472,0,2
ecticon,Saimiri_boliviensis,Saimiri_sciureus,same-genus,250,1,4.0,264,250.0,99.96358118361154,0.9997571784131609,0.9999392835458409,0.9998482226876726,16469,1,4
ecticon,Saimiri_boliviensis,Saimiri_sciureus,same-genus,250,2,4.0,264,250.0,99.98178948646351,0.9998178948646352,1.0,0.9999089391409925,16471,0,3
ecticon,Saimiri_boliviensis,Saimiri_sciureus,same-genus,300,0,4.0,220,300.0,99.97572078907436,0.9998178948646352,1.0,0.9999089391409925,16471,0,3
ecticon,Saimiri_boliviensis,Saimiri_sciureus,same-genus,300,1,4.0,220,300.0,99.97571931528469,0.9998178838098707,0.9999392872321049,0.9998785818358427,16470,1,3
ecticon,Saimiri_boliviensis,Saimiri_sciureus,same-genus,300,2,4.0,220,300.0,99.97571931528469,0.9998178838098707,0.9999392872321049,0.9998785818358427,16470,1,3
ecticon,Saimiri_boliviensis,Saimiri_sciureus,same-genus,variable,0,4.0,503,131.0755467196819,99.98178948646351,0.9998178948646352,1.0,0.9999089391409925,16471,0,3
ecticon,Saimiri_boliviensis,Saimiri_sciureus,same-genus,variable,1,4.0,500,131.912,99.96965098634294,0.999757193152847,1.0,0.9998785818358427,16470,0,4
ecticon,Saimiri_boliviensis,Saimiri_sciureus,same-genus,variable,2,4.0,505,130.56435643564356,99.93929828821173,0.999817817453088,0.9995750106247344,0.9996963992956464,16464,7,3
ecticon,Homo_sapiens,Gorilla_gorilla,same-family,50,0,4.0,1310,50.0,89.07587662718424,0.969060984945139,0.9566723345298822,0.9628268103311678,15191,688,485
ecticon,Homo_sapiens,Gorilla_gorilla,same-family,50,1,4.0,1310,50.0,88.96446581447168,0.9690234399948905,0.955475785628818,0.9622019279553526,15172,707,485
ecticon,Homo_sapiens,Gorilla_gorilla,same-family,50,2,4.0,1310,50.0,88.77682655095579,0.96896,0.9534605453743938,0.9611477907567293,15140,739,485
ecticon,Homo_sapiens,Gorilla_gorilla,same-family,75,0,4.0,873,75.0,89.96129940189985,0.9693561635180388,0.9661817494804459,0.9677663533716016,15342,537,485
ecticon,Homo_sapiens,Gorilla_gorilla,same-family,75,1,4.0,873,75.0,89.83229740823268,0.969313508383423,0.9647962718055293,0.9670496149476075,15320,559,485
ecticon,Homo_sapiens,Gorilla_gorilla,same-family,75,2,4.0,873,75.0,89.86161604315703,0.9693232131562303,0.9651111530952831,0.9672125974312853,15325,554,485
ecticon,Homo_sapiens,Gorilla_gorilla,same-family,100,0,4.0,655,100.0,88.67714319221297,0.9689261916965659,0.952389948989231,0.9605869088830312,15123,756,485
ecticon,Homo_sapiens,Gorilla_gorilla,same-family,100,1,4.0,655,100.0,88.51882256362144,0.9688723445221744,0.9506895900245608,0.9596948506039416,15096,783,485
ecticon,Homo_sapiens,Gorilla_gorilla,same-family,100,2,4.0,655,100.0,88.45432156678785,0.9688503532434168,0.9499968511871024,0.9593309803173392,15085,794,485
ecticon,Homo_sapiens,Gorilla_gorilla,same-family,150,0,4.0,437,150.0,86.77550524974207,0.9465113200052959,0.9191308819748008,0.9326201813319418,14298,1258,808
ecticon,Homo_sapiens,Gorilla_gorilla,same-family,150,1,4.0,437,150.0,86.7026764580931,0.9464687955478999,0.9183594754435588,0.9322022838499184,14286,1270,808
ecticon,Homo_sapiens,Gorilla_gorilla,same-family,150,2,4.0,437,150.0,85.60455025214026,0.9678467250066295,0.9193903898230367,0.9429964796692827,14599,1280,485
ecticon,Homo_sapiens,Gorilla_gorilla,same-family,250,0,4.0,262,250.0,84.26175677260467,0.9673510602490744,0.9049688267523144,0.9351207132166329,14370,1509,485
ecticon,Homo_sapiens,Gorilla_gorilla,same-family,250,1,4.0,262,250.0,56.993686255463814,0.6200383065847699,0.8847422486099331,0.7291084187635913,9388,1223,5753
ecticon,Homo_sapiens,Gorilla_gorilla,same-family,250,2,4.0,262,250.0,84.30866658848365,0.967563930013459,0.9053015992947991,0.9353978270769631,14378,1504,482
ecticon,Homo_sapiens,Gorilla_gorilla,same-family,300,0,4.0,219,300.0,83.7917082038351,0.9671720590226073,0.8998677498583034,0.9323067888950509,14289,1590,485
ecticon,Homo_sapiens,Gorilla_gorilla,same-family,300,1,4.0,219,300.0,66.86498300145702,0.7358856150197101,0.8874385625654662,0.8045876251004458,11014,1397,3953
ecticon,Homo_sapiens,Gorilla_gorilla,same-family,300,2,4.0,219,300.0,66.86498300145702,0.7358856150197101,0.8874385625654662,0.8045876251004458,11014,1397,3953
ecticon,Homo_sapiens,Gorilla_gorilla,same-family,variable,0,4.0,496,132.01209677419354,86.77729564911458,0.9682674692488877,0.9319856414131872,0.9497801880435132,14799,1080,485
ecticon,Homo_sapiens,Gorilla_gorilla,same-family,variable,1,4.0,502,130.58764940239044,87.89828245433029,0.9471584592243804,0.9310233993314476,0.9390216228482511,14483,1073,808
ecticon,Homo_sapiens,Gorilla_gorilla,same-family,variable,2,4.0,496,132.21370967741936,87.2053477190102,0.9684183108680081,0.9365829082435921,0.9522346011012933,14872,1007,485
ecticon,Homo_sapiens,Varecia_variegata,same-order,50,0,4.0,1358,50.0,70.63465223762823,0.914410798978475,0.7935663627152989,0.8497135301895107,12532,3260,1173
ecticon,Homo_sapiens,Varecia_variegata,same-order,50,1,4.0,1358,50.0,70.63599458728011,0.9147864184008763,0.7930117736422332,0.8495575221238939,12528,3270,1167
ecticon,Homo_sapiens,Varecia_variegata,same-order,50,2,4.0,1358,50.0,70.46953384814836,0.914289893228024,0.7916165389729627,0.8485424373027454,12502,3291,1172
ecticon,Homo_sapiens,Varecia_variegata,same-order,75,0,4.0,905,75.0,70.8904302712457,0.9152530032763014,0.7955825580659452,0.8512323943661972,12571,3230,1164
ecticon,Homo_sapiens,Varecia_variegata,same-order,75,1,4.0,905,75.0,70.71891739498167,0.9149401809162533,0.7938477118804987,0.8501033653031482,12542,3257,1166
ecticon,Homo_sapiens,Varecia_variegata,same-order,75,2,4.0,905,75.0,71.14245416078984,0.9160249891035885,0.7976469099879815,0.8527472527472527,12610,3199,1156
ecticon,Homo_sapiens,Varecia_variegata,same-order,100,0,4.0,679,100.0,69.54142929663264,0.9140040032619171,0.7800695982284087,0.8417423363146036,12329,3476,1160
ecticon,Homo_sapiens,Varecia_variegata,same-order,100,1,4.0,679,100.0,69.34747053183689,0.9136573042056769,0.7780801113712587,0.8404360753221011,12296,3507,1162
ecticon,Homo_sapiens,Varecia_variegata,same-order,100,2,4.0,679,100.0,69.22122596289404,0.9133864126795148,0.776849566483134,0.8396032831737346,12275,3526,1164
ecticon,Homo_sapiens,Varecia_variegata,same-order,150,0,4.0,453,150.0,68.08474671775511,0.9111680868712767,0.7653765756635206,0.8319333516937483,12083,3704,1178
ecticon,Homo_sapiens,Varecia_variegata,same-order,150,1,4.0,453,150.0,68.58688912688123,0.912143928035982,0.7704679288292281,0.8353413654618475,12168,3625,1172
ecticon,Homo_sapiens,Varecia_variegata,same-order,150,2,4.0,453,150.0,68.16388638412985,0.9114544084400904,0.765991133628879,0.8324156916724019,12095,3695,1175
ecticon,Homo_sapiens,Varecia_variegata,same-order,250,0,4.0,272,250.0,67.50802862133078,0.9103479714329129,0.7590750712701932,0.8278578090993886,11982,3803,1180
ecticon,Homo_sapiens,Varecia_variegata,same-order,250,1,4.0,272,250.0,67.50802862133078,0.9103479714329129,0.7590750712701932,0.8278578090993886,11982,3803,1180
ecticon,Homo_sapiens,Varecia_variegata,same-order,250,2,4.0,272,250.0,67.50802862133078,0.9103479714329129,0.7590750712701932,0.8278578090993886,11982,3803,1180
ecticon,Homo_sapiens,Varecia_variegata,same-order,300,0,4.0,227,300.0,67.50802862133078,0.9103479714329129,0.7590750712701932,0.8278578090993886,11982,3803,1180
ecticon,Homo_sapiens,Varecia_variegata,same-order,300,1,4.0,227,300.0,67.50802862133078,0.9103479714329129,0.7590750712701932,0.8278578090993886,11982,3803,1180
ecticon,Homo_sapiens,Varecia_variegata,same-order,300,2,4.0,227,300.0,67.50802862133078,0.9103479714329129,0.7590750712701932,0.8278578090993886,11982,3803,1180
ecticon,Homo_sapiens,Varecia_variegata,same-order,variable,0,4.0,523,130.02868068833652,68.59993236388232,0.9120953237410072,0.7707066869300911,0.8354612850082371,12171,3621,1173
ecticon,Homo_sapiens,Varecia_variegata,same-order,variable,1,4.0,514,132.07198443579767,68.67463090273864,0.9119275665968273,0.7719153787686851,0.8361004390779363,12187,3601,1177
ecticon,Homo_sapiens,Varecia_variegata,same-order,variable,2,4.0,509,133.53241650294694,68.80883928068098,0.91252990430622,0.7727761949984172,0.8368585238764527,12206,3589,1170
