reference,target,divergence,depth,replicate,n_reads,theta_len,runtime_s,error,identity_pct,recall,precision,f1,c_theta,w_theta,u_t,original_identity_pct,original_f1,delta_identity_pct,delta_f1,assembly_fasta
Homo_sapiens,Gorilla_gorilla,same-family,8,1,873,8927,48.387210845947266,,54.552676607186505,0.5455267660718651,1.0,0.7059428255110514,8927,0,7437,0.0,0.0,54.552676607186505,0.7059428255110514,assemblies/Homo_sapiens__Gorilla_gorilla__d8__r1.fasta
Homo_sapiens,Gorilla_gorilla,same-family,15,2,1637,16356,60.92016243934631,,99.95111219750672,0.9995111219750672,1.0,0.9997555012224939,16356,0,8,99.95111219750672,0.9997555012224939,0.0,0.0,assemblies/Homo_sapiens__Gorilla_gorilla__d15__r2.fasta
Homo_sapiens,Gorilla_gorilla,same-family,20,2,2182,16354,65.50945854187012,,99.9388902468834,0.999388902468834,1.0,0.9996943578458342,16354,0,10,0.0,0.0,99.9388902468834,0.9996943578458342,assemblies/Homo_sapiens__Gorilla_gorilla__d20__r2.fasta
Homo_sapiens,Gorilla_gorilla,same-family,20,1,2182,16359,66.11046957969666,,99.9694451234417,0.999694451234417,1.0,0.9998472022736302,16359,0,5,99.9694451234417,0.9998472022736302,0.0,0.0,assemblies/Homo_sapiens__Gorilla_gorilla__d20__r1.fasta
Homo_sapiens,Gorilla_gorilla,same-family,15,1,1637,16356,66.29453706741333,,99.95111219750672,0.9995111219750672,1.0,0.9997555012224939,16356,0,8,99.95111219750672,0.9997555012224939,0.0,0.0,assemblies/Homo_sapiens__Gorilla_gorilla__d15__r1.fasta
Homo_sapiens,Gorilla_gorilla,same-family,15,0,1637,16354,66.36382150650024,,99.9388902468834,0.999388902468834,1.0,0.9996943578458342,16354,0,10,99.9388902468834,0.9996943578458342,0.0,0.0,assemblies/Homo_sapiens__Gorilla_gorilla__d15__r0.fasta
Homo_sapiens,Gorilla_gorilla,same-family,10,0,1091,16353,66.82010698318481,,99.93277927157175,0.9993277927157175,1.0,0.9996637833542195,16353,0,11,99.93277927157175,0.9996637833542195,0.0,0.0,assemblies/Homo_sapiens__Gorilla_gorilla__d10__r0.fasta
Homo_sapiens,Gorilla_gorilla,same-family,10,2,1091,16338,67.48558163642883,,99.84111464189685,0.9984111464189684,1.0,0.9992049415937863,16338,0,26,0.003058010458395768,0.00012221203788573173,99.83805663143846,0.9990827295559005,assemblies/Homo_sapiens__Gorilla_gorilla__d10__r2.fasta
Homo_sapiens,Saimiri_boliviensis,same-order,15,1,1648,8633,46.112857818603516,,52.41333252382976,0.5241333252382976,1.0,0.6877788400254939,8633,0,7838,52.41333252382976,0.6877788400254939,0.0,0.0,assemblies/Homo_sapiens__Saimiri_boliviensis__d15__r1.fasta
Homo_sapiens,Saimiri_boliviensis,same-order,15,2,1648,11486,51.51221704483032,,69.73468520429846,0.6973468520429846,1.0,0.8216904531959796,11486,0,4985,69.73468520429846,0.8216904531959796,0.0,0.0,assemblies/Homo_sapiens__Saimiri_boliviensis__d15__r2.fasta
Homo_sapiens,Gorilla_gorilla,same-family,20,0,2182,16340,70.12469935417175,,99.85333659252017,0.9985333659252017,1.0,0.9992661448140899,16340,0,24,0.0,0.0,99.85333659252017,0.9992661448140899,assemblies/Homo_sapiens__Gorilla_gorilla__d20__r0.fasta
Homo_sapiens,Saimiri_boliviensis,same-order,15,0,1648,11932,54.36730480194092,,72.4424746524194,0.7244247465241941,1.0,0.8401929373657713,11932,0,4539,72.4424746524194,0.8401929373657713,0.0,0.0,assemblies/Homo_sapiens__Saimiri_boliviensis__d15__r0.fasta
Homo_sapiens,Saimiri_boliviensis,same-order,20,0,2197,12169,54.513312578201294,,73.88136725153299,0.7388136725153299,1.0,0.849790502793296,12169,0,4302,73.88136725153299,0.849790502793296,0.0,0.0,assemblies/Homo_sapiens__Saimiri_boliviensis__d20__r0.fasta
Homo_sapiens,Gorilla_gorilla,same-family,30,2,3273,16363,68.08503365516663,,99.99388902468834,0.9999388902468834,1.0,0.9999694441898126,16363,0,1,99.99388902468834,0.9999694441898126,0.0,0.0,assemblies/Homo_sapiens__Gorilla_gorilla__d30__r2.fasta
Homo_sapiens,Gorilla_gorilla,same-family,30,1,3273,16362,69.64167308807373,,99.98777804937669,0.9998777804937669,1.0,0.9999388865122533,16362,0,2,0.0,0.0,99.98777804937669,0.9999388865122533,assemblies/Homo_sapiens__Gorilla_gorilla__d30__r1.fasta
Homo_sapiens,Gorilla_gorilla,same-family,30,0,3273,16364,71.00119090080261,,100.0,1.0,1.0,1.0,16364,0,0,0.0,0.0,100.0,1.0,assemblies/Homo_sapiens__Gorilla_gorilla__d30__r0.fasta
Homo_sapiens,Saimiri_boliviensis,same-order,20,1,2197,12220,57.030221700668335,,74.19100236779795,0.7419100236779794,1.0,0.8518350702310828,12220,0,4251,74.19100236779795,0.8518350702310828,0.0,0.0,assemblies/Homo_sapiens__Saimiri_boliviensis__d20__r1.fasta
Homo_sapiens,Saimiri_boliviensis,same-order,20,2,2197,13183,59.75404906272888,,80.03764191609496,0.8003764191609496,1.0,0.8891211978147974,13183,0,3288,0.006745135071329803,0.00024282158683907,80.03089678102363,0.8888783762279583,assemblies/Homo_sapiens__Saimiri_boliviensis__d20__r2.fasta
Homo_sapiens,Saimiri_sciureus,same-order,15,0,1648,10806,55.18725323677063,,65.5942697584072,0.6559426975840719,1.0,0.7922287390029326,10806,0,5668,65.5942697584072,0.7922287390029326,0.0,0.0,assemblies/Homo_sapiens__Saimiri_sciureus__d15__r0.fasta
Homo_sapiens,Saimiri_boliviensis,same-order,30,1,3295,16459,72.70393776893616,,99.92714467852589,0.9992714467852589,1.0,0.9996355906468266,16459,0,12,0.015186951371381709,0.0006069434328720564,99.91195772715452,0.9990286472139546,assemblies/Homo_sapiens__Saimiri_boliviensis__d30__r1.fasta
Homo_sapiens,Saimiri_boliviensis,same-order,30,2,3295,16438,69.41244149208069,,99.79964786594621,0.9979964786594621,1.0,0.9989972347989912,16438,0,33,99.79964786594621,0.9989972347989912,0.0,0.0,assemblies/Homo_sapiens__Saimiri_boliviensis__d30__r2.fasta
Homo_sapiens,Saimiri_sciureus,same-order,20,0,2197,12665,56.44430923461914,,76.87871797984702,0.7687871797984703,1.0,0.8692817186588421,12665,0,3809,76.87871797984702,0.8692817186588421,0.0,0.0,assemblies/Homo_sapiens__Saimiri_sciureus__d20__r0.fasta
Homo_sapiens,Saimiri_boliviensis,same-order,30,0,3295,16425,71.25107955932617,,99.72072126768259,0.9972072126768259,1.0,0.998601653696498,16425,0,46,0.006080321040950962,0.00024282158683907,99.71464094664164,0.9983588321096589,assemblies/Homo_sapiens__Saimiri_boliviensis__d30__r0.fasta
Homo_sapiens,Saimiri_sciureus,same-order,15,1,1648,11412,58.27759671211243,,69.2727934927765,0.692727934927765,1.0,0.818475220540773,11412,0,5062,0.0,0.0,69.2727934927765,0.818475220540773,assemblies/Homo_sapiens__Saimiri_sciureus__d15__r1.fasta
Homo_sapiens,Saimiri_sciureus,same-order,20,1,2197,12884,63.255353689193726,,78.2080854680102,0.782080854680102,1.0,0.8777164656992984,12884,0,3590,0.00681314937830012,0.0002427773731488225,78.2012723186319,0.8774736883261496,assemblies/Homo_sapiens__Saimiri_sciureus__d20__r1.fasta
Homo_sapiens,Saimiri_sciureus,same-order,20,2,2197,11442,60.508424043655396,,69.45489862814131,0.6945489862814131,1.0,0.8197449491331137,11442,0,5032,69.45489862814131,0.8197449491331137,0.0,0.0,assemblies/Homo_sapiens__Saimiri_sciureus__d20__r2.fasta
Homo_sapiens,Aotus_azarai,same-order,15,1,1656,11223,57.76358604431152,,67.79220779220779,0.6779220779220779,1.0,0.8080495356037152,11223,0,5332,67.79220779220779,0.8080495356037152,0.0,0.0,assemblies/Homo_sapiens__Aotus_azarai__d15__r1.fasta
Homo_sapiens,Aotus_azarai,same-order,20,1,2208,12212,59.650540351867676,,73.76623376623377,0.7376623376623377,1.0,0.8490284005979073,12212,0,4343,73.76623376623377,0.8490284005979073,0.0,0.0,assemblies/Homo_sapiens__Aotus_azarai__d20__r1.fasta
Homo_sapiens,Saimiri_sciureus,same-order,30,2,3295,16456,72.05893921852112,,99.89073691878112,0.9989073691878111,1.0,0.9994533859702399,16456,0,18,99.89073691878112,0.9994533859702399,0.0,0.0,assemblies/Homo_sapiens__Saimiri_sciureus__d30__r2.fasta
Homo_sapiens,Saimiri_sciureus,same-order,30,0,3295,16467,68.24724173545837,,99.9575088017482,0.9995750880174821,1.0,0.999787498861601,16467,0,7,99.9575088017482,0.999787498861601,0.0,0.0,assemblies/Homo_sapiens__Saimiri_sciureus__d30__r0.fasta
Homo_sapiens,Aotus_azarai,same-order,20,0,2208,12951,65.35116744041443,,78.23014195107218,0.7823014195107219,1.0,0.8778553514539416,12951,0,3604,78.23014195107218,0.8778553514539416,0.0,0.0,assemblies/Homo_sapiens__Aotus_azarai__d20__r0.fasta
Homo_sapiens,Saimiri_sciureus,same-order,30,1,3295,16468,79.90801167488098,,99.96357897292704,0.9996357897292704,1.0,0.9998178616963147,16468,0,6,0.0,0.0,99.96357897292704,0.9998178616963147,assemblies/Homo_sapiens__Saimiri_sciureus__d30__r1.fasta
Homo_sapiens,Aotus_azarai,same-order,30,2,3311,16548,74.40744042396545,,99.95771670190275,0.9995771670190274,1.0,0.9997885388031296,16548,0,7,99.95771670190275,0.9997885388031296,0.0,0.0,assemblies/Homo_sapiens__Aotus_azarai__d30__r2.fasta
Homo_sapiens,Aotus_azarai,same-order,20,2,2208,13425,68.5207622051239,,81.0933252793718,0.8109332527937179,1.0,0.8955970647098065,13425,0,3130,0.010008006405124099,0.0003623626041792487,81.08331727296667,0.8952347021056273,assemblies/Homo_sapiens__Aotus_azarai__d20__r2.fasta
Gorilla_gorilla,Homo_sapiens,same-family,10,0,1105,11528,56.45691394805908,,69.57571368217756,0.6957571368217756,1.0,0.8205858276684344,11528,0,5041,69.57571368217756,0.8205858276684344,0.0,0.0,assemblies/Gorilla_gorilla__Homo_sapiens__d10__r0.fasta
Homo_sapiens,Aotus_azarai,same-order,30,0,3311,16545,67.68332839012146,,99.9395952884325,0.9993959528843249,1.0,0.9996978851963746,16545,0,10,99.9395952884325,0.9996978851963746,0.0,0.0,assemblies/Homo_sapiens__Aotus_azarai__d30__r0.fasta
Homo_sapiens,Varecia_variegata,same-order,30,0,3393,12361,62.23562288284302,,72.86177424108459,0.7286177424108459,1.0,0.8430062060969787,12361,0,4604,72.86177424108459,0.8430062060969787,0.0,0.0,assemblies/Homo_sapiens__Varecia_variegata__d30__r0.fasta
Homo_sapiens,Aotus_azarai,same-order,30,1,3311,16550,72.79555821418762,,99.96979764421624,0.9996979764421625,1.0,0.9998489654130797,16550,0,5,99.96979764421624,0.9998489654130797,0.0,0.0,assemblies/Homo_sapiens__Aotus_azarai__d30__r1.fasta
Gorilla_gorilla,Homo_sapiens,same-family,10,2,1105,13449,63.840195417404175,,81.16965417345645,0.8116965417345645,1.0,0.8960623625824505,13449,0,3120,81.16965417345645,0.8960623625824505,0.0,0.0,assemblies/Gorilla_gorilla__Homo_sapiens__d10__r2.fasta
Gorilla_gorilla,Homo_sapiens,same-family,15,0,1657,13437,64.07787609100342,,81.09722976643128,0.8109722976643129,1.0,0.8956208758248351,13437,0,3132,81.09722976643128,0.8956208758248351,0.0,0.0,assemblies/Gorilla_gorilla__Homo_sapiens__d15__r0.fasta
Gorilla_gorilla,Homo_sapiens,same-family,20,0,2210,13459,69.68780136108398,,81.23000784597743,0.8123000784597743,1.0,0.89642999866791,13459,0,3110,81.23000784597743,0.89642999866791,0.0,0.0,assemblies/Gorilla_gorilla__Homo_sapiens__d20__r0.fasta
Gorilla_gorilla,Homo_sapiens,same-family,15,1,1657,13451,71.57198929786682,,81.18172490796064,0.8118172490796065,1.0,0.8961359093937376,13451,0,3118,81.18172490796064,0.8961359093937376,0.0,0.0,assemblies/Gorilla_gorilla__Homo_sapiens__d15__r1.fasta
Gorilla_gorilla,Homo_sapiens,same-family,30,1,3314,13461,64.2476019859314,,81.24207858048162,0.8124207858048162,1.0,0.8965034965034965,13461,0,3108,81.24207858048162,0.8965034965034965,0.0,0.0,assemblies/Gorilla_gorilla__Homo_sapiens__d30__r1.fasta
Gorilla_gorilla,Homo_sapiens,same-family,20,2,2210,13456,63.073593854904175,,81.21190174422114,0.8121190174422114,1.0,0.8963197335553706,13456,0,3113,81.21190174422114,0.8963197335553706,0.0,0.0,assemblies/Gorilla_gorilla__Homo_sapiens__d20__r2.fasta
Gorilla_gorilla,Homo_sapiens,same-family,30,2,3314,13451,67.2718117237091,,81.18172490796064,0.8118172490796065,1.0,0.8961359093937376,13451,0,3118,81.18172490796064,0.8961359093937376,0.0,0.0,assemblies/Gorilla_gorilla__Homo_sapiens__d30__r2.fasta
Gorilla_gorilla,Homo_sapiens,same-family,20,1,2210,13449,73.43266272544861,,81.16965417345645,0.8116965417345645,1.0,0.8960623625824505,13449,0,3120,81.16965417345645,0.8960623625824505,0.0,0.0,assemblies/Gorilla_gorilla__Homo_sapiens__d20__r1.fasta
Gorilla_gorilla,Homo_sapiens,same-family,30,0,3314,13460,67.85353708267212,,81.23604321322952,0.8123604321322953,1.0,0.8964667488094842,13460,0,3109,81.23604321322952,0.8964667488094842,0.0,0.0,assemblies/Gorilla_gorilla__Homo_sapiens__d30__r0.fasta
Gorilla_gorilla,Homo_sapiens,same-family,15,2,1657,13445,87.77541017532349,,81.14551270444807,0.8114551270444806,1.0,0.8959152395548743,13445,0,3124,81.14551270444807,0.8959152395548743,0.0,0.0,assemblies/Gorilla_gorilla__Homo_sapiens__d15__r2.fasta
Gorilla_gorilla,Saimiri_boliviensis,same-order,15,1,1648,7901,48.939550161361694,,47.96915791390929,0.47969157913909294,1.0,0.6483669784999179,7901,0,8570,0.0,0.0,47.96915791390929,0.6483669784999179,assemblies/Gorilla_gorilla__Saimiri_boliviensis__d15__r1.fasta
Gorilla_gorilla,Saimiri_boliviensis,same-order,20,0,2197,12169,54.97155427932739,,73.88136725153299,0.7388136725153299,1.0,0.849790502793296,12169,0,4302,73.88136725153299,0.849790502793296,0.0,0.0,assemblies/Gorilla_gorilla__Saimiri_boliviensis__d20__r0.fasta
Gorilla_gorilla,Saimiri_boliviensis,same-order,15,2,1648,11486,58.858237981796265,,69.73468520429846,0.6973468520429846,1.0,0.8216904531959796,11486,0,4985,69.73468520429846,0.8216904531959796,0.0,0.0,assemblies/Gorilla_gorilla__Saimiri_boliviensis__d15__r2.fasta
Gorilla_gorilla,Saimiri_boliviensis,same-order,20,1,2197,12220,60.91855263710022,,74.19100236779795,0.7419100236779794,1.0,0.8518350702310828,12220,0,4251,74.19100236779795,0.8518350702310828,0.0,0.0,assemblies/Gorilla_gorilla__Saimiri_boliviensis__d20__r1.fasta
Gorilla_gorilla,Saimiri_boliviensis,same-order,20,2,2197,13183,61.57382917404175,,80.03764191609496,0.8003764191609496,1.0,0.8891211978147974,13183,0,3288,0.006745135071329803,0.00024282158683907,80.03089678102363,0.8888783762279583,assemblies/Gorilla_gorilla__Saimiri_boliviensis__d20__r2.fasta
Gorilla_gorilla,Saimiri_boliviensis,same-order,30,1,3295,16459,68.4219970703125,,99.92714467852589,0.9992714467852589,1.0,0.9996355906468266,16459,0,12,0.015186951371381709,0.0006069434328720564,99.91195772715452,0.9990286472139546,assemblies/Gorilla_gorilla__Saimiri_boliviensis__d30__r1.fasta
Gorilla_gorilla,Saimiri_boliviensis,same-order,30,0,3295,16425,68.2677116394043,,99.72072126768259,0.9972072126768259,1.0,0.998601653696498,16425,0,46,0.006080321040950962,0.00024282158683907,99.71464094664164,0.9983588321096589,assemblies/Gorilla_gorilla__Saimiri_boliviensis__d30__r0.fasta
Gorilla_gorilla,Saimiri_sciureus,same-order,20,1,2197,12884,58.67314863204956,,78.2080854680102,0.782080854680102,1.0,0.8777164656992984,12884,0,3590,0.00681314937830012,0.0002427773731488225,78.2012723186319,0.8774736883261496,assemblies/Gorilla_gorilla__Saimiri_sciureus__d20__r1.fasta
Gorilla_gorilla,Saimiri_sciureus,same-order,20,2,2197,11442,56.35620927810669,,69.45489862814131,0.6945489862814131,1.0,0.8197449491331137,11442,0,5032,69.45489862814131,0.8197449491331137,0.0,0.0,assemblies/Gorilla_gorilla__Saimiri_sciureus__d20__r2.fasta
Gorilla_gorilla,Saimiri_boliviensis,same-order,30,2,3295,16438,72.29159212112427,,99.79964786594621,0.9979964786594621,1.0,0.9989972347989912,16438,0,33,99.79964786594621,0.9989972347989912,0.0,0.0,assemblies/Gorilla_gorilla__Saimiri_boliviensis__d30__r2.fasta
Gorilla_gorilla,Saimiri_sciureus,same-order,15,1,1648,11412,56.50584936141968,,69.2727934927765,0.692727934927765,1.0,0.818475220540773,11412,0,5062,0.0,0.0,69.2727934927765,0.818475220540773,assemblies/Gorilla_gorilla__Saimiri_sciureus__d15__r1.fasta
Gorilla_gorilla,Saimiri_sciureus,same-order,30,0,3295,16467,68.15017342567444,,99.9575088017482,0.9995750880174821,1.0,0.999787498861601,16467,0,7,99.9575088017482,0.999787498861601,0.0,0.0,assemblies/Gorilla_gorilla__Saimiri_sciureus__d30__r0.fasta
Gorilla_gorilla,Aotus_azarai,same-order,15,1,1656,11223,52.98972702026367,,67.79220779220779,0.6779220779220779,1.0,0.8080495356037152,11223,0,5332,67.79220779220779,0.8080495356037152,0.0,0.0,assemblies/Gorilla_gorilla__Aotus_azarai__d15__r1.fasta
Gorilla_gorilla,Saimiri_sciureus,same-order,30,2,3295,16456,66.5106189250946,,99.89073691878112,0.9989073691878111,1.0,0.9994533859702399,16456,0,18,99.89073691878112,0.9994533859702399,0.0,0.0,assemblies/Gorilla_gorilla__Saimiri_sciureus__d30__r2.fasta
Gorilla_gorilla,Saimiri_sciureus,same-order,30,1,3295,16468,78.93965792655945,,99.96357897292704,0.9996357897292704,1.0,0.9998178616963147,16468,0,6,0.0,0.0,99.96357897292704,0.9998178616963147,assemblies/Gorilla_gorilla__Saimiri_sciureus__d30__r1.fasta
Gorilla_gorilla,Aotus_azarai,same-order,20,0,2208,12951,61.73582172393799,,78.23014195107218,0.7823014195107219,1.0,0.8778553514539416,12951,0,3604,78.23014195107218,0.8778553514539416,0.0,0.0,assemblies/Gorilla_gorilla__Aotus_azarai__d20__r0.fasta
Gorilla_gorilla,Aotus_azarai,same-order,30,0,3311,16545,66.63720178604126,,99.9395952884325,0.9993959528843249,1.0,0.9996978851963746,16545,0,10,99.9395952884325,0.9996978851963746,0.0,0.0,assemblies/Gorilla_gorilla__Aotus_azarai__d30__r0.fasta
Gorilla_gorilla,Aotus_azarai,same-order,20,2,2208,13425,65.20275974273682,,81.0933252793718,0.8109332527937179,1.0,0.8955970647098065,13425,0,3130,0.010008006405124099,0.0003623626041792487,81.08331727296667,0.8952347021056273,assemblies/Gorilla_gorilla__Aotus_azarai__d20__r2.fasta
Saimiri_boliviensis,Homo_sapiens,same-order,10,2,1105,6771,47.450570821762085,,40.86547166395075,0.40865471663950753,1.0,0.5802056555269923,6771,0,9798,40.86547166395075,0.5802056555269923,0.0,0.0,assemblies/Saimiri_boliviensis__Homo_sapiens__d10__r2.fasta
Gorilla_gorilla,Aotus_azarai,same-order,30,2,3311,16548,67.8218924999237,,99.95771670190275,0.9995771670190274,1.0,0.9997885388031296,16548,0,7,99.95771670190275,0.9997885388031296,0.0,0.0,assemblies/Gorilla_gorilla__Aotus_azarai__d30__r2.fasta
Saimiri_boliviensis,Homo_sapiens,same-order,20,2,2210,9441,50.780449867248535,,56.979902227050516,0.5697990222705052,1.0,0.7259515570934256,9441,0,7128,56.979902227050516,0.7259515570934256,0.0,0.0,assemblies/Saimiri_boliviensis__Homo_sapiens__d20__r2.fasta
Gorilla_gorilla,Aotus_azarai,same-order,30,1,3311,16550,70.6795244216919,,99.96979764421624,0.9996979764421625,1.0,0.9998489654130797,16550,0,5,99.96979764421624,0.9998489654130797,0.0,0.0,assemblies/Gorilla_gorilla__Aotus_azarai__d30__r1.fasta
Saimiri_boliviensis,Homo_sapiens,same-order,15,0,1657,8658,51.30151391029358,,52.25420966865834,0.5225420966865834,1.0,0.6864074206207635,8658,0,7911,52.25420966865834,0.6864074206207635,0.0,0.0,assemblies/Saimiri_boliviensis__Homo_sapiens__d15__r0.fasta
Saimiri_boliviensis,Homo_sapiens,same-order,20,1,2210,9891,50.85470151901245,,59.6958174904943,0.596958174904943,1.0,0.7476190476190476,9891,0,6678,59.6958174904943,0.7476190476190476,0.0,0.0,assemblies/Saimiri_boliviensis__Homo_sapiens__d20__r1.fasta
Saimiri_boliviensis,Homo_sapiens,same-order,20,0,2210,9243,55.71837496757507,,55.78489951113525,0.5578489951113526,1.0,0.7161785216178522,9243,0,7326,55.78489951113525,0.7161785216178522,0.0,0.0,assemblies/Saimiri_boliviensis__Homo_sapiens__d20__r0.fasta
Saimiri_boliviensis,Gorilla_gorilla,same-order,15,1,1637,8423,53.3620765209198,,51.47274505011,0.5147274505011,1.0,0.6796304514463226,8423,0,7941,51.47274505011,0.6796304514463226,0.0,0.0,assemblies/Saimiri_boliviensis__Gorilla_gorilla__d15__r1.fasta
Saimiri_boliviensis,Homo_sapiens,same-order,30,0,3314,13460,63.88573861122131,,81.23604321322952,0.8123604321322953,1.0,0.8964667488094842,13460,0,3109,81.23604321322952,0.8964667488094842,0.0,0.0,assemblies/Saimiri_boliviensis__Homo_sapiens__d30__r0.fasta
Saimiri_boliviensis,Homo_sapiens,same-order,30,1,3314,13461,64.95002579689026,,81.24207858048162,0.8124207858048162,1.0,0.8965034965034965,13461,0,3108,81.24207858048162,0.8965034965034965,0.0,0.0,assemblies/Saimiri_boliviensis__Homo_sapiens__d30__r1.fasta
Saimiri_boliviensis,Homo_sapiens,same-order,30,2,3314,12346,64.12581992149353,,74.51264409439314,0.7451264409439314,1.0,0.8539512363825004,12346,0,4223,74.51264409439314,0.8539512363825004,0.0,0.0,assemblies/Saimiri_boliviensis__Homo_sapiens__d30__r2.fasta
Saimiri_boliviensis,Gorilla_gorilla,same-order,15,2,1637,11071,59.357661485672,,67.654607675385,0.6765460767538499,1.0,0.8070712593402587,11071,0,5293,67.654607675385,0.8070712593402587,0.0,0.0,assemblies/Saimiri_boliviensis__Gorilla_gorilla__d15__r2.fasta
Saimiri_boliviensis,Gorilla_gorilla,same-order,20,1,2182,12246,62.84319877624512,,74.83500366658518,0.7483500366658519,1.0,0.8560643131772107,12246,0,4118,74.83500366658518,0.8560643131772107,0.0,0.0,assemblies/Saimiri_boliviensis__Gorilla_gorilla__d20__r1.fasta
Saimiri_boliviensis,Gorilla_gorilla,same-order,20,2,2182,13379,62.13324522972107,,81.75873869469568,0.8175873869469568,1.0,0.8996402514877451,13379,0,2985,0.0,0.0,81.75873869469568,0.8996402514877451,assemblies/Saimiri_boliviensis__Gorilla_gorilla__d20__r2.fasta
Saimiri_boliviensis,Saimiri_sciureus,same-genus,8,1,879,9658,59.6431245803833,,58.62571324511351,0.5862571324511351,1.0,0.7391703658349915,9658,0,6816,0.00382687229727144,0.00012139605462822459,58.621886372816235,0.7390489697803633,assemblies/Saimiri_boliviensis__Saimiri_sciureus__d8__r1.fasta
Saimiri_boliviensis,Gorilla_gorilla,same-order,30,2,3273,16330,73.90992546081543,,99.79222683940357,0.9979222683940356,1.0,0.9989600538325075,16330,0,34,99.79222683940357,0.9989600538325075,0.0,0.0,assemblies/Saimiri_boliviensis__Gorilla_gorilla__d30__r2.fasta
Saimiri_boliviensis,Gorilla_gorilla,same-order,30,1,3273,16362,71.46251654624939,,99.98777804937669,0.9998777804937669,1.0,0.9999388865122533,16362,0,2,0.0,0.0,99.98777804937669,0.9999388865122533,assemblies/Saimiri_boliviensis__Gorilla_gorilla__d30__r1.fasta
Saimiri_boliviensis,Saimiri_sciureus,same-genus,15,1,1648,16457,75.82935285568237,,99.89680708995994,0.9989680708995994,1.0,0.9994837690929519,16457,0,17,99.89680708995994,0.9994837690929519,0.0,0.0,assemblies/Saimiri_boliviensis__Saimiri_sciureus__d15__r1.fasta
Saimiri_boliviensis,Gorilla_gorilla,same-order,30,0,3273,16364,80.63544774055481,,100.0,1.0,1.0,1.0,16364,0,0,0.0,0.0,100.0,1.0,assemblies/Saimiri_boliviensis__Gorilla_gorilla__d30__r0.fasta
Saimiri_boliviensis,Saimiri_sciureus,same-genus,15,0,1648,16465,79.3519995212555,,99.94536845939055,0.9994536845939056,1.0,0.9997267676614349,16465,0,9,0.0,0.0,99.94536845939055,0.9997267676614349,assemblies/Saimiri_boliviensis__Saimiri_sciureus__d15__r0.fasta
Saimiri_boliviensis,Saimiri_sciureus,same-genus,15,2,1648,16462,70.92122435569763,,99.92715794585408,0.9992715794585407,1.0,0.9996356570318193,16462,0,12,0.015184645286686104,0.000606832938891923,99.9119733005674,0.9990288240929274,assemblies/Saimiri_boliviensis__Saimiri_sciureus__d15__r2.fasta
Saimiri_boliviensis,Saimiri_sciureus,same-genus,20,0,2197,16464,72.05157470703125,,99.93929828821173,0.9993929828821173,1.0,0.9996963992956464,16464,0,10,0.0182210209845425,0.0007281553398058253,99.92107726722719,0.9989682439558405,assemblies/Saimiri_boliviensis__Saimiri_sciureus__d20__r0.fasta
Saimiri_boliviensis,Saimiri_sciureus,same-genus,20,2,2197,16467,71.08139729499817,,99.9575088017482,0.9995750880174821,1.0,0.999787498861601,16467,0,7,0.0,0.0,99.9575088017482,0.999787498861601,assemblies/Saimiri_boliviensis__Saimiri_sciureus__d20__r2.fasta
Saimiri_boliviensis,Saimiri_sciureus,same-genus,20,1,2197,16463,74.58892607688904,,99.9332281170329,0.999332281170329,1.0,0.9996660290858305,16463,0,11,0.006072751563733527,0.0002427773731488225,99.92715536546916,0.9994232517126816,assemblies/Saimiri_boliviensis__Saimiri_sciureus__d20__r1.fasta
Saimiri_boliviensis,Saimiri_sciureus,same-genus,30,0,3295,16471,67.59383535385132,,99.98178948646351,0.9998178948646352,1.0,0.9999089391409925,16471,0,3,99.98178948646351,0.9999089391409925,0.0,0.0,assemblies/Saimiri_boliviensis__Saimiri_sciureus__d30__r0.fasta
Saimiri_boliviensis,Saimiri_sciureus,same-genus,30,2,3295,16460,67.83469080924988,,99.91501760349642,0.9991501760349641,1.0,0.9995749073905387,16460,0,14,99.91501760349642,0.9995749073905387,0.0,0.0,assemblies/Saimiri_boliviensis__Saimiri_sciureus__d30__r2.fasta
Saimiri_boliviensis,Aotus_azarai,same-order,15,0,1656,16542,69.20971918106079,,99.92147387496225,0.9992147387496225,1.0,0.9996072151554521,16542,0,13,99.92147387496225,0.9996072151554521,0.0,0.0,assemblies/Saimiri_boliviensis__Aotus_azarai__d15__r0.fasta
Saimiri_boliviensis,Saimiri_sciureus,same-genus,30,1,3295,16468,85.30745816230774,,99.96357897292704,0.9996357897292704,1.0,0.9998178616963147,16468,0,6,0.0,0.0,99.96357897292704,0.9998178616963147,assemblies/Saimiri_boliviensis__Saimiri_sciureus__d30__r1.fasta
Saimiri_boliviensis,Aotus_azarai,same-order,20,0,2208,16550,69.56626272201538,,99.96979764421624,0.9996979764421625,1.0,0.9998489654130797,16550,0,5,99.96979764421624,0.9998489654130797,0.0,0.0,assemblies/Saimiri_boliviensis__Aotus_azarai__d20__r0.fasta
Saimiri_boliviensis,Aotus_azarai,same-order,15,1,1656,16528,77.31811475753784,,99.83690727876774,0.9983690727876774,1.0,0.9991838708702354,16528,0,27,99.83690727876774,0.9991838708702354,0.0,0.0,assemblies/Saimiri_boliviensis__Aotus_azarai__d15__r1.fasta
Saimiri_boliviensis,Aotus_azarai,same-order,20,2,2208,16535,73.7010886669159,,99.879190576865,0.99879190576865,1.0,0.9993955877908733,16535,0,20,99.879190576865,0.9993955877908733,0.0,0.0,assemblies/Saimiri_boliviensis__Aotus_azarai__d20__r2.fasta
Saimiri_boliviensis,Aotus_azarai,same-order,15,2,1656,16541,83.83854675292969,,99.9154334038055,0.999154334038055,1.0,0.9995769881556684,16541,0,14,99.9154334038055,0.9995769881556684,0.0,0.0,assemblies/Saimiri_boliviensis__Aotus_azarai__d15__r2.fasta
Saimiri_boliviensis,Aotus_azarai,same-order,10,0,1104,16511,94.57134294509888,,99.734219269103,0.9973421926910299,1.0,0.9986693280106453,16511,0,44,0.009073861230415583,0.0003623626041792487,99.72514540787257,0.9983069654064661,assemblies/Saimiri_boliviensis__Aotus_azarai__d10__r0.fasta
Saimiri_boliviensis,Aotus_azarai,same-order,20,1,2208,16548,81.01728677749634,,99.95771670190275,0.9995771670190274,1.0,0.9997885388031296,16548,0,7,99.95771670190275,0.9997885388031296,0.0,0.0,assemblies/Saimiri_boliviensis__Aotus_azarai__d20__r1.fasta
Saimiri_boliviensis,Aotus_azarai,same-order,30,0,3311,16545,83.04525566101074,,99.9395952884325,0.9993959528843249,1.0,0.9996978851963746,16545,0,10,99.9395952884325,0.9996978851963746,0.0,0.0,assemblies/Saimiri_boliviensis__Aotus_azarai__d30__r0.fasta
Saimiri_boliviensis,Varecia_variegata,same-order,20,2,2262,11150,62.92189168930054,,65.72354848216918,0.6572354848216917,1.0,0.7931709052107416,11150,0,5815,0.04626993166287016,0.0015313935681470138,65.6772785505063,0.7916395116425946,assemblies/Saimiri_boliviensis__Varecia_variegata__d20__r2.fasta
Saimiri_boliviensis,Aotus_azarai,same-order,30,2,3311,16548,78.54410099983215,,99.95771670190275,0.9995771670190274,1.0,0.9997885388031296,16548,0,7,99.95771670190275,0.9997885388031296,0.0,0.0,assemblies/Saimiri_boliviensis__Aotus_azarai__d30__r2.fasta
Saimiri_boliviensis,Aotus_azarai,same-order,30,1,3311,16550,84.59999656677246,,99.96979764421624,0.9996979764421625,1.0,0.9998489654130797,16550,0,5,99.96979764421624,0.9998489654130797,0.0,0.0,assemblies/Saimiri_boliviensis__Aotus_azarai__d30__r1.fasta
Saimiri_boliviensis,Varecia_variegata,same-order,20,1,2262,13188,68.70818209648132,,77.73651635720601,0.7773651635720601,1.0,0.8747388319570193,13188,0,3777,0.029858668966890052,0.0010604453870625662,77.70665768823912,0.8736783865699568,assemblies/Saimiri_boliviensis__Varecia_variegata__d20__r1.fasta
Saimiri_sciureus,Homo_sapiens,same-order,10,2,1105,6771,45.74354839324951,,40.86547166395075,0.40865471663950753,1.0,0.5802056555269923,6771,0,9798,40.86547166395075,0.5802056555269923,0.0,0.0,assemblies/Saimiri_sciureus__Homo_sapiens__d10__r2.fasta
Saimiri_boliviensis,Varecia_variegata,same-order,30,0,3393,15684,83.50378680229187,,92.44916003536693,0.9244916003536693,1.0,0.9607644950840761,15684,0,1281,92.44916003536693,0.9607644950840761,0.0,0.0,assemblies/Saimiri_boliviensis__Varecia_variegata__d30__r0.fasta
Saimiri_sciureus,Homo_sapiens,same-order,20,1,2210,9891,58.149829387664795,,59.6958174904943,0.596958174904943,1.0,0.7476190476190476,9891,0,6678,59.6958174904943,0.7476190476190476,0.0,0.0,assemblies/Saimiri_sciureus__Homo_sapiens__d20__r1.fasta
Saimiri_sciureus,Homo_sapiens,same-order,20,0,2210,9243,58.17760372161865,,55.78489951113525,0.5578489951113526,1.0,0.7161785216178522,9243,0,7326,55.78489951113525,0.7161785216178522,0.0,0.0,assemblies/Saimiri_sciureus__Homo_sapiens__d20__r0.fasta
Saimiri_sciureus,Homo_sapiens,same-order,15,0,1657,8658,56.18816304206848,,52.25420966865834,0.5225420966865834,1.0,0.6864074206207635,8658,0,7911,52.25420966865834,0.6864074206207635,0.0,0.0,assemblies/Saimiri_sciureus__Homo_sapiens__d15__r0.fasta
Saimiri_boliviensis,Varecia_variegata,same-order,30,1,3393,16950,84.6623899936676,,99.91158267020336,0.9991158267020336,1.0,0.9995577178239716,16950,0,15,99.91158267020336,0.9995577178239716,0.0,0.0,assemblies/Saimiri_boliviensis__Varecia_variegata__d30__r1.fasta
Saimiri_boliviensis,Varecia_variegata,same-order,30,2,3393,16946,85.3349552154541,,99.88800471559092,0.9988800471559093,1.0,0.9994397098286693,16946,0,19,99.88800471559092,0.9994397098286693,0.0,0.0,assemblies/Saimiri_boliviensis__Varecia_variegata__d30__r2.fasta
Saimiri_sciureus,Homo_sapiens,same-order,30,0,3314,13460,75.88491320610046,,81.23604321322952,0.8123604321322953,1.0,0.8964667488094842,13460,0,3109,81.23604321322952,0.8964667488094842,0.0,0.0,assemblies/Saimiri_sciureus__Homo_sapiens__d30__r0.fasta
Saimiri_sciureus,Homo_sapiens,same-order,30,1,3314,13461,74.06491804122925,,81.24207858048162,0.8124207858048162,1.0,0.8965034965034965,13461,0,3108,81.24207858048162,0.8965034965034965,0.0,0.0,assemblies/Saimiri_sciureus__Homo_sapiens__d30__r1.fasta
Saimiri_sciureus,Gorilla_gorilla,same-order,20,1,2182,12246,65.97550415992737,,74.83500366658518,0.7483500366658519,1.0,0.8560643131772107,12246,0,4118,74.83500366658518,0.8560643131772107,0.0,0.0,assemblies/Saimiri_sciureus__Gorilla_gorilla__d20__r1.fasta
Saimiri_sciureus,Gorilla_gorilla,same-order,15,0,1637,9665,70.62191367149353,,59.0625763871914,0.590625763871914,1.0,0.74263321679665,9665,0,6699,59.0625763871914,0.74263321679665,0.0,0.0,assemblies/Saimiri_sciureus__Gorilla_gorilla__d15__r0.fasta
Saimiri_sciureus,Homo_sapiens,same-order,30,2,3314,12346,74.28620982170105,,74.51264409439314,0.7451264409439314,1.0,0.8539512363825004,12346,0,4223,74.51264409439314,0.8539512363825004,0.0,0.0,assemblies/Saimiri_sciureus__Homo_sapiens__d30__r2.fasta
Saimiri_sciureus,Gorilla_gorilla,same-order,20,2,2182,13379,76.52191925048828,,81.75873869469568,0.8175873869469568,1.0,0.8996402514877451,13379,0,2985,0.0,0.0,81.75873869469568,0.8996402514877451,assemblies/Saimiri_sciureus__Gorilla_gorilla__d20__r2.fasta
Saimiri_sciureus,Gorilla_gorilla,same-order,30,1,3273,16362,82.7333333492279,,99.98777804937669,0.9998777804937669,1.0,0.9999388865122533,16362,0,2,0.0,0.0,99.98777804937669,0.9999388865122533,assemblies/Saimiri_sciureus__Gorilla_gorilla__d30__r1.fasta
Saimiri_sciureus,Gorilla_gorilla,same-order,30,0,3273,16364,93.88264155387878,,100.0,1.0,1.0,1.0,16364,0,0,0.0,0.0,100.0,1.0,assemblies/Saimiri_sciureus__Gorilla_gorilla__d30__r0.fasta
Saimiri_sciureus,Saimiri_boliviensis,same-genus,15,0,1648,16426,96.34208869934082,,99.7267925444721,0.997267925444721,1.0,0.9986320941119251,16426,0,45,99.7267925444721,0.9986320941119251,0.0,0.0,assemblies/Saimiri_sciureus__Saimiri_boliviensis__d15__r0.fasta
Saimiri_sciureus,Saimiri_boliviensis,same-genus,15,1,1648,16416,98.98396492004395,,99.66607977657702,0.9966607977657701,1.0,0.9983276066530847,16416,0,55,0.003040807638508788,0.00012141816415735794,99.66303896893851,0.9982061884889274,assemblies/Saimiri_sciureus__Saimiri_boliviensis__d15__r1.fasta
Saimiri_sciureus,Saimiri_boliviensis,same-genus,20,0,2197,16461,94.43582606315613,,99.93928723210492,0.9993928723210491,1.0,0.9996963439815377,16461,0,10,0.0,0.0,99.93928723210492,0.9996963439815377,assemblies/Saimiri_sciureus__Saimiri_boliviensis__d20__r0.fasta
Saimiri_sciureus,Saimiri_boliviensis,same-genus,10,1,1099,16429,103.59756851196289,,99.74500637484063,0.9974500637484063,1.0,0.9987234042553191,16429,0,42,99.74500637484063,0.9987234042553191,0.0,0.0,assemblies/Saimiri_sciureus__Saimiri_boliviensis__d10__r1.fasta
Saimiri_sciureus,Saimiri_boliviensis,same-genus,20,1,2197,16455,95.0368447303772,,99.90285957136786,0.9990285957136786,1.0,0.9995140618356314,16455,0,16,0.0,0.0,99.90285957136786,0.9995140618356314,assemblies/Saimiri_sciureus__Saimiri_boliviensis__d20__r1.fasta
Saimiri_sciureus,Saimiri_boliviensis,same-genus,15,2,1648,16463,102.52186918258667,,99.95142978568393,0.9995142978568393,1.0,0.9997570899374507,16463,0,8,99.95142978568393,0.9997570899374507,0.0,0.0,assemblies/Saimiri_sciureus__Saimiri_boliviensis__d15__r2.fasta
Saimiri_sciureus,Saimiri_boliviensis,same-genus,30,0,3295,16458,87.64223647117615,,99.92107340173638,0.9992107340173638,1.0,0.9996052112120015,16458,0,13,99.92107340173638,0.9996052112120015,0.0,0.0,assemblies/Saimiri_sciureus__Saimiri_boliviensis__d30__r0.fasta
Saimiri_sciureus,Saimiri_boliviensis,same-genus,20,2,2197,16462,92.27360510826111,,99.94535850889442,0.9994535850889442,1.0,0.9997267178817599,16462,0,9,0.0060734892195566355,0.00024282158683907,99.93928501967486,0.9994838962949208,assemblies/Saimiri_sciureus__Saimiri_boliviensis__d20__r2.fasta
Saimiri_sciureus,Saimiri_boliviensis,same-genus,30,1,3295,16459,85.47351741790771,,99.92714467852589,0.9992714467852589,1.0,0.9996355906468266,16459,0,12,0.015186951371381709,0.0006069434328720564,99.91195772715452,0.9990286472139546,assemblies/Saimiri_sciureus__Saimiri_boliviensis__d30__r1.fasta
Saimiri_sciureus,Saimiri_boliviensis,same-genus,30,2,3295,16455,80.65762591362,,99.90285957136786,0.9990285957136786,1.0,0.9995140618356314,16455,0,16,99.90285957136786,0.9995140618356314,0.0,0.0,assemblies/Saimiri_sciureus__Saimiri_boliviensis__d30__r2.fasta
Saimiri_sciureus,Aotus_azarai,same-order,15,0,1656,16542,88.4294273853302,,99.92147387496225,0.9992147387496225,1.0,0.9996072151554521,16542,0,13,99.92147387496225,0.9996072151554521,0.0,0.0,assemblies/Saimiri_sciureus__Aotus_azarai__d15__r0.fasta
Saimiri_sciureus,Aotus_azarai,same-order,20,1,2208,16548,84.99168634414673,,99.95771670190275,0.9995771670190274,1.0,0.9997885388031296,16548,0,7,99.95771670190275,0.9997885388031296,0.0,0.0,assemblies/Saimiri_sciureus__Aotus_azarai__d20__r1.fasta
Saimiri_sciureus,Aotus_azarai,same-order,15,1,1656,16528,86.3191225528717,,99.83690727876774,0.9983690727876774,1.0,0.9991838708702354,16528,0,27,99.83690727876774,0.9991838708702354,0.0,0.0,assemblies/Saimiri_sciureus__Aotus_azarai__d15__r1.fasta
Saimiri_sciureus,Aotus_azarai,same-order,10,0,1104,16511,94.57031273841858,,99.734219269103,0.9973421926910299,1.0,0.9986693280106453,16511,0,44,0.009073861230415583,0.0003623626041792487,99.72514540787257,0.9983069654064661,assemblies/Saimiri_sciureus__Aotus_azarai__d10__r0.fasta
Saimiri_sciureus,Aotus_azarai,same-order,15,2,1656,16541,76.9807493686676,,99.9154334038055,0.999154334038055,1.0,0.9995769881556684,16541,0,14,99.9154334038055,0.9995769881556684,0.0,0.0,assemblies/Saimiri_sciureus__Aotus_azarai__d15__r2.fasta
Saimiri_sciureus,Varecia_variegata,same-order,20,2,2262,11150,71.11924195289612,,65.72354848216918,0.6572354848216917,1.0,0.7931709052107416,11150,0,5815,0.04626993166287016,0.0015313935681470138,65.6772785505063,0.7916395116425946,assemblies/Saimiri_sciureus__Varecia_variegata__d20__r2.fasta
Saimiri_sciureus,Gorilla_gorilla,same-order,30,2,3273,16330,187.2749330997467,,99.79222683940357,0.9979222683940356,1.0,0.9989600538325075,16330,0,34,99.79222683940357,0.9989600538325075,0.0,0.0,assemblies/Saimiri_sciureus__Gorilla_gorilla__d30__r2.fasta
Saimiri_sciureus,Aotus_azarai,same-order,20,0,2208,16550,94.33350706100464,,99.96979764421624,0.9996979764421625,1.0,0.9998489654130797,16550,0,5,99.96979764421624,0.9998489654130797,0.0,0.0,assemblies/Saimiri_sciureus__Aotus_azarai__d20__r0.fasta
Saimiri_sciureus,Aotus_azarai,same-order,20,2,2208,16535,92.00519728660583,,99.879190576865,0.99879190576865,1.0,0.9993955877908733,16535,0,20,99.879190576865,0.9993955877908733,0.0,0.0,assemblies/Saimiri_sciureus__Aotus_azarai__d20__r2.fasta
Saimiri_sciureus,Aotus_azarai,same-order,30,0,3311,16545,83.91221833229065,,99.9395952884325,0.9993959528843249,1.0,0.9996978851963746,16545,0,10,99.9395952884325,0.9996978851963746,0.0,0.0,assemblies/Saimiri_sciureus__Aotus_azarai__d30__r0.fasta
Saimiri_sciureus,Aotus_azarai,same-order,30,2,3311,16548,86.18814253807068,,99.95771670190275,0.9995771670190274,1.0,0.9997885388031296,16548,0,7,99.95771670190275,0.9997885388031296,0.0,0.0,assemblies/Saimiri_sciureus__Aotus_azarai__d30__r2.fasta
Saimiri_sciureus,Varecia_variegata,same-order,20,1,2262,13188,81.41423916816711,,77.73651635720601,0.7773651635720601,1.0,0.8747388319570193,13188,0,3777,0.029858668966890052,0.0010604453870625662,77.70665768823912,0.8736783865699568,assemblies/Saimiri_sciureus__Varecia_variegata__d20__r1.fasta
Saimiri_sciureus,Aotus_azarai,same-order,30,1,3311,16550,100.04892563819885,,99.96979764421624,0.9996979764421625,1.0,0.9998489654130797,16550,0,5,99.96979764421624,0.9998489654130797,0.0,0.0,assemblies/Saimiri_sciureus__Aotus_azarai__d30__r1.fasta
Aotus_azarai,Homo_sapiens,same-order,15,0,1657,8658,70.38255834579468,,52.25420966865834,0.5225420966865834,1.0,0.6864074206207635,8658,0,7911,52.25420966865834,0.6864074206207635,0.0,0.0,assemblies/Aotus_azarai__Homo_sapiens__d15__r0.fasta
Aotus_azarai,Homo_sapiens,same-order,20,0,2210,9243,72.52342462539673,,55.78489951113525,0.5578489951113526,1.0,0.7161785216178522,9243,0,7326,55.78489951113525,0.7161785216178522,0.0,0.0,assemblies/Aotus_azarai__Homo_sapiens__d20__r0.fasta
Aotus_azarai,Homo_sapiens,same-order,20,1,2210,9891,70.73542761802673,,59.6958174904943,0.596958174904943,1.0,0.7476190476190476,9891,0,6678,59.6958174904943,0.7476190476190476,0.0,0.0,assemblies/Aotus_azarai__Homo_sapiens__d20__r1.fasta
Saimiri_sciureus,Varecia_variegata,same-order,30,1,3393,16950,92.65773415565491,,99.91158267020336,0.9991158267020336,1.0,0.9995577178239716,16950,0,15,99.91158267020336,0.9995577178239716,0.0,0.0,assemblies/Saimiri_sciureus__Varecia_variegata__d30__r1.fasta
Aotus_azarai,Homo_sapiens,same-order,30,0,3314,13460,79.21583914756775,,81.23604321322952,0.8123604321322953,1.0,0.8964667488094842,13460,0,3109,81.23604321322952,0.8964667488094842,0.0,0.0,assemblies/Aotus_azarai__Homo_sapiens__d30__r0.fasta
Saimiri_sciureus,Varecia_variegata,same-order,30,0,3393,15684,95.64481735229492,,92.44916003536693,0.9244916003536693,1.0,0.9607644950840761,15684,0,1281,92.44916003536693,0.9607644950840761,0.0,0.0,assemblies/Saimiri_sciureus__Varecia_variegata__d30__r0.fasta
Saimiri_sciureus,Varecia_variegata,same-order,30,2,3393,16946,99.44240236282349,,99.88800471559092,0.9988800471559093,1.0,0.9994397098286693,16946,0,19,99.88800471559092,0.9994397098286693,0.0,0.0,assemblies/Saimiri_sciureus__Varecia_variegata__d30__r2.fasta
Aotus_azarai,Homo_sapiens,same-order,30,1,3314,13461,76.11688280105591,,81.24207858048162,0.8124207858048162,1.0,0.8965034965034965,13461,0,3108,81.24207858048162,0.8965034965034965,0.0,0.0,assemblies/Aotus_azarai__Homo_sapiens__d30__r1.fasta
Aotus_azarai,Gorilla_gorilla,same-order,15,1,1637,10907,72.71069741249084,,66.65240772427279,0.6665240772427279,1.0,0.7998973268306993,10907,0,5457,66.65240772427279,0.7998973268306993,0.0,0.0,assemblies/Aotus_azarai__Gorilla_gorilla__d15__r1.fasta
Aotus_azarai,Homo_sapiens,same-order,30,2,3314,13451,81.72554302215576,,81.18172490796064,0.8118172490796065,1.0,0.8961359093937376,13451,0,3118,81.18172490796064,0.8961359093937376,0.0,0.0,assemblies/Aotus_azarai__Homo_sapiens__d30__r2.fasta
Aotus_azarai,Gorilla_gorilla,same-order,20,1,2182,12246,72.92732334136963,,74.83500366658518,0.7483500366658519,1.0,0.8560643131772107,12246,0,4118,74.83500366658518,0.8560643131772107,0.0,0.0,assemblies/Aotus_azarai__Gorilla_gorilla__d20__r1.fasta
Aotus_azarai,Gorilla_gorilla,same-order,20,2,2182,13379,77.66220998764038,,81.75873869469568,0.8175873869469568,1.0,0.8996402514877451,13379,0,2985,0.0,0.0,81.75873869469568,0.8996402514877451,assemblies/Aotus_azarai__Gorilla_gorilla__d20__r2.fasta
Aotus_azarai,Gorilla_gorilla,same-order,30,2,3273,16330,84.77768063545227,,99.79222683940357,0.9979222683940356,1.0,0.9989600538325075,16330,0,34,99.79222683940357,0.9989600538325075,0.0,0.0,assemblies/Aotus_azarai__Gorilla_gorilla__d30__r2.fasta
Aotus_azarai,Gorilla_gorilla,same-order,30,1,3273,16362,90.86774563789368,,99.98777804937669,0.9998777804937669,1.0,0.9999388865122533,16362,0,2,0.0,0.0,99.98777804937669,0.9999388865122533,assemblies/Aotus_azarai__Gorilla_gorilla__d30__r1.fasta
Aotus_azarai,Saimiri_boliviensis,same-order,15,0,1648,16426,85.86601686477661,,99.7267925444721,0.997267925444721,1.0,0.9986320941119251,16426,0,45,99.7267925444721,0.9986320941119251,0.0,0.0,assemblies/Aotus_azarai__Saimiri_boliviensis__d15__r0.fasta
Aotus_azarai,Gorilla_gorilla,same-order,30,0,3273,16364,95.52340030670166,,100.0,1.0,1.0,1.0,16364,0,0,0.0,0.0,100.0,1.0,assemblies/Aotus_azarai__Gorilla_gorilla__d30__r0.fasta
Aotus_azarai,Saimiri_boliviensis,same-order,20,1,2197,16455,83.58676171302795,,99.90285957136786,0.9990285957136786,1.0,0.9995140618356314,16455,0,16,0.0,0.0,99.90285957136786,0.9995140618356314,assemblies/Aotus_azarai__Saimiri_boliviensis__d20__r1.fasta
Aotus_azarai,Saimiri_boliviensis,same-order,10,1,1099,16429,92.83328557014465,,99.74500637484063,0.9974500637484063,1.0,0.9987234042553191,16429,0,42,99.74500637484063,0.9987234042553191,0.0,0.0,assemblies/Aotus_azarai__Saimiri_boliviensis__d10__r1.fasta
Aotus_azarai,Saimiri_boliviensis,same-order,15,1,1648,16416,93.96362328529358,,99.66607977657702,0.9966607977657701,1.0,0.9983276066530847,16416,0,55,0.003040807638508788,0.00012141816415735794,99.66303896893851,0.9982061884889274,assemblies/Aotus_azarai__Saimiri_boliviensis__d15__r1.fasta
Aotus_azarai,Saimiri_boliviensis,same-order,20,0,2197,16461,84.11731004714966,,99.93928723210492,0.9993928723210491,1.0,0.9996963439815377,16461,0,10,0.0,0.0,99.93928723210492,0.9996963439815377,assemblies/Aotus_azarai__Saimiri_boliviensis__d20__r0.fasta
Aotus_azarai,Saimiri_boliviensis,same-order,20,2,2197,16462,84.40242385864258,,99.94535850889442,0.9994535850889442,1.0,0.9997267178817599,16462,0,9,0.0060734892195566355,0.00024282158683907,99.93928501967486,0.9994838962949208,assemblies/Aotus_azarai__Saimiri_boliviensis__d20__r2.fasta
Aotus_azarai,Saimiri_boliviensis,same-order,30,0,3295,16458,80.22310495376587,,99.92107340173638,0.9992107340173638,1.0,0.9996052112120015,16458,0,13,99.92107340173638,0.9996052112120015,0.0,0.0,assemblies/Aotus_azarai__Saimiri_boliviensis__d30__r0.fasta
Aotus_azarai,Saimiri_boliviensis,same-order,30,1,3295,16459,82.10477113723755,,99.92714467852589,0.9992714467852589,1.0,0.9996355906468266,16459,0,12,0.015186951371381709,0.0006069434328720564,99.91195772715452,0.9990286472139546,assemblies/Aotus_azarai__Saimiri_boliviensis__d30__r1.fasta
Aotus_azarai,Saimiri_boliviensis,same-order,15,2,1648,16463,88.19827890396118,,99.95142978568393,0.9995142978568393,1.0,0.9997570899374507,16463,0,8,99.95142978568393,0.9997570899374507,0.0,0.0,assemblies/Aotus_azarai__Saimiri_boliviensis__d15__r2.fasta
Aotus_azarai,Saimiri_sciureus,same-order,8,1,879,9658,52.917301416397095,,58.62571324511351,0.5862571324511351,1.0,0.7391703658349915,9658,0,6816,0.00382687229727144,0.00012139605462822459,58.621886372816235,0.7390489697803633,assemblies/Aotus_azarai__Saimiri_sciureus__d8__r1.fasta
Aotus_azarai,Saimiri_boliviensis,same-order,30,2,3295,16455,85.90710783004761,,99.90285957136786,0.9990285957136786,1.0,0.9995140618356314,16455,0,16,99.90285957136786,0.9995140618356314,0.0,0.0,assemblies/Aotus_azarai__Saimiri_boliviensis__d30__r2.fasta
Aotus_azarai,Saimiri_sciureus,same-order,15,2,1648,16462,77.95829176902771,,99.92715794585408,0.9992715794585407,1.0,0.9996356570318193,16462,0,12,0.015184645286686104,0.000606832938891923,99.9119733005674,0.9990288240929274,assemblies/Aotus_azarai__Saimiri_sciureus__d15__r2.fasta
Aotus_azarai,Saimiri_sciureus,same-order,15,1,1648,16457,74.8098075389862,,99.89680708995994,0.9989680708995994,1.0,0.9994837690929519,16457,0,17,99.89680708995994,0.9994837690929519,0.0,0.0,assemblies/Aotus_azarai__Saimiri_sciureus__d15__r1.fasta
Aotus_azarai,Saimiri_sciureus,same-order,20,0,2197,16464,76.99310421943665,,99.93929828821173,0.9993929828821173,1.0,0.9996963992956464,16464,0,10,0.0182210209845425,0.0007281553398058253,99.92107726722719,0.9989682439558405,assemblies/Aotus_azarai__Saimiri_sciureus__d20__r0.fasta
Aotus_azarai,Saimiri_sciureus,same-order,15,0,1648,16465,81.96828603744507,,99.94536845939055,0.9994536845939056,1.0,0.9997267676614349,16465,0,9,0.0,0.0,99.94536845939055,0.9997267676614349,assemblies/Aotus_azarai__Saimiri_sciureus__d15__r0.fasta
Aotus_azarai,Saimiri_sciureus,same-order,20,2,2197,16467,77.62726783752441,,99.9575088017482,0.9995750880174821,1.0,0.999787498861601,16467,0,7,0.0,0.0,99.9575088017482,0.999787498861601,assemblies/Aotus_azarai__Saimiri_sciureus__d20__r2.fasta
Aotus_azarai,Saimiri_sciureus,same-order,20,1,2197,16463,79.35854411125183,,99.9332281170329,0.999332281170329,1.0,0.9996660290858305,16463,0,11,0.006072751563733527,0.0002427773731488225,99.92715536546916,0.9994232517126816,assemblies/Aotus_azarai__Saimiri_sciureus__d20__r1.fasta
Aotus_azarai,Saimiri_sciureus,same-order,30,0,3295,16471,83.41278958320618,,99.98178948646351,0.9998178948646352,1.0,0.9999089391409925,16471,0,3,99.98178948646351,0.9999089391409925,0.0,0.0,assemblies/Aotus_azarai__Saimiri_sciureus__d30__r0.fasta
Aotus_azarai,Varecia_variegata,same-order,20,0,2262,11982,71.00409817695618,,70.62776304155615,0.7062776304155615,1.0,0.8278578090993884,11982,0,4983,0.04148086695011926,0.0014136773281498499,70.58628217460603,0.8264441317712385,assemblies/Aotus_azarai__Varecia_variegata__d20__r0.fasta
Aotus_azarai,Varecia_variegata,same-order,20,2,2262,12000,65.5844829082489,,70.73386383731211,0.7073386383731212,1.0,0.8285862247540136,12000,0,4965,0.044911213984661094,0.0015313935681470138,70.68895262332745,0.8270548311858665,assemblies/Aotus_azarai__Varecia_variegata__d20__r2.fasta
Aotus_azarai,Saimiri_sciureus,same-order,30,2,3295,16460,84.79941987991333,,99.91501760349642,0.9991501760349641,1.0,0.9995749073905387,16460,0,14,99.91501760349642,0.9995749073905387,0.0,0.0,assemblies/Aotus_azarai__Saimiri_sciureus__d30__r2.fasta
Aotus_azarai,Varecia_variegata,same-order,20,1,2262,13188,71.94352912902832,,77.73651635720601,0.7773651635720601,1.0,0.8747388319570193,13188,0,3777,0.029858668966890052,0.0010604453870625662,77.70665768823912,0.8736783865699568,assemblies/Aotus_azarai__Varecia_variegata__d20__r1.fasta
Aotus_azarai,Saimiri_sciureus,same-order,30,1,3295,16468,97.82588291168213,,99.96357897292704,0.9996357897292704,1.0,0.9998178616963147,16468,0,6,0.0,0.0,99.96357897292704,0.9998178616963147,assemblies/Aotus_azarai__Saimiri_sciureus__d30__r1.fasta
Aotus_azarai,Varecia_variegata,same-order,30,1,3393,16950,77.83753538131714,,99.91158267020336,0.9991158267020336,1.0,0.9995577178239716,16950,0,15,99.91158267020336,0.9995577178239716,0.0,0.0,assemblies/Aotus_azarai__Varecia_variegata__d30__r1.fasta
Aotus_azarai,Varecia_variegata,same-order,30,0,3393,15684,81.3846206665039,,92.44916003536693,0.9244916003536693,1.0,0.9607644950840761,15684,0,1281,92.44916003536693,0.9607644950840761,0.0,0.0,assemblies/Aotus_azarai__Varecia_variegata__d30__r0.fasta
Varecia_variegata,Homo_sapiens,same-order,30,0,3314,7172,55.63599872589111,,43.28565393204177,0.4328565393204176,1.0,0.6041868497535908,7172,0,9397,43.28565393204177,0.6041868497535908,0.0,0.0,assemblies/Varecia_variegata__Homo_sapiens__d30__r0.fasta
Aotus_azarai,Varecia_variegata,same-order,30,2,3393,16946,90.21647644042969,,99.88800471559092,0.9988800471559093,1.0,0.9994397098286693,16946,0,19,99.88800471559092,0.9994397098286693,0.0,0.0,assemblies/Aotus_azarai__Varecia_variegata__d30__r2.fasta
Varecia_variegata,Homo_sapiens,same-order,30,2,3314,12346,72.99444389343262,,74.51264409439314,0.7451264409439314,1.0,0.8539512363825004,12346,0,4223,74.51264409439314,0.8539512363825004,0.0,0.0,assemblies/Varecia_variegata__Homo_sapiens__d30__r2.fasta
Varecia_variegata,Saimiri_boliviensis,same-order,30,0,3295,16425,84.89511632919312,,99.72072126768259,0.9972072126768259,1.0,0.998601653696498,16425,0,46,0.006080321040950962,0.00024282158683907,99.71464094664164,0.9983588321096589,assemblies/Varecia_variegata__Saimiri_boliviensis__d30__r0.fasta
Varecia_variegata,Saimiri_boliviensis,same-order,30,1,3295,16459,80.06690526008606,,99.92714467852589,0.9992714467852589,1.0,0.9996355906468266,16459,0,12,0.015186951371381709,0.0006069434328720564,99.91195772715452,0.9990286472139546,assemblies/Varecia_variegata__Saimiri_boliviensis__d30__r1.fasta
Varecia_variegata,Saimiri_boliviensis,same-order,30,2,3295,16438,80.64301037788391,,99.79964786594621,0.9979964786594621,1.0,0.9989972347989912,16438,0,33,99.79964786594621,0.9989972347989912,0.0,0.0,assemblies/Varecia_variegata__Saimiri_boliviensis__d30__r2.fasta
Varecia_variegata,Saimiri_sciureus,same-order,30,0,3295,15040,78.8842499256134,,91.29537452956173,0.9129537452956173,1.0,0.9544964142920607,15040,0,1434,91.29537452956173,0.9544964142920607,0.0,0.0,assemblies/Varecia_variegata__Saimiri_sciureus__d30__r0.fasta
Varecia_variegata,Saimiri_sciureus,same-order,30,2,3295,16456,78.42450523376465,,99.89073691878112,0.9989073691878111,1.0,0.9994533859702399,16456,0,18,99.89073691878112,0.9994533859702399,0.0,0.0,assemblies/Varecia_variegata__Saimiri_sciureus__d30__r2.fasta
Varecia_variegata,Aotus_azarai,same-order,20,1,2208,9147,57.89640235900879,,55.25218967079432,0.5525218967079433,1.0,0.7117734028480275,9147,0,7408,55.25218967079432,0.7117734028480275,0.0,0.0,assemblies/Varecia_variegata__Aotus_azarai__d20__r1.fasta
Varecia_variegata,Saimiri_sciureus,same-order,30,1,3295,16468,84.04570388793945,,99.96357897292704,0.9996357897292704,1.0,0.9998178616963147,16468,0,6,0.0,0.0,99.96357897292704,0.9998178616963147,assemblies/Varecia_variegata__Saimiri_sciureus__d30__r1.fasta
Varecia_variegata,Aotus_azarai,same-order,20,2,2208,13425,64.11004281044006,,81.0933252793718,0.8109332527937179,1.0,0.8955970647098065,13425,0,3130,0.010008006405124099,0.0003623626041792487,81.08331727296667,0.8952347021056273,assemblies/Varecia_variegata__Aotus_azarai__d20__r2.fasta
Varecia_variegata,Aotus_azarai,same-order,20,0,2208,9621,58.94493913650513,,58.11537299909393,0.5811537299909393,1.0,0.7351008557457213,9621,0,6934,58.11537299909393,0.7351008557457213,0.0,0.0,assemblies/Varecia_variegata__Aotus_azarai__d20__r0.fasta
Varecia_variegata,Aotus_azarai,same-order,30,2,3311,16548,62.644041299819946,,99.95771670190275,0.9995771670190274,1.0,0.9997885388031296,16548,0,7,99.95771670190275,0.9997885388031296,0.0,0.0,assemblies/Varecia_variegata__Aotus_azarai__d30__r2.fasta
Varecia_variegata,Aotus_azarai,same-order,30,0,3311,14419,61.13196563720703,,87.09755360918152,0.8709755360918152,1.0,0.9310389358817073,14419,0,2136,87.09755360918152,0.9310389358817073,0.0,0.0,assemblies/Varecia_variegata__Aotus_azarai__d30__r0.fasta
Varecia_variegata,Aotus_azarai,same-order,30,1,3311,16550,59.63816237449646,,99.96979764421624,0.9996979764421625,1.0,0.9998489654130797,16550,0,5,99.96979764421624,0.9998489654130797,0.0,0.0,assemblies/Varecia_variegata__Aotus_azarai__d30__r1.fasta
