reference,target,divergence,depth,replicate,n_reads,n_placed,n_unplaced,n_chunks,n_contigs_before_merge,n_contigs_after_merge,theta_len,identity_pct,recall,precision,f1,c_theta,w_theta,u_t
Macaca_silenus,Macaca_tonkeana,same-genus,1,1,111,49,62,37,37,2,12491,70.12798840859696,0.740391357001721,0.9302474573556498,0.8245315161839865,11616,871,4073
Macaca_silenus,Macaca_tonkeana,same-genus,1,0,111,56,55,37,37,1,16541,93.97030420086915,0.9982687868684278,0.9416923728300974,0.9691555915216782,15569,964,27
Macaca_silenus,Macaca_tonkeana,same-genus,2,1,221,102,119,37,37,2,12491,71.10601304032842,0.7430446028641726,0.9432209497877793,0.8312513233114547,11778,709,4073
Macaca_silenus,Macaca_tonkeana,same-genus,3,0,332,140,192,37,37,2,11850,68.63680270466071,0.7068954796990611,0.9597332432888739,0.8141358444627448,11369,477,4714
Macaca_silenus,Macaca_tonkeana,same-genus,1,2,111,48,63,37,37,1,16541,93.79526798647996,0.9982655617652727,0.9399383052077663,0.9682242990654206,15540,993,27
Macaca_silenus,Macaca_tonkeana,same-genus,2,0,221,105,116,37,37,1,16543,94.79116368903911,0.998410680228862,0.9498034472331418,0.9735006973500698,15705,830,25
Macaca_silenus,Macaca_tonkeana,same-genus,3,2,332,153,179,37,37,1,16541,95.47923708353453,0.9982960999621355,0.9568136454363999,0.9771147966274437,15819,714,27
Macaca_silenus,Macaca_tonkeana,same-genus,4,0,442,188,254,37,37,2,12491,71.58295097802463,0.7443188951663527,0.9495475294306078,0.834500475067741,11857,630,4073
Macaca_silenus,Macaca_tonkeana,same-genus,4,1,442,201,241,37,37,1,16541,95.61202317720908,0.9982984623140913,0.9581443174257546,0.9778093268726273,15841,692,27
Macaca_silenus,Macaca_tonkeana,same-genus,5,1,552,220,332,37,37,2,12491,71.35957498188843,0.7437236519222299,0.9465844478257388,0.8329809725158562,11820,667,4073
Macaca_silenus,Macaca_tonkeana,same-genus,2,2,221,110,111,37,37,1,16541,94.64027040077258,0.9982810212007385,0.9484062178672957,0.9727047146401986,15680,853,27
Macaca_silenus,Macaca_tonkeana,same-genus,4,2,442,176,266,37,37,2,12491,71.34750060371891,0.7436913976464665,0.9464242812525026,0.832898724363944,11818,669,4073
Macaca_silenus,Macaca_tonkeana,same-genus,5,0,552,230,322,37,37,2,12491,71.59502535619416,0.7443509917147878,0.949707696003844,0.8345824976248284,11859,628,4073
Macaca_silenus,Macaca_tonkeana,same-genus,3,1,332,144,188,37,37,1,16541,95.39473684210526,0.9982945932289035,0.955966854170447,0.976672331221999,15805,728,27
Macaca_silenus,Macaca_tonkeana,same-genus,5,2,552,246,306,37,37,2,12491,71.80028978507607,0.7448954027308029,0.9524305277488588,0.8359751168593821,11893,594,4073
Macaca_tonkeana,Macaca_silenus,same-genus,1,1,111,50,61,37,37,1,16560,93.75301786576533,0.9994852326105141,0.9395149095747898,0.9685726756874726,15533,1000,8
Macaca_silenus,Macaca_tonkeana,same-genus,7,1,773,315,458,37,37,2,12491,71.92707075585608,0.7452304997810721,0.9541122767678386,0.8368336025848143,11914,573,4073
Macaca_tonkeana,Macaca_silenus,same-genus,2,0,221,109,112,37,37,1,16560,95.06880733944953,0.9994923535757345,0.9527006592874856,0.9755357364053016,15751,782,8
Macaca_tonkeana,Macaca_silenus,same-genus,1,0,111,57,54,37,37,1,16560,93.63833896668277,0.9994846024996779,0.9383656928567108,0.9679613164872873,15514,1019,8
Macaca_tonkeana,Macaca_silenus,same-genus,1,2,111,51,60,37,37,1,16560,94.01859005311444,0.9994866859159448,0.9421762535534991,0.9699856778130643,15577,956,8
Macaca_silenus,Macaca_tonkeana,same-genus,6,1,663,306,357,37,37,2,12491,71.78217821782178,0.7448474597506735,0.9521902778890046,0.8358523725834798,11890,597,4073
Macaca_silenus,Macaca_tonkeana,same-genus,6,0,663,282,381,37,37,2,12491,71.8606616759237,0.7450550826239359,0.9532313606150397,0.8363840775743948,11903,584,4073
Macaca_silenus,Macaca_tonkeana,same-genus,8,0,884,395,489,37,37,3,7800,45.283816425120776,0.4612214773356295,0.9614102564102565,0.6233841805561329,7499,301,8760
Macaca_silenus,Macaca_tonkeana,same-genus,7,0,773,361,412,37,37,3,7800,45.380434782608695,0.46175115207373274,0.9634615384615385,0.6242990654205608,7515,285,8760
Macaca_silenus,Macaca_tonkeana,same-genus,8,1,884,396,488,37,37,2,12491,71.99347983578846,0.7454056757094637,0.9549931929206374,0.8372827804107426,11925,562,4073
Macaca_silenus,Macaca_tonkeana,same-genus,7,2,773,342,431,37,37,1,16541,95.91380975374216,0.998303807010931,0.9611685719470151,0.9793843024868262,15891,642,27
Macaca_silenus,Macaca_tonkeana,same-genus,6,2,663,279,384,37,37,1,16541,95.85345243843554,0.9983027407593663,0.960563721042763,0.9790696957553712,15881,652,27
Macaca_silenus,Macaca_tonkeana,same-genus,8,2,884,367,517,37,37,1,16541,95.92588121680348,0.9983040201005026,0.9612895421278654,0.9794472005669738,15893,640,27
Macaca_tonkeana,Macaca_silenus,same-genus,2,1,221,103,118,37,37,1,16560,94.90584258812169,0.999491482329011,0.9510675618460049,0.9746784441345111,15724,809,8
Macaca_tonkeana,Macaca_silenus,same-genus,2,2,221,97,124,37,37,1,16560,94.70062771607918,0.9994903809402471,0.9490110687715478,0.9735968477552667,15690,843,8
Macaca_tonkeana,Macaca_silenus,same-genus,3,1,331,154,177,37,37,2,9810,56.0635342432661,0.5790655604765766,0.9479219850913918,0.7189436183395291,9283,510,6748
Macaca_tonkeana,Macaca_silenus,same-genus,3,2,331,141,190,37,37,2,12510,71.19565217391305,0.7443181818181818,0.9438795933071812,0.8323038367865588,11790,701,4050
Macaca_tonkeana,Macaca_silenus,same-genus,3,0,331,149,182,37,37,2,12510,71.31038647342996,0.7446245034365344,0.9454006884957169,0.8330864197530864,11809,682,4050
Macaca_tonkeana,Macaca_silenus,same-genus,4,0,442,204,238,37,37,1,16560,95.42491549975857,0.9994942470603111,0.956269279622573,0.977404098791382,15810,723,8
Macaca_tonkeana,Macaca_silenus,same-genus,4,2,442,199,243,37,37,1,16560,95.55770159343312,0.9994949494949495,0.9575999516119277,0.9780990331449048,15832,701,8
Macaca_tonkeana,Macaca_silenus,same-genus,4,1,442,195,247,37,37,1,16560,95.39473684210526,0.9994940871434895,0.955966854170447,0.9772460273294998,15805,728,8
Macaca_tonkeana,Macaca_silenus,same-genus,5,0,552,249,303,37,37,1,16560,95.4671656204732,0.9994944707740916,0.9566926752555495,0.9776253167686506,15817,716,8
Macaca_tonkeana,Macaca_silenus,same-genus,5,1,552,242,310,37,37,2,9810,56.12392801062931,0.5793279720715666,0.9489431226386195,0.7194394983355268,9293,500,6748
Macaca_tonkeana,Macaca_silenus,same-genus,5,2,552,245,307,37,37,2,9810,56.25075492209204,0.5798779728551862,0.9510875114877974,0.7204795977567202,9314,479,6748
Macaca_tonkeana,Macaca_silenus,same-genus,6,0,662,283,379,37,37,3,9810,56.383621210291096,0.5804526237254415,0.9533340140916982,0.7215674150790277,9336,457,6748
Macaca_tonkeana,Macaca_silenus,same-genus,6,1,662,311,351,37,37,1,16560,95.69048768710768,0.9994956499810869,0.9589306236012823,0.9787930236147554,15854,679,8
Macaca_tonkeana,Macaca_silenus,same-genus,6,2,662,281,381,37,37,1,16560,95.75688073394495,0.9994959994959995,0.9595959595959596,0.9791396654940443,15865,668,8
Macaca_tonkeana,Macaca_silenus,same-genus,7,0,772,343,429,37,37,2,9810,56.21451866167411,0.5797209765819631,0.9504748289594609,0.7201825989399977,9308,485,6748
Macaca_tonkeana,Macaca_silenus,same-genus,7,1,772,347,425,37,37,3,9810,56.25075492209204,0.5798779728551862,0.9510875114877974,0.7204795977567202,9314,479,6748
Macaca_tonkeana,Macaca_silenus,same-genus,8,0,883,430,453,37,37,3,9810,56.31718806619157,0.5801654949293846,0.9522107627897478,0.7210237377251991,9325,468,6748
Macaca_tonkeana,Macaca_silenus,same-genus,7,2,772,353,419,37,37,1,16560,95.85345243843554,0.9994965070174334,0.960563721042763,0.9796434519770527,15881,652,8
Macaca_tonkeana,Macaca_silenus,same-genus,8,1,883,376,507,37,37,1,16560,95.9862385321101,0.9994972031927597,0.9618943930321175,0.9803353470595486,15903,630,8
Macaca_tonkeana,Macaca_silenus,same-genus,8,2,883,386,497,37,37,2,9810,56.25075492209204,0.5798779728551862,0.9510875114877974,0.7204795977567202,9314,479,6748
