divergence,reference,target,depth,replicate,method,n_reads,iteration,f1,wall_s_total_run,peak_rss_kb
same-genus,Saimiri_boliviensis,Saimiri_sciureus,1,0,asem_no_recursion,110,1,0.9996356570318193,0.41620898246765137,169868
same-genus,Saimiri_boliviensis,Saimiri_sciureus,1,0,asem_no_recursion,110,2,0.9996356570318193,0.41620898246765137,169868
same-genus,Saimiri_boliviensis,Saimiri_sciureus,1,0,asem_recursion,110,1,0.9996356570318193,0.36638450622558594,170092
same-genus,Saimiri_boliviensis,Saimiri_sciureus,1,0,asem_recursion,110,2,0.9996356570318193,0.36638450622558594,170092
same-genus,Saimiri_boliviensis,Saimiri_sciureus,1,0,srsc,110,1,0.9996356570318193,12.410710334777832,162408
same-genus,Saimiri_boliviensis,Saimiri_sciureus,1,1,asem_no_recursion,110,1,0.9996963992956462,0.35074520111083984,169968
same-genus,Saimiri_boliviensis,Saimiri_sciureus,1,1,asem_no_recursion,110,2,0.9996963992956462,0.35074520111083984,169968
same-genus,Saimiri_boliviensis,Saimiri_sciureus,1,1,asem_recursion,110,1,0.9996963992956462,0.32875657081604004,169760
same-genus,Saimiri_boliviensis,Saimiri_sciureus,1,1,asem_recursion,110,2,0.9996963992956462,0.32875657081604004,169760
same-genus,Saimiri_boliviensis,Saimiri_sciureus,1,1,srsc,110,1,0.9996963992956462,14.434509754180908,162816
same-genus,Saimiri_boliviensis,Saimiri_sciureus,1,2,asem_no_recursion,110,1,0.9996356570318193,0.45152831077575684,169696
same-genus,Saimiri_boliviensis,Saimiri_sciureus,1,2,asem_no_recursion,110,2,0.9996356570318193,0.45152831077575684,169696
same-genus,Saimiri_boliviensis,Saimiri_sciureus,1,2,asem_recursion,110,1,0.9996356570318193,0.591106653213501,169576
same-genus,Saimiri_boliviensis,Saimiri_sciureus,1,2,asem_recursion,110,2,0.9996356570318193,0.591106653213501,169576
same-genus,Saimiri_boliviensis,Saimiri_sciureus,1,2,srsc,110,1,0.9996356570318193,14.14425015449524,162556
same-genus,Saimiri_boliviensis,Saimiri_sciureus,2,0,asem_no_recursion,220,1,0.9998178616963147,0.6468017101287842,170156
same-genus,Saimiri_boliviensis,Saimiri_sciureus,2,0,asem_no_recursion,220,2,0.9998178616963147,0.6468017101287842,170156
same-genus,Saimiri_boliviensis,Saimiri_sciureus,2,0,asem_recursion,220,1,0.9998178616963147,0.716008186340332,169808
same-genus,Saimiri_boliviensis,Saimiri_sciureus,2,0,asem_recursion,220,2,0.9998178616963147,0.716008186340332,169808
same-genus,Saimiri_boliviensis,Saimiri_sciureus,2,0,srsc,220,1,0.9998178616963147,12.754743814468384,162148
same-genus,Saimiri_boliviensis,Saimiri_sciureus,2,1,asem_no_recursion,220,1,0.9997571341833636,0.6373026371002197,170096
same-genus,Saimiri_boliviensis,Saimiri_sciureus,2,1,asem_no_recursion,220,2,0.9997571341833636,0.6373026371002197,170096
same-genus,Saimiri_boliviensis,Saimiri_sciureus,2,1,asem_recursion,220,1,0.9997571341833636,0.685417652130127,170148
same-genus,Saimiri_boliviensis,Saimiri_sciureus,2,1,asem_recursion,220,2,0.9997571341833636,0.685417652130127,170148
same-genus,Saimiri_boliviensis,Saimiri_sciureus,2,1,srsc,220,1,0.9997571341833636,13.803317546844482,162432
same-genus,Saimiri_boliviensis,Saimiri_sciureus,2,2,asem_no_recursion,220,1,0.9997267676614348,1.346440076828003,170068
same-genus,Saimiri_boliviensis,Saimiri_sciureus,2,2,asem_no_recursion,220,2,0.9997267676614348,1.346440076828003,170068
same-genus,Saimiri_boliviensis,Saimiri_sciureus,2,2,asem_recursion,220,1,0.9997267676614348,1.0076398849487305,169364
same-genus,Saimiri_boliviensis,Saimiri_sciureus,2,2,asem_recursion,220,2,0.9997267676614348,1.0076398849487305,169364
same-genus,Saimiri_boliviensis,Saimiri_sciureus,2,2,srsc,220,1,0.9998178616963147,16.509507179260254,162580
same-genus,Saimiri_boliviensis,Saimiri_sciureus,4,0,asem_no_recursion,440,1,0.9998785818358427,2.8505308628082275,170032
same-genus,Saimiri_boliviensis,Saimiri_sciureus,4,0,asem_no_recursion,440,2,0.9998785818358427,2.8505308628082275,170032
same-genus,Saimiri_boliviensis,Saimiri_sciureus,4,0,asem_recursion,440,1,0.9998785818358427,1.6362440586090088,169732
same-genus,Saimiri_boliviensis,Saimiri_sciureus,4,0,asem_recursion,440,2,0.9998785818358427,1.6362440586090088,169732
same-genus,Saimiri_boliviensis,Saimiri_sciureus,4,0,srsc,440,1,0.9999089391409925,14.515255212783813,162680
same-genus,Saimiri_boliviensis,Saimiri_sciureus,4,1,asem_no_recursion,440,1,0.9998785818358427,1.2838935852050781,170072
same-genus,Saimiri_boliviensis,Saimiri_sciureus,4,1,asem_no_recursion,440,2,0.9998785818358427,1.2838935852050781,170072
same-genus,Saimiri_boliviensis,Saimiri_sciureus,4,1,asem_recursion,440,1,0.9998785818358427,1.6766743659973145,170004
same-genus,Saimiri_boliviensis,Saimiri_sciureus,4,1,asem_recursion,440,2,0.9998785818358427,1.6766743659973145,170004
same-genus,Saimiri_boliviensis,Saimiri_sciureus,4,1,srsc,440,1,0.9999089391409925,16.835280418395996,162820
same-genus,Saimiri_boliviensis,Saimiri_sciureus,4,2,asem_no_recursion,440,1,0.9998785818358427,1.3158998489379883,169944
same-genus,Saimiri_boliviensis,Saimiri_sciureus,4,2,asem_no_recursion,440,2,0.9998785818358427,1.3158998489379883,169944
same-genus,Saimiri_boliviensis,Saimiri_sciureus,4,2,asem_recursion,440,1,0.9998785818358427,1.427337408065796,169980
same-genus,Saimiri_boliviensis,Saimiri_sciureus,4,2,asem_recursion,440,2,0.9998785818358427,1.427337408065796,169980
same-genus,Saimiri_boliviensis,Saimiri_sciureus,4,2,srsc,440,1,0.9999089391409925,13.558360576629639,163092
same-genus,Saimiri_boliviensis,Saimiri_sciureus,8,0,asem_no_recursion,879,1,0.9998785818358427,2.9220128059387207,169876
same-genus,Saimiri_boliviensis,Saimiri_sciureus,8,0,asem_no_recursion,879,2,0.9998785818358427,2.9220128059387207,169876
same-genus,Saimiri_boliviensis,Saimiri_sciureus,8,0,asem_recursion,879,1,0.9998785818358427,3.1219093799591064,169700
same-genus,Saimiri_boliviensis,Saimiri_sciureus,8,0,asem_recursion,879,2,0.9998785818358427,3.1219093799591064,169700
same-genus,Saimiri_boliviensis,Saimiri_sciureus,8,0,srsc,879,1,0.9999089391409925,15.62997055053711,162424
same-genus,Saimiri_boliviensis,Saimiri_sciureus,8,1,asem_no_recursion,879,1,0.9998785818358427,2.406919479370117,170312
same-genus,Saimiri_boliviensis,Saimiri_sciureus,8,1,asem_no_recursion,879,2,0.9998785818358427,2.406919479370117,170312
same-genus,Saimiri_boliviensis,Saimiri_sciureus,8,1,asem_recursion,879,1,0.9998785818358427,2.931586265563965,170128
same-genus,Saimiri_boliviensis,Saimiri_sciureus,8,1,asem_recursion,879,2,0.9998785818358427,2.931586265563965,170128
same-genus,Saimiri_boliviensis,Saimiri_sciureus,8,1,srsc,879,1,0.9999089391409925,15.965193510055542,162928
same-genus,Saimiri_boliviensis,Saimiri_sciureus,8,2,asem_no_recursion,879,1,0.9998785818358427,2.576326370239258,169836
same-genus,Saimiri_boliviensis,Saimiri_sciureus,8,2,asem_no_recursion,879,2,0.9998785818358427,2.576326370239258,169836
same-genus,Saimiri_boliviensis,Saimiri_sciureus,8,2,asem_recursion,879,1,0.9998785818358427,2.3111159801483154,169576
same-genus,Saimiri_boliviensis,Saimiri_sciureus,8,2,asem_recursion,879,2,0.9998785818358427,2.3111159801483154,169576
same-genus,Saimiri_boliviensis,Saimiri_sciureus,8,2,srsc,879,1,0.9999089391409925,15.438346862792969,162740
same-family,Homo_sapiens,Gorilla_gorilla,1,0,asem_no_recursion,110,1,0.9646969505251171,0.33086442947387695,169928
same-family,Homo_sapiens,Gorilla_gorilla,1,0,asem_no_recursion,110,2,0.9646969505251171,0.33086442947387695,169928
same-family,Homo_sapiens,Gorilla_gorilla,1,0,asem_recursion,110,1,0.9646969505251171,0.321073055267334,170216
same-family,Homo_sapiens,Gorilla_gorilla,1,0,asem_recursion,110,2,0.9646969505251171,0.321073055267334,170216
same-family,Homo_sapiens,Gorilla_gorilla,1,0,srsc,110,1,0.9353631957320842,11.499697923660278,162248
same-family,Homo_sapiens,Gorilla_gorilla,1,1,asem_no_recursion,110,1,0.9659072956491517,0.3161766529083252,169956
same-family,Homo_sapiens,Gorilla_gorilla,1,1,asem_no_recursion,110,2,0.9659072956491517,0.3161766529083252,169956
same-family,Homo_sapiens,Gorilla_gorilla,1,1,asem_recursion,110,1,0.9659072956491517,0.327176570892334,170112
same-family,Homo_sapiens,Gorilla_gorilla,1,1,asem_recursion,110,2,0.9659072956491517,0.327176570892334,170112
same-family,Homo_sapiens,Gorilla_gorilla,1,1,srsc,110,1,0.9252241305704246,11.224415302276611,162800
same-family,Homo_sapiens,Gorilla_gorilla,1,2,asem_no_recursion,110,1,0.9648606762184901,0.46010684967041016,170344
same-family,Homo_sapiens,Gorilla_gorilla,1,2,asem_no_recursion,110,2,0.9648606762184901,0.46010684967041016,170344
same-family,Homo_sapiens,Gorilla_gorilla,1,2,asem_recursion,110,1,0.9648606762184901,0.32187318801879883,170088
same-family,Homo_sapiens,Gorilla_gorilla,1,2,asem_recursion,110,2,0.9648606762184901,0.32187318801879883,170088
same-family,Homo_sapiens,Gorilla_gorilla,1,2,srsc,110,1,0.9355017075947307,10.996446371078491,162944
same-family,Homo_sapiens,Gorilla_gorilla,2,0,asem_no_recursion,219,1,0.9738508810434564,0.6343481540679932,170352
same-family,Homo_sapiens,Gorilla_gorilla,2,0,asem_no_recursion,219,2,0.9738508810434564,0.6343481540679932,170352
same-family,Homo_sapiens,Gorilla_gorilla,2,0,asem_recursion,219,1,0.9738508810434564,0.970653772354126,170700
same-family,Homo_sapiens,Gorilla_gorilla,2,0,asem_recursion,219,2,0.9740760477727971,0.970653772354126,170700
same-family,Homo_sapiens,Gorilla_gorilla,2,0,asem_recursion,219,3,0.9740760477727971,0.970653772354126,170700
same-family,Homo_sapiens,Gorilla_gorilla,2,0,srsc,219,1,0.9298280034006932,11.967281579971313,162936
same-family,Homo_sapiens,Gorilla_gorilla,2,1,asem_no_recursion,219,1,0.9749436231520922,0.9135870933532715,170204
same-family,Homo_sapiens,Gorilla_gorilla,2,1,asem_no_recursion,219,2,0.9752966592567082,0.9135870933532715,170204
same-family,Homo_sapiens,Gorilla_gorilla,2,1,asem_no_recursion,219,3,0.9752966592567082,0.9135870933532715,170204
same-family,Homo_sapiens,Gorilla_gorilla,2,1,asem_recursion,219,1,0.9749436231520922,1.2063624858856201,170164
same-family,Homo_sapiens,Gorilla_gorilla,2,1,asem_recursion,219,2,0.9752966592567082,1.2063624858856201,170164
same-family,Homo_sapiens,Gorilla_gorilla,2,1,asem_recursion,219,3,0.9752966592567082,1.2063624858856201,170164
same-family,Homo_sapiens,Gorilla_gorilla,2,1,asem_recursion,219,4,0.9752966592567082,1.2063624858856201,170164
same-family,Homo_sapiens,Gorilla_gorilla,2,1,srsc,219,1,0.9273025237627007,11.749866008758545,162680
same-family,Homo_sapiens,Gorilla_gorilla,2,2,asem_no_recursion,219,1,0.9748472983555208,1.409214973449707,170032
same-family,Homo_sapiens,Gorilla_gorilla,2,2,asem_no_recursion,219,2,0.9755853261550018,1.409214973449707,170032
same-family,Homo_sapiens,Gorilla_gorilla,2,2,asem_no_recursion,219,3,0.9755853261550018,1.409214973449707,170032
same-family,Homo_sapiens,Gorilla_gorilla,2,2,asem_recursion,219,1,0.9748472983555208,1.4277803897857666,170756
same-family,Homo_sapiens,Gorilla_gorilla,2,2,asem_recursion,219,2,0.9755853261550018,1.4277803897857666,170756
same-family,Homo_sapiens,Gorilla_gorilla,2,2,asem_recursion,219,3,0.9755853261550018,1.4277803897857666,170756
same-family,Homo_sapiens,Gorilla_gorilla,2,2,asem_recursion,219,4,0.9755853261550018,1.4277803897857666,170756
same-family,Homo_sapiens,Gorilla_gorilla,2,2,srsc,219,1,0.9395029325038075,14.006191492080688,162696
same-family,Homo_sapiens,Gorilla_gorilla,4,0,asem_no_recursion,437,1,0.9833183187847535,3.4445221424102783,169712
same-family,Homo_sapiens,Gorilla_gorilla,4,0,asem_no_recursion,437,2,0.9837918400298082,3.4445221424102783,169712
same-family,Homo_sapiens,Gorilla_gorilla,4,0,asem_no_recursion,437,3,0.9837918400298082,3.4445221424102783,169712
same-family,Homo_sapiens,Gorilla_gorilla,4,0,asem_no_recursion,437,4,0.9837918400298082,3.4445221424102783,169712
same-family,Homo_sapiens,Gorilla_gorilla,4,0,asem_recursion,437,1,0.9833183187847535,3.97751784324646,170052
same-family,Homo_sapiens,Gorilla_gorilla,4,0,asem_recursion,437,2,0.9837918400298082,3.97751784324646,170052
same-family,Homo_sapiens,Gorilla_gorilla,4,0,asem_recursion,437,3,0.9837918400298082,3.97751784324646,170052
same-family,Homo_sapiens,Gorilla_gorilla,4,0,asem_recursion,437,4,0.9837918400298082,3.97751784324646,170052
same-family,Homo_sapiens,Gorilla_gorilla,4,0,srsc,437,1,0.9437128840691971,14.217385053634644,162472
same-family,Homo_sapiens,Gorilla_gorilla,4,1,asem_no_recursion,437,1,0.9829075766051338,3.1202750205993652,170052
same-family,Homo_sapiens,Gorilla_gorilla,4,1,asem_no_recursion,437,2,0.983002392716199,3.1202750205993652,170052
same-family,Homo_sapiens,Gorilla_gorilla,4,1,asem_no_recursion,437,3,0.983002392716199,3.1202750205993652,170052
same-family,Homo_sapiens,Gorilla_gorilla,4,1,asem_no_recursion,437,4,0.983002392716199,3.1202750205993652,170052
same-family,Homo_sapiens,Gorilla_gorilla,4,1,asem_recursion,437,1,0.9829075766051338,3.128979444503784,169780
same-family,Homo_sapiens,Gorilla_gorilla,4,1,asem_recursion,437,2,0.983002392716199,3.128979444503784,169780
same-family,Homo_sapiens,Gorilla_gorilla,4,1,asem_recursion,437,3,0.983002392716199,3.128979444503784,169780
same-family,Homo_sapiens,Gorilla_gorilla,4,1,asem_recursion,437,4,0.983002392716199,3.128979444503784,169780
same-family,Homo_sapiens,Gorilla_gorilla,4,1,srsc,437,1,0.9429281999935403,14.185554265975952,162728
same-family,Homo_sapiens,Gorilla_gorilla,4,2,asem_no_recursion,437,1,0.9825913951753295,3.3795199394226074,169840
same-family,Homo_sapiens,Gorilla_gorilla,4,2,asem_no_recursion,437,2,0.9832867350108729,3.3795199394226074,169840
same-family,Homo_sapiens,Gorilla_gorilla,4,2,asem_no_recursion,437,3,0.9835709183515016,3.3795199394226074,169840
same-family,Homo_sapiens,Gorilla_gorilla,4,2,asem_no_recursion,437,4,0.9835709183515016,3.3795199394226074,169840
same-family,Homo_sapiens,Gorilla_gorilla,4,2,asem_recursion,437,1,0.9825913951753295,3.6858744621276855,169760
same-family,Homo_sapiens,Gorilla_gorilla,4,2,asem_recursion,437,2,0.9832867350108729,3.6858744621276855,169760
same-family,Homo_sapiens,Gorilla_gorilla,4,2,asem_recursion,437,3,0.9835709183515016,3.6858744621276855,169760
same-family,Homo_sapiens,Gorilla_gorilla,4,2,asem_recursion,437,4,0.9835709183515016,3.6858744621276855,169760
same-family,Homo_sapiens,Gorilla_gorilla,4,2,srsc,437,1,0.9429964796692827,15.312230825424194,162700
same-family,Homo_sapiens,Gorilla_gorilla,8,0,asem_no_recursion,873,1,0.9840442043831875,5.099819183349609,169916
same-family,Homo_sapiens,Gorilla_gorilla,8,0,asem_no_recursion,873,2,0.9845170498619256,5.099819183349609,169916
same-family,Homo_sapiens,Gorilla_gorilla,8,0,asem_no_recursion,873,3,0.9845170498619256,5.099819183349609,169916
same-family,Homo_sapiens,Gorilla_gorilla,8,0,asem_no_recursion,873,4,0.9845170498619256,5.099819183349609,169916
same-family,Homo_sapiens,Gorilla_gorilla,8,0,asem_recursion,873,1,0.9840442043831875,7.45116925239563,170176
same-family,Homo_sapiens,Gorilla_gorilla,8,0,asem_recursion,873,2,0.9845170498619256,7.45116925239563,170176
same-family,Homo_sapiens,Gorilla_gorilla,8,0,asem_recursion,873,3,0.9845170498619256,7.45116925239563,170176
same-family,Homo_sapiens,Gorilla_gorilla,8,0,asem_recursion,873,4,0.9845170498619256,7.45116925239563,170176
same-family,Homo_sapiens,Gorilla_gorilla,8,0,asem_recursion,873,5,0.9845170498619256,7.45116925239563,170176
same-family,Homo_sapiens,Gorilla_gorilla,8,0,srsc,873,1,0.9341843879245775,14.152722597122192,162932
same-family,Homo_sapiens,Gorilla_gorilla,8,1,asem_no_recursion,873,1,0.9842333954065798,5.202568054199219,170400
same-family,Homo_sapiens,Gorilla_gorilla,8,1,asem_no_recursion,873,2,0.9843279644974087,5.202568054199219,170400
same-family,Homo_sapiens,Gorilla_gorilla,8,1,asem_no_recursion,873,3,0.9843279644974087,5.202568054199219,170400
same-family,Homo_sapiens,Gorilla_gorilla,8,1,asem_no_recursion,873,4,0.9843279644974087,5.202568054199219,170400
same-family,Homo_sapiens,Gorilla_gorilla,8,1,asem_recursion,873,1,0.9842333954065798,3.5490567684173584,170188
same-family,Homo_sapiens,Gorilla_gorilla,8,1,asem_recursion,873,2,0.9843279644974087,3.5490567684173584,170188
same-family,Homo_sapiens,Gorilla_gorilla,8,1,asem_recursion,873,3,0.9843279644974087,3.5490567684173584,170188
same-family,Homo_sapiens,Gorilla_gorilla,8,1,srsc,873,1,0.93390664191016,14.84856653213501,162880
same-family,Homo_sapiens,Gorilla_gorilla,8,2,asem_no_recursion,873,1,0.9842333954065798,5.211450576782227,170376
same-family,Homo_sapiens,Gorilla_gorilla,8,2,asem_no_recursion,873,2,0.9845170498619256,5.211450576782227,170376
same-family,Homo_sapiens,Gorilla_gorilla,8,2,asem_no_recursion,873,3,0.9845170498619256,5.211450576782227,170376
same-family,Homo_sapiens,Gorilla_gorilla,8,2,asem_no_recursion,873,4,0.9845170498619256,5.211450576782227,170376
same-family,Homo_sapiens,Gorilla_gorilla,8,2,asem_recursion,873,1,0.9842333954065798,6.710935831069946,171260
same-family,Homo_sapiens,Gorilla_gorilla,8,2,asem_recursion,873,2,0.9845170498619256,6.710935831069946,171260
same-family,Homo_sapiens,Gorilla_gorilla,8,2,asem_recursion,873,3,0.9845170498619256,6.710935831069946,171260
same-family,Homo_sapiens,Gorilla_gorilla,8,2,asem_recursion,873,4,0.9845170498619256,6.710935831069946,171260
same-family,Homo_sapiens,Gorilla_gorilla,8,2,asem_recursion,873,5,0.9845170498619256,6.710935831069946,171260
same-family,Homo_sapiens,Gorilla_gorilla,8,2,srsc,873,1,0.9336982373831167,15.982917070388794,162416
same-order,Homo_sapiens,Varecia_variegata,1,0,asem_no_recursion,114,1,0.8438341227382696,0.8124380111694336,170712
same-order,Homo_sapiens,Varecia_variegata,1,0,asem_no_recursion,114,2,0.8484642796538268,0.8124380111694336,170712
same-order,Homo_sapiens,Varecia_variegata,1,0,asem_no_recursion,114,3,0.8503371395656152,0.8124380111694336,170712
same-order,Homo_sapiens,Varecia_variegata,1,0,asem_no_recursion,114,4,0.8511546014762646,0.8124380111694336,170712
same-order,Homo_sapiens,Varecia_variegata,1,0,asem_no_recursion,114,5,0.8511546014762646,0.8124380111694336,170712
same-order,Homo_sapiens,Varecia_variegata,1,0,asem_recursion,114,1,0.8438341227382696,1.2692651748657227,170728
same-order,Homo_sapiens,Varecia_variegata,1,0,asem_recursion,114,2,0.8484642796538268,1.2692651748657227,170728
same-order,Homo_sapiens,Varecia_variegata,1,0,asem_recursion,114,3,0.8503371395656152,1.2692651748657227,170728
same-order,Homo_sapiens,Varecia_variegata,1,0,asem_recursion,114,4,0.8511546014762646,1.2692651748657227,170728
same-order,Homo_sapiens,Varecia_variegata,1,0,asem_recursion,114,5,0.8511546014762646,1.2692651748657227,170728
same-order,Homo_sapiens,Varecia_variegata,1,0,srsc,114,1,0.8314506130320981,11.412081241607666,162640
same-order,Homo_sapiens,Varecia_variegata,1,1,asem_no_recursion,114,1,0.842414110743407,1.1550896167755127,169912
same-order,Homo_sapiens,Varecia_variegata,1,1,asem_no_recursion,114,2,0.8453292496171515,1.1550896167755127,169912
same-order,Homo_sapiens,Varecia_variegata,1,1,asem_no_recursion,114,3,0.8483079325209599,1.1550896167755127,169912
same-order,Homo_sapiens,Varecia_variegata,1,1,asem_no_recursion,114,4,0.8492063492063493,1.1550896167755127,169912
same-order,Homo_sapiens,Varecia_variegata,1,1,asem_no_recursion,114,5,0.8502981837896448,1.1550896167755127,169912
same-order,Homo_sapiens,Varecia_variegata,1,1,asem_no_recursion,114,6,0.8502981837896448,1.1550896167755127,169912
same-order,Homo_sapiens,Varecia_variegata,1,1,asem_recursion,114,1,0.842414110743407,1.2012519836425781,170736
same-order,Homo_sapiens,Varecia_variegata,1,1,asem_recursion,114,2,0.8453292496171515,1.2012519836425781,170736
same-order,Homo_sapiens,Varecia_variegata,1,1,asem_recursion,114,3,0.8483079325209599,1.2012519836425781,170736
same-order,Homo_sapiens,Varecia_variegata,1,1,asem_recursion,114,4,0.8492063492063493,1.2012519836425781,170736
same-order,Homo_sapiens,Varecia_variegata,1,1,asem_recursion,114,5,0.8502981837896448,1.2012519836425781,170736
same-order,Homo_sapiens,Varecia_variegata,1,1,asem_recursion,114,6,0.8502981837896448,1.2012519836425781,170736
same-order,Homo_sapiens,Varecia_variegata,1,1,srsc,114,1,0.8306451612903226,12.053584575653076,162556
same-order,Homo_sapiens,Varecia_variegata,1,2,asem_no_recursion,114,1,0.8422166109329148,0.8687458038330078,170312
same-order,Homo_sapiens,Varecia_variegata,1,2,asem_no_recursion,114,2,0.8486205843428688,0.8687458038330078,170312
same-order,Homo_sapiens,Varecia_variegata,1,2,asem_no_recursion,114,3,0.8494014717352233,0.8687458038330078,170312
same-order,Homo_sapiens,Varecia_variegata,1,2,asem_no_recursion,114,4,0.8494014717352233,0.8687458038330078,170312
same-order,Homo_sapiens,Varecia_variegata,1,2,asem_recursion,114,1,0.8422166109329148,1.2342402935028076,170516
same-order,Homo_sapiens,Varecia_variegata,1,2,asem_recursion,114,2,0.8486205843428688,1.2342402935028076,170516
same-order,Homo_sapiens,Varecia_variegata,1,2,asem_recursion,114,3,0.8494014717352233,1.2342402935028076,170516
same-order,Homo_sapiens,Varecia_variegata,1,2,asem_recursion,114,4,0.8494014717352233,1.2342402935028076,170516
same-order,Homo_sapiens,Varecia_variegata,1,2,srsc,114,1,0.8315310971830016,12.716111421585083,162428
same-order,Homo_sapiens,Varecia_variegata,2,0,asem_no_recursion,227,1,0.846781320100605,2.1136765480041504,170528
same-order,Homo_sapiens,Varecia_variegata,2,0,asem_no_recursion,227,2,0.8562278779706726,2.1136765480041504,170528
same-order,Homo_sapiens,Varecia_variegata,2,0,asem_no_recursion,227,3,0.8606447280053728,2.1136765480041504,170528
same-order,Homo_sapiens,Varecia_variegata,2,0,asem_no_recursion,227,4,0.8631261517842185,2.1136765480041504,170528
same-order,Homo_sapiens,Varecia_variegata,2,0,asem_no_recursion,227,5,0.863240418118467,2.1136765480041504,170528
same-order,Homo_sapiens,Varecia_variegata,2,0,asem_no_recursion,227,6,0.863240418118467,2.1136765480041504,170528
same-order,Homo_sapiens,Varecia_variegata,2,0,asem_recursion,227,1,0.846781320100605,4.085467576980591,170836
same-order,Homo_sapiens,Varecia_variegata,2,0,asem_recursion,227,2,0.8562278779706726,4.085467576980591,170836
same-order,Homo_sapiens,Varecia_variegata,2,0,asem_recursion,227,3,0.8606447280053728,4.085467576980591,170836
same-order,Homo_sapiens,Varecia_variegata,2,0,asem_recursion,227,4,0.8631261517842185,4.085467576980591,170836
same-order,Homo_sapiens,Varecia_variegata,2,0,asem_recursion,227,5,0.863240418118467,4.085467576980591,170836
same-order,Homo_sapiens,Varecia_variegata,2,0,asem_recursion,227,6,0.863240418118467,4.085467576980591,170836
same-order,Homo_sapiens,Varecia_variegata,2,0,srsc,227,1,0.8314506130320981,11.556202411651611,162612
same-order,Homo_sapiens,Varecia_variegata,2,1,asem_no_recursion,227,1,0.849908480780964,1.7783148288726807,171080
same-order,Homo_sapiens,Varecia_variegata,2,1,asem_no_recursion,227,2,0.8609124785980462,1.7783148288726807,171080
same-order,Homo_sapiens,Varecia_variegata,2,1,asem_no_recursion,227,3,0.8640016070711128,1.7783148288726807,171080
same-order,Homo_sapiens,Varecia_variegata,2,1,asem_no_recursion,227,4,0.8653312376684613,1.7783148288726807,171080
same-order,Homo_sapiens,Varecia_variegata,2,1,asem_no_recursion,227,5,0.8663927032174,1.7783148288726807,171080
same-order,Homo_sapiens,Varecia_variegata,2,1,asem_no_recursion,227,6,0.8672253196674791,1.7783148288726807,171080
same-order,Homo_sapiens,Varecia_variegata,2,1,asem_recursion,227,1,0.849908480780964,2.6857075691223145,170648
same-order,Homo_sapiens,Varecia_variegata,2,1,asem_recursion,227,2,0.8609124785980462,2.6857075691223145,170648
same-order,Homo_sapiens,Varecia_variegata,2,1,asem_recursion,227,3,0.8640016070711128,2.6857075691223145,170648
same-order,Homo_sapiens,Varecia_variegata,2,1,asem_recursion,227,4,0.8653312376684613,2.6857075691223145,170648
same-order,Homo_sapiens,Varecia_variegata,2,1,asem_recursion,227,5,0.8663927032174,2.6857075691223145,170648
same-order,Homo_sapiens,Varecia_variegata,2,1,asem_recursion,227,6,0.8672253196674791,2.6857075691223145,170648
same-order,Homo_sapiens,Varecia_variegata,2,1,srsc,227,1,0.8326567123099153,12.09499454498291,162524
same-order,Homo_sapiens,Varecia_variegata,2,2,asem_no_recursion,227,1,0.8508044030482641,1.7544615268707275,170708
same-order,Homo_sapiens,Varecia_variegata,2,2,asem_no_recursion,227,2,0.8649136892814131,1.7544615268707275,170708
same-order,Homo_sapiens,Varecia_variegata,2,2,asem_no_recursion,227,3,0.8727574750830565,1.7544615268707275,170708
same-order,Homo_sapiens,Varecia_variegata,2,2,asem_no_recursion,227,4,0.8763412372499669,1.7544615268707275,170708
same-order,Homo_sapiens,Varecia_variegata,2,2,asem_no_recursion,227,5,0.8778277549940469,1.7544615268707275,170708
same-order,Homo_sapiens,Varecia_variegata,2,2,asem_no_recursion,227,6,0.8787918842112219,1.7544615268707275,170708
same-order,Homo_sapiens,Varecia_variegata,2,2,asem_recursion,227,1,0.8508044030482641,2.434849262237549,170520
same-order,Homo_sapiens,Varecia_variegata,2,2,asem_recursion,227,2,0.8649136892814131,2.434849262237549,170520
same-order,Homo_sapiens,Varecia_variegata,2,2,asem_recursion,227,3,0.8727574750830565,2.434849262237549,170520
same-order,Homo_sapiens,Varecia_variegata,2,2,asem_recursion,227,4,0.8763412372499669,2.434849262237549,170520
same-order,Homo_sapiens,Varecia_variegata,2,2,asem_recursion,227,5,0.8778277549940469,2.434849262237549,170520
same-order,Homo_sapiens,Varecia_variegata,2,2,asem_recursion,227,6,0.8787918842112219,2.434849262237549,170520
same-order,Homo_sapiens,Varecia_variegata,2,2,srsc,227,1,0.8320941759603471,10.622211933135986,162172
same-order,Homo_sapiens,Varecia_variegata,4,0,asem_no_recursion,453,1,0.8616004026170105,3.5978872776031494,171064
same-order,Homo_sapiens,Varecia_variegata,4,0,asem_no_recursion,453,2,0.8825582927150571,3.5978872776031494,171064
same-order,Homo_sapiens,Varecia_variegata,4,0,asem_no_recursion,453,3,0.891502499264922,3.5978872776031494,171064
same-order,Homo_sapiens,Varecia_variegata,4,0,asem_no_recursion,453,4,0.8957953657901588,3.5978872776031494,171064
same-order,Homo_sapiens,Varecia_variegata,4,0,asem_no_recursion,453,5,0.8975175461398492,3.5978872776031494,171064
same-order,Homo_sapiens,Varecia_variegata,4,0,asem_no_recursion,453,6,0.8978398570732499,3.5978872776031494,171064
same-order,Homo_sapiens,Varecia_variegata,4,0,asem_recursion,453,1,0.8616004026170105,4.142721652984619,170968
same-order,Homo_sapiens,Varecia_variegata,4,0,asem_recursion,453,2,0.8825582927150571,4.142721652984619,170968
same-order,Homo_sapiens,Varecia_variegata,4,0,asem_recursion,453,3,0.891502499264922,4.142721652984619,170968
same-order,Homo_sapiens,Varecia_variegata,4,0,asem_recursion,453,4,0.8957953657901588,4.142721652984619,170968
same-order,Homo_sapiens,Varecia_variegata,4,0,asem_recursion,453,5,0.8975175461398492,4.142721652984619,170968
same-order,Homo_sapiens,Varecia_variegata,4,0,asem_recursion,453,6,0.8978398570732499,4.142721652984619,170968
same-order,Homo_sapiens,Varecia_variegata,4,0,srsc,453,1,0.8349414552072246,10.979997396469116,163072
same-order,Homo_sapiens,Varecia_variegata,4,1,asem_no_recursion,453,1,0.8589972088643777,3.1924304962158203,170644
same-order,Homo_sapiens,Varecia_variegata,4,1,asem_no_recursion,453,2,0.8777906399867703,3.1924304962158203,170644
same-order,Homo_sapiens,Varecia_variegata,4,1,asem_no_recursion,453,3,0.890596390269422,3.1924304962158203,170644
same-order,Homo_sapiens,Varecia_variegata,4,1,asem_no_recursion,453,4,0.8956156625329558,3.1924304962158203,170644
same-order,Homo_sapiens,Varecia_variegata,4,1,asem_no_recursion,453,5,0.8968723584108199,3.1924304962158203,170644
same-order,Homo_sapiens,Varecia_variegata,4,1,asem_no_recursion,453,6,0.8975533677746369,3.1924304962158203,170644
same-order,Homo_sapiens,Varecia_variegata,4,1,asem_recursion,453,1,0.8589972088643777,4.5376739501953125,170856
same-order,Homo_sapiens,Varecia_variegata,4,1,asem_recursion,453,2,0.8777906399867703,4.5376739501953125,170856
same-order,Homo_sapiens,Varecia_variegata,4,1,asem_recursion,453,3,0.890596390269422,4.5376739501953125,170856
same-order,Homo_sapiens,Varecia_variegata,4,1,asem_recursion,453,4,0.8956156625329558,4.5376739501953125,170856
same-order,Homo_sapiens,Varecia_variegata,4,1,asem_recursion,453,5,0.8968723584108199,4.5376739501953125,170856
same-order,Homo_sapiens,Varecia_variegata,4,1,asem_recursion,453,6,0.8975533677746369,4.5376739501953125,170856
same-order,Homo_sapiens,Varecia_variegata,4,1,srsc,453,1,0.8332187070151306,11.05617880821228,162908
same-order,Homo_sapiens,Varecia_variegata,4,2,asem_no_recursion,453,1,0.8579602827330864,3.340658187866211,170936
same-order,Homo_sapiens,Varecia_variegata,4,2,asem_no_recursion,453,2,0.8788659793814433,3.340658187866211,170936
same-order,Homo_sapiens,Varecia_variegata,4,2,asem_no_recursion,453,3,0.8885977267516132,3.340658187866211,170936
same-order,Homo_sapiens,Varecia_variegata,4,2,asem_no_recursion,453,4,0.8934546521866745,3.340658187866211,170936
same-order,Homo_sapiens,Varecia_variegata,4,2,asem_no_recursion,453,5,0.8963700234192037,3.340658187866211,170936
same-order,Homo_sapiens,Varecia_variegata,4,2,asem_no_recursion,453,6,0.8968723584108199,3.340658187866211,170936
same-order,Homo_sapiens,Varecia_variegata,4,2,asem_recursion,453,1,0.8579602827330864,4.899742603302002,171000
same-order,Homo_sapiens,Varecia_variegata,4,2,asem_recursion,453,2,0.8788659793814433,4.899742603302002,171000
same-order,Homo_sapiens,Varecia_variegata,4,2,asem_recursion,453,3,0.8885977267516132,4.899742603302002,171000
same-order,Homo_sapiens,Varecia_variegata,4,2,asem_recursion,453,4,0.8934546521866745,4.899742603302002,171000
same-order,Homo_sapiens,Varecia_variegata,4,2,asem_recursion,453,5,0.8963700234192037,4.899742603302002,171000
same-order,Homo_sapiens,Varecia_variegata,4,2,asem_recursion,453,6,0.8968723584108199,4.899742603302002,171000
same-order,Homo_sapiens,Varecia_variegata,4,2,srsc,453,1,0.8328976334617502,11.100198984146118,162444
same-order,Homo_sapiens,Varecia_variegata,8,0,asem_no_recursion,905,1,0.8657105606258149,6.833784818649292,170820
same-order,Homo_sapiens,Varecia_variegata,8,0,asem_no_recursion,905,2,0.8903061224489796,6.833784818649292,170820
same-order,Homo_sapiens,Varecia_variegata,8,0,asem_no_recursion,905,3,0.9046358471074379,6.833784818649292,170820
same-order,Homo_sapiens,Varecia_variegata,8,0,asem_no_recursion,905,4,0.9099495614739614,6.833784818649292,170820
same-order,Homo_sapiens,Varecia_variegata,8,0,asem_no_recursion,905,5,0.9151079136690647,6.833784818649292,170820
same-order,Homo_sapiens,Varecia_variegata,8,0,asem_no_recursion,905,6,0.9185312679288584,6.833784818649292,170820
same-order,Homo_sapiens,Varecia_variegata,8,0,asem_recursion,905,1,0.8657105606258149,9.266489267349243,170784
same-order,Homo_sapiens,Varecia_variegata,8,0,asem_recursion,905,2,0.8903061224489796,9.266489267349243,170784
same-order,Homo_sapiens,Varecia_variegata,8,0,asem_recursion,905,3,0.9046358471074379,9.266489267349243,170784
same-order,Homo_sapiens,Varecia_variegata,8,0,asem_recursion,905,4,0.9099495614739614,9.266489267349243,170784
same-order,Homo_sapiens,Varecia_variegata,8,0,asem_recursion,905,5,0.9151079136690647,9.266489267349243,170784
same-order,Homo_sapiens,Varecia_variegata,8,0,asem_recursion,905,6,0.9185312679288584,9.266489267349243,170784
same-order,Homo_sapiens,Varecia_variegata,8,0,srsc,905,1,0.8347413970739749,11.549058198928833,162676
same-order,Homo_sapiens,Varecia_variegata,8,1,asem_no_recursion,905,1,0.8647617773019272,6.589404344558716,170844
same-order,Homo_sapiens,Varecia_variegata,8,1,asem_no_recursion,905,2,0.8928408275141942,6.589404344558716,170844
same-order,Homo_sapiens,Varecia_variegata,8,1,asem_no_recursion,905,3,0.906647762059743,6.589404344558716,170844
same-order,Homo_sapiens,Varecia_variegata,8,1,asem_no_recursion,905,4,0.9116279069767441,6.589404344558716,170844
same-order,Homo_sapiens,Varecia_variegata,8,1,asem_no_recursion,905,5,0.9150732237641491,6.589404344558716,170844
same-order,Homo_sapiens,Varecia_variegata,8,1,asem_no_recursion,905,6,0.9177378712002807,6.589404344558716,170844
same-order,Homo_sapiens,Varecia_variegata,8,1,asem_recursion,905,1,0.8647617773019272,8.36174726486206,170784
same-order,Homo_sapiens,Varecia_variegata,8,1,asem_recursion,905,2,0.8928408275141942,8.36174726486206,170784
same-order,Homo_sapiens,Varecia_variegata,8,1,asem_recursion,905,3,0.906647762059743,8.36174726486206,170784
same-order,Homo_sapiens,Varecia_variegata,8,1,asem_recursion,905,4,0.9116279069767441,8.36174726486206,170784
same-order,Homo_sapiens,Varecia_variegata,8,1,asem_recursion,905,5,0.9150732237641491,8.36174726486206,170784
same-order,Homo_sapiens,Varecia_variegata,8,1,asem_recursion,905,6,0.9177378712002807,8.36174726486206,170784
same-order,Homo_sapiens,Varecia_variegata,8,1,srsc,905,1,0.835141444658061,11.34624171257019,162800
same-order,Homo_sapiens,Varecia_variegata,8,2,asem_no_recursion,905,1,0.8697158466304673,6.4728429317474365,171092
same-order,Homo_sapiens,Varecia_variegata,8,2,asem_no_recursion,905,2,0.895975010574952,6.4728429317474365,171092
same-order,Homo_sapiens,Varecia_variegata,8,2,asem_no_recursion,905,3,0.9100546097012528,6.4728429317474365,171092
same-order,Homo_sapiens,Varecia_variegata,8,2,asem_no_recursion,905,4,0.9145178834218439,6.4728429317474365,171092
same-order,Homo_sapiens,Varecia_variegata,8,2,asem_no_recursion,905,5,0.9169087368723465,6.4728429317474365,171092
same-order,Homo_sapiens,Varecia_variegata,8,2,asem_no_recursion,905,6,0.9172198110799081,6.4728429317474365,171092
same-order,Homo_sapiens,Varecia_variegata,8,2,asem_recursion,905,1,0.8696405370290169,9.254616260528564,170500
same-order,Homo_sapiens,Varecia_variegata,8,2,asem_recursion,905,2,0.895975010574952,9.254616260528564,170500
same-order,Homo_sapiens,Varecia_variegata,8,2,asem_recursion,905,3,0.9100546097012528,9.254616260528564,170500
same-order,Homo_sapiens,Varecia_variegata,8,2,asem_recursion,905,4,0.9145178834218439,9.254616260528564,170500
same-order,Homo_sapiens,Varecia_variegata,8,2,asem_recursion,905,5,0.9169087368723465,9.254616260528564,170500
same-order,Homo_sapiens,Varecia_variegata,8,2,asem_recursion,905,6,0.9172198110799081,9.254616260528564,170500
same-order,Homo_sapiens,Varecia_variegata,8,2,srsc,905,1,0.835141444658061,11.857969522476196,162424
