method,condition,reference,target,depth,replicate,n_reads,n_flipped,iterations,theta_len,last_iteration,last_n_placed,last_n_unplaced,last_theta_changed,identity_pct,recall,precision,f1,c_theta,w_theta,u_t,last_n_boundary_reads,last_n_contigs,last_n_contigs_anchored
asem,forward,Homo_sapiens,Varecia_variegata,1,0,114,0,5,16589,5,42,72,False,71.02119026149684,0.9160427418768627,0.797090449082859,0.8524368383670985,12602,3208,1155,,,
asem,forward,Homo_sapiens,Varecia_variegata,1,1,114,0,6,16571,6,54,60,False,71.11913357400722,0.9159462404649473,0.7975708502024291,0.8526696648970344,12608,3200,1157,,,
asem,forward,Homo_sapiens,Varecia_variegata,1,2,114,0,4,16564,4,32,82,False,70.74381097389049,0.9147586408050168,0.7941884021271208,0.8502202643171807,12545,3251,1169,,,
asem,forward,Homo_sapiens,Varecia_variegata,2,0,227,0,6,16573,6,73,154,False,72.83853138570865,0.9177147729695161,0.8170430821787815,0.8644578313253012,12915,2892,1158,,,
asem,forward,Homo_sapiens,Varecia_variegata,2,1,227,0,6,16594,6,97,130,True,73.73737373737374,0.9206002536282937,0.8250410405354212,0.870205114544486,13067,2771,1127,,,
asem,forward,Homo_sapiens,Varecia_variegata,2,2,227,0,6,16598,6,106,121,True,75.50640410765672,0.922451230440477,0.8448232323232323,0.8819323162091804,13382,2458,1125,,,
asem,forward,Homo_sapiens,Varecia_variegata,4,0,453,0,6,16607,6,277,176,True,79.5863004408274,0.9283406948381567,0.8868875173195616,0.907140786549425,14082,1796,1087,,,
asem,forward,Homo_sapiens,Varecia_variegata,4,1,453,0,6,16607,6,252,201,True,79.74447396687206,0.928759547010798,0.8881193729144368,0.9079849377232789,14106,1777,1082,,,
asem,forward,Homo_sapiens,Varecia_variegata,4,2,453,0,6,16596,6,250,203,True,79.06687754179846,0.9266516615914207,0.8827647095919783,0.9041759519426412,13998,1859,1108,,,
asem,forward,Homo_sapiens,Varecia_variegata,8,0,905,0,6,16619,6,624,281,True,83.04182939944529,0.9333290921814364,0.9217189168813219,0.9274876722720952,14671,1246,1048,,,
asem,forward,Homo_sapiens,Varecia_variegata,8,1,905,0,6,16619,6,646,259,True,83.61175604507616,0.9341980385953812,0.9271585557299843,0.930664985817838,14765,1160,1040,,,
asem,forward,Homo_sapiens,Varecia_variegata,8,2,905,0,6,16617,6,622,283,True,82.64364562694594,0.93302230459513,0.917195451404159,0.9250411861614497,14599,1318,1048,,,
asem,mixed,Homo_sapiens,Varecia_variegata,1,0,114,61,5,16589,5,42,72,False,71.02119026149684,0.9160427418768627,0.797090449082859,0.8524368383670985,12602,3208,1155,,,
asem,mixed,Homo_sapiens,Varecia_variegata,1,1,114,56,6,16571,6,54,60,False,71.11913357400722,0.9159462404649473,0.7975708502024291,0.8526696648970344,12608,3200,1157,,,
asem,mixed,Homo_sapiens,Varecia_variegata,1,2,114,61,4,16564,4,32,82,False,70.74381097389049,0.9147586408050168,0.7941884021271208,0.8502202643171807,12545,3251,1169,,,
asem,mixed,Homo_sapiens,Varecia_variegata,2,0,227,116,6,16573,6,73,154,False,72.83853138570865,0.9177147729695161,0.8170430821787815,0.8644578313253012,12915,2892,1158,,,
asem,mixed,Homo_sapiens,Varecia_variegata,2,1,227,136,6,16594,6,97,130,True,73.73737373737374,0.9206002536282937,0.8250410405354212,0.870205114544486,13067,2771,1127,,,
asem,mixed,Homo_sapiens,Varecia_variegata,2,2,227,110,6,16598,6,106,121,True,75.50640410765672,0.922451230440477,0.8448232323232323,0.8819323162091804,13382,2458,1125,,,
asem,mixed,Homo_sapiens,Varecia_variegata,4,0,453,227,6,16607,6,277,176,True,79.5863004408274,0.9283406948381567,0.8868875173195616,0.907140786549425,14082,1796,1087,,,
asem,mixed,Homo_sapiens,Varecia_variegata,4,1,453,223,6,16607,6,252,201,True,79.74447396687206,0.928759547010798,0.8881193729144368,0.9079849377232789,14106,1777,1082,,,
asem,mixed,Homo_sapiens,Varecia_variegata,4,2,453,237,6,16596,6,250,203,True,79.06687754179846,0.9266516615914207,0.8827647095919783,0.9041759519426412,13998,1859,1108,,,
asem,mixed,Homo_sapiens,Varecia_variegata,8,0,905,442,6,16619,6,624,281,True,83.04182939944529,0.9333290921814364,0.9217189168813219,0.9274876722720952,14671,1246,1048,,,
asem,mixed,Homo_sapiens,Varecia_variegata,8,1,905,466,6,16619,6,646,259,True,83.61175604507616,0.9341980385953812,0.9271585557299843,0.930664985817838,14765,1160,1040,,,
asem,mixed,Homo_sapiens,Varecia_variegata,8,2,905,456,6,16617,6,622,283,True,82.64364562694594,0.93302230459513,0.917195451404159,0.9250411861614497,14599,1318,1048,,,
hybrid,forward,Homo_sapiens,Varecia_variegata,1,0,114,0,3,16591,3,48,66,False,71.92398782000677,0.9177579507842855,0.8061559853368727,0.8583445491251682,12755,3067,1143,31,47,1
hybrid,forward,Homo_sapiens,Varecia_variegata,1,1,114,0,3,16575,3,74,40,False,73.81678527052976,0.9203577212872333,0.8254389288872047,0.8703179623772266,13070,2764,1131,41,40,1
hybrid,forward,Homo_sapiens,Varecia_variegata,1,2,114,0,4,16567,4,46,68,False,72.44552331489217,0.9179542203147353,0.811290934378556,0.8613329753674743,12833,2985,1147,35,49,2
hybrid,forward,Homo_sapiens,Varecia_variegata,2,0,227,0,4,16599,4,165,62,False,80.4887707190134,0.9295701032274925,0.8955749984263863,0.9122559548616677,14228,1659,1078,43,30,0
hybrid,forward,Homo_sapiens,Varecia_variegata,2,1,227,0,4,16613,4,165,62,False,81.04697226938313,0.9312654441409807,0.9002388735227559,0.9154893562615868,14321,1587,1057,44,36,0
hybrid,forward,Homo_sapiens,Varecia_variegata,2,2,227,0,5,16584,5,165,62,False,80.89067451335445,0.9292725736202301,0.900359009888518,0.9145873320537428,14295,1582,1088,22,23,1
hybrid,forward,Homo_sapiens,Varecia_variegata,4,0,453,0,3,16586,3,403,50,False,87.27345037213794,0.938019052271617,0.9630721003134797,0.9503804986698015,15361,589,1015,25,9,0
hybrid,forward,Homo_sapiens,Varecia_variegata,4,1,453,0,5,16585,5,403,50,False,88.78026599977265,0.9393228696854892,0.9789420907495613,0.9587233389596441,15620,336,1009,12,6,0
hybrid,forward,Homo_sapiens,Varecia_variegata,4,2,453,0,4,16581,4,414,39,False,88.79540674208403,0.9392663860493085,0.9790034471952366,0.958723338959644,15620,335,1010,10,4,0
hybrid,forward,Homo_sapiens,Varecia_variegata,8,0,905,0,3,16597,3,828,77,False,90.04836415362732,0.9417995715305879,0.989929317570526,0.9652648592601628,15826,161,978,28,2,0
hybrid,forward,Homo_sapiens,Varecia_variegata,8,1,905,0,3,16597,3,816,89,False,89.4931452301041,0.9412468589206653,0.9842958143026966,0.9622901183594825,15732,251,982,21,3,0
hybrid,forward,Homo_sapiens,Varecia_variegata,8,2,905,0,3,16597,3,818,87,False,90.07112375533428,0.9418134221799144,0.9901795208606993,0.9653910657112365,15830,157,978,21,2,0
hybrid,mixed,Homo_sapiens,Varecia_variegata,1,0,114,61,3,16595,3,46,68,False,71.487347122809,0.917004048582996,0.8019219826768667,0.8556106445411313,12684,3133,1148,34,65,2
hybrid,mixed,Homo_sapiens,Varecia_variegata,1,1,114,56,3,16574,3,56,58,False,71.49063416835929,0.9167932855799146,0.8012013910844136,0.8551086516398974,12671,3144,1150,35,60,1
hybrid,mixed,Homo_sapiens,Varecia_variegata,1,2,114,61,4,16571,4,41,73,False,71.78083737727118,0.9170271049596309,0.8044138105476161,0.8570369871319814,12721,3093,1151,30,68,0
hybrid,mixed,Homo_sapiens,Varecia_variegata,2,0,227,116,6,16586,6,134,93,True,77.90342643899129,0.9260653313617422,0.8684525685471163,0.8963341248414273,13778,2087,1100,40,67,0
hybrid,mixed,Homo_sapiens,Varecia_variegata,2,1,227,136,6,16606,6,129,98,False,76.96438665912945,0.9262534866317437,0.8573137711730999,0.8904512753433617,13615,2266,1084,51,75,0
hybrid,mixed,Homo_sapiens,Varecia_variegata,2,2,227,110,5,16577,5,143,84,False,78.51407893248897,0.9260420140046682,0.8757568113017155,0.9001977245470163,13886,1970,1109,32,58,1
hybrid,mixed,Homo_sapiens,Varecia_variegata,4,0,453,227,4,16585,4,395,58,False,86.56029979559392,0.9368854473942969,0.9565190111682771,0.9466004346476249,15245,693,1027,25,21,0
hybrid,mixed,Homo_sapiens,Varecia_variegata,4,1,453,223,5,16592,5,403,50,False,88.52794184461608,0.9388099253192002,0.9773653520596902,0.9576997511750067,15588,361,1016,12,17,0
hybrid,mixed,Homo_sapiens,Varecia_variegata,4,2,453,237,5,16580,5,391,62,False,86.90570747758993,0.9360791982400392,0.962246372259564,0.9489824365765264,15318,601,1046,33,32,0
hybrid,mixed,Homo_sapiens,Varecia_variegata,8,0,905,442,4,16597,4,828,77,False,90.04836415362732,0.9417995715305879,0.989929317570526,0.9652648592601628,15826,161,978,28,5,0
hybrid,mixed,Homo_sapiens,Varecia_variegata,8,1,905,466,3,16597,3,816,89,False,89.4931452301041,0.9412468589206653,0.9842958143026966,0.9622901183594825,15732,251,982,21,9,0
hybrid,mixed,Homo_sapiens,Varecia_variegata,8,2,905,456,4,16597,4,818,87,False,90.07112375533428,0.9418134221799144,0.9901795208606993,0.9653910657112365,15830,157,978,21,7,0
